CustomerID,Gender,Age,SeniorCitizen,TenureMonths,MonthlyCharges,TotalCharges,ContractType,InternetService,PaymentMethod,SupportTickets,SatisfactionScore,Churn
CUST100000,Female,61,1,51,89,4450.58,Month-to-month,Fiber,UPI,4,2,1
CUST100001,Male,23,0,14,123,1797.51,Month-to-month,DSL,UPI,3,4,0
CUST100002,Female,59,0,71,72,5109.13,One year,None,Credit Card,0,3,0
CUST100003,Male,42,0,60,191,11513.12,Two year,Fiber,Bank Transfer,1,5,0
CUST100004,Male,72,1,20,138,2716.03,Month-to-month,DSL,Bank Transfer,1,2,0
CUST100005,Male,74,1,23,93,2113.85,Two year,Fiber,Cash,1,3,0
CUST100006,Male,38,0,2,73,175.38,Month-to-month,DSL,Credit Card,3,2,0
CUST100007,Female,72,1,21,39,893.64,One year,DSL,UPI,3,3,0
CUST100008,Male,33,0,52,98,5105.29,Month-to-month,None,Bank Transfer,3,4,0
CUST100009,Female,48,0,1,50,8.66,Month-to-month,DSL,Credit Card,2,5,0
CUST100010,Male,31,0,29,154,4509.69,Two year,None,UPI,2,3,0
CUST100011,Female,56,0,37,77,2795.44,Month-to-month,Fiber,UPI,3,1,0
CUST100012,Female,45,0,1,124,189.1,Two year,None,UPI,1,2,0
CUST100013,Female,49,0,63,29,1880.09,Month-to-month,Fiber,UPI,3,3,0
CUST100014,Male,45,0,59,29,1673.09,Month-to-month,DSL,UPI,2,5,0
CUST100015,Male,68,1,20,58,1153.77,One year,Fiber,Cash,5,5,0
CUST100016,Female,72,1,32,175,5574.45,Month-to-month,DSL,UPI,2,5,0
CUST100017,Male,66,1,57,177,10108.01,Month-to-month,Fiber,Cash,2,3,0
CUST100018,Female,26,0,21,56,1199.47,Month-to-month,Fiber,UPI,1,3,0
CUST100019,Male,75,1,48,138,6538.25,Two year,Fiber,UPI,2,4,0
CUST100020,Male,62,1,58,86,5013.93,One year,Fiber,UPI,4,1,0
CUST100021,Male,39,0,41,62,2537.1,Month-to-month,Fiber,UPI,1,3,1
CUST100022,Female,49,0,59,71,4128.08,Month-to-month,Fiber,Cash,1,4,0
CUST100023,Female,22,0,14,120,1710.5,Month-to-month,Fiber,Credit Card,1,2,0
CUST100024,Male,40,0,61,75,4654.21,Month-to-month,Fiber,Bank Transfer,3,1,0
CUST100025,Female,22,0,61,95,5800.52,Two year,Fiber,Cash,0,5,0
CUST100026,Male,59,0,46,87,4071.87,One year,Fiber,Cash,3,1,0
CUST100027,Female,70,1,61,156,9557.05,Month-to-month,Fiber,Cash,0,2,0
CUST100028,Female,49,0,50,125,6291.62,Month-to-month,None,Credit Card,1,3,0
CUST100029,Female,27,0,54,144,7799.25,Two year,DSL,Bank Transfer,0,3,0
CUST100030,Male,56,0,63,111,6981.94,Month-to-month,DSL,Credit Card,0,4,1
CUST100031,Female,75,1,2,42,46.9,Two year,Fiber,Bank Transfer,0,3,0
CUST100032,Male,32,0,50,128,6553.75,Month-to-month,DSL,Bank Transfer,1,3,0
CUST100033,Male,24,0,6,80,488.63,One year,Fiber,Bank Transfer,2,1,0
CUST100034,Male,46,0,20,187,3747.69,One year,Fiber,Credit Card,1,2,0
CUST100035,Female,64,1,72,63,4590.32,One year,DSL,Bank Transfer,3,5,0
CUST100036,Female,20,0,38,171,6403.32,One year,None,UPI,2,5,0
CUST100037,Male,36,0,17,198,3394.79,Month-to-month,None,Cash,4,4,0
CUST100038,Female,27,0,3,180,607.39,Month-to-month,DSL,Bank Transfer,0,2,1
CUST100039,Male,45,0,59,35,2131.11,Two year,Fiber,Cash,3,1,0
CUST100040,Male,46,0,13,41,561.66,Month-to-month,DSL,Credit Card,4,5,0
CUST100041,Male,32,0,8,76,557.69,Two year,Fiber,Credit Card,1,4,0
CUST100042,Female,52,0,52,81,4256.94,One year,Fiber,UPI,4,3,1
CUST100043,Female,23,0,1,126,70.46,Month-to-month,Fiber,Bank Transfer,2,3,1
CUST100044,Female,29,0,59,90,5385.36,Two year,DSL,Cash,0,1,0
CUST100045,Male,64,1,70,109,7669.07,One year,Fiber,Cash,1,5,0
CUST100046,Female,55,0,43,91,3894.08,Month-to-month,Fiber,Cash,1,3,0
CUST100047,Male,30,0,7,89,676.97,Month-to-month,DSL,Credit Card,2,4,0
CUST100048,Male,46,0,46,49,2246.28,Two year,Fiber,Bank Transfer,2,4,0
CUST100049,Female,36,0,34,122,4152.99,One year,None,UPI,3,5,0
CUST100050,Female,20,0,35,170,5986.07,One year,Fiber,UPI,2,1,0
CUST100051,Male,25,0,49,51,2496.39,One year,Fiber,Credit Card,3,4,0
CUST100052,Male,25,0,3,105,303.95,Month-to-month,Fiber,Bank Transfer,1,2,1
CUST100053,Female,72,1,1,76,44.74,Two year,Fiber,UPI,1,4,0
CUST100054,Female,75,1,5,128,687.22,Month-to-month,DSL,UPI,3,1,1
CUST100055,Male,37,0,53,28,1486.17,Month-to-month,Fiber,Credit Card,1,4,0
CUST100056,Female,64,1,3,50,202.5,Month-to-month,Fiber,Cash,3,3,0
CUST100057,Female,21,0,53,90,4741.38,Month-to-month,Fiber,UPI,1,1,1
CUST100058,Male,68,1,62,156,9623.3,Month-to-month,DSL,Credit Card,2,3,0
CUST100059,Female,38,0,17,32,599.07,Month-to-month,DSL,UPI,1,3,0
CUST100060,Male,20,0,43,150,6396.4,Month-to-month,Fiber,UPI,2,5,0
CUST100061,Female,62,1,33,54,1754.38,Month-to-month,DSL,Credit Card,4,1,1
CUST100062,Male,25,0,61,40,2469.51,One year,Fiber,Credit Card,2,3,0
CUST100063,Male,40,0,13,83,1169.24,Month-to-month,DSL,Bank Transfer,2,5,0
CUST100064,Female,33,0,47,114,5376.41,Month-to-month,Fiber,UPI,3,5,0
CUST100065,Female,30,0,14,199,2733.1,One year,None,Cash,3,3,0
CUST100066,Female,20,0,71,53,3717.75,Month-to-month,Fiber,Cash,1,3,0
CUST100067,Female,65,1,61,140,8539.85,Month-to-month,DSL,Bank Transfer,2,2,0
CUST100068,Male,26,0,39,182,7130.07,Two year,DSL,Bank Transfer,1,1,0
CUST100069,Female,31,0,52,34,1720.7,Month-to-month,None,Credit Card,3,5,0
CUST100070,Female,30,0,23,139,3152.26,Month-to-month,Fiber,Cash,3,1,0
CUST100071,Male,70,1,25,115,2872.03,One year,DSL,UPI,1,5,0
CUST100072,Male,74,1,59,25,1510.49,One year,Fiber,Credit Card,3,4,0
CUST100073,Male,24,0,40,128,5055.47,Two year,DSL,UPI,1,4,0
CUST100074,Female,32,0,28,116,3129.8,Month-to-month,Fiber,Cash,2,5,1
CUST100075,Male,24,0,14,51,709.22,One year,DSL,Credit Card,3,2,0
CUST100076,Female,55,0,44,199,8891.99,One year,None,UPI,3,4,0
CUST100077,Male,51,0,64,102,6504.83,Month-to-month,Fiber,Bank Transfer,3,1,0
CUST100078,Female,58,0,70,175,12308.99,Month-to-month,DSL,UPI,0,3,0
CUST100079,Male,39,0,8,137,1044.84,One year,Fiber,UPI,0,1,0
CUST100080,Male,41,0,0,98,6.17,Month-to-month,DSL,Credit Card,5,1,0
CUST100081,Female,66,1,7,97,733.62,Month-to-month,DSL,Cash,0,1,0
CUST100082,Female,54,0,62,166,10285.44,Month-to-month,Fiber,UPI,1,5,0
CUST100083,Female,61,1,10,126,1200.23,Month-to-month,Fiber,UPI,0,5,1
CUST100084,Male,18,0,7,145,1018.08,Month-to-month,DSL,UPI,3,1,1
CUST100085,Female,27,0,34,34,1197.01,Month-to-month,Fiber,UPI,1,3,0
CUST100086,Male,60,1,34,153,5300.71,Month-to-month,Fiber,Bank Transfer,3,2,0
CUST100087,Female,33,0,32,92,2877.24,Two year,Fiber,Cash,1,2,0
CUST100088,Female,63,1,4,120,497.31,Month-to-month,DSL,Cash,7,4,1
CUST100089,Male,25,0,40,117,4637.71,Month-to-month,DSL,Credit Card,3,4,0
CUST100090,Male,73,1,27,185,5003.12,Two year,DSL,UPI,2,3,0
CUST100091,Female,66,1,6,45,227.09,Two year,DSL,Credit Card,1,1,0
CUST100092,Male,42,0,72,111,7958.56,Month-to-month,Fiber,Bank Transfer,2,5,0
CUST100093,Female,67,1,71,144,10305.01,Month-to-month,None,Bank Transfer,2,4,1
CUST100094,Female,29,0,11,198,2181.32,One year,DSL,UPI,4,1,0
CUST100095,Female,42,0,33,92,2971.5,Two year,Fiber,Credit Card,1,2,1
CUST100096,Female,34,0,32,142,4535.64,Month-to-month,DSL,Credit Card,5,3,0
CUST100097,Female,43,0,47,72,3417.0,Month-to-month,DSL,Cash,1,5,0
CUST100098,Female,63,1,22,97,2144.59,Two year,Fiber,Credit Card,2,5,0
CUST100099,Female,65,1,61,111,6794.33,Month-to-month,Fiber,Bank Transfer,1,4,1
CUST100100,Female,31,0,36,107,3947.32,One year,Fiber,Bank Transfer,2,1,0
CUST100101,Female,58,0,43,32,1424.67,One year,Fiber,UPI,2,5,0
CUST100102,Female,53,0,34,62,2177.86,Month-to-month,DSL,Credit Card,0,2,0
CUST100103,Female,74,1,64,95,6099.37,Month-to-month,Fiber,Credit Card,4,2,0
CUST100104,Male,40,0,46,70,3263.8,One year,Fiber,Bank Transfer,2,3,1
CUST100105,Male,60,1,2,38,41.54,One year,Fiber,UPI,3,3,0
CUST100106,Female,23,0,0,168,37.29,Two year,None,Cash,0,2,1
CUST100107,Female,64,1,4,141,642.03,One year,DSL,Cash,2,2,0
CUST100108,Female,22,0,13,43,569.99,Month-to-month,Fiber,UPI,1,1,0
CUST100109,Female,60,1,26,45,1149.13,One year,DSL,UPI,3,5,1
CUST100110,Male,42,0,8,192,1602.75,Month-to-month,Fiber,Cash,1,1,1
CUST100111,Male,35,0,14,175,2410.47,One year,Fiber,Bank Transfer,7,3,1
CUST100112,Male,30,0,41,139,5813.55,Month-to-month,DSL,Credit Card,2,3,0
CUST100113,Female,60,1,50,101,5066.76,One year,None,Cash,0,3,0
CUST100114,Male,31,0,62,119,7298.15,One year,DSL,UPI,3,5,0
CUST100115,Male,45,0,51,176,8998.55,One year,DSL,UPI,5,4,0
CUST100116,Male,35,0,3,36,178.67,Two year,Fiber,Credit Card,1,3,0
CUST100117,Male,74,1,22,87,1970.29,Month-to-month,DSL,UPI,1,3,0
CUST100118,Male,45,0,14,63,883.85,Month-to-month,DSL,Bank Transfer,1,1,0
CUST100119,Female,68,1,42,80,3367.57,Month-to-month,Fiber,UPI,2,1,0
CUST100120,Male,73,1,28,142,4032.16,Two year,Fiber,Credit Card,1,4,1
CUST100121,Male,44,0,35,112,3822.65,Month-to-month,None,Cash,4,4,0
CUST100122,Male,49,0,12,93,1088.31,Month-to-month,Fiber,Bank Transfer,2,4,0
CUST100123,Female,64,1,31,172,5296.76,Two year,Fiber,UPI,3,4,0
CUST100124,Male,26,0,70,86,6062.27,Two year,None,Credit Card,2,1,0
CUST100125,Male,57,0,58,130,7496.2,Two year,Fiber,Cash,0,3,0
CUST100126,Female,49,0,27,21,531.77,Month-to-month,DSL,Cash,1,1,0
CUST100127,Female,37,0,65,108,6997.53,Two year,Fiber,Credit Card,5,2,1
CUST100128,Male,45,0,41,196,7994.77,Month-to-month,DSL,Cash,4,2,0
CUST100129,Male,50,0,44,45,2033.47,One year,DSL,Cash,1,3,0
CUST100130,Male,21,0,61,118,7174.7,Month-to-month,Fiber,Cash,3,4,0
CUST100131,Female,63,1,56,46,2603.41,One year,None,Cash,2,3,0
CUST100132,Female,74,1,5,108,513.92,Month-to-month,Fiber,Credit Card,3,2,1
CUST100133,Male,51,0,27,165,4454.56,Month-to-month,DSL,Credit Card,1,3,0
CUST100134,Male,65,1,27,20,530.74,One year,Fiber,UPI,1,4,0
CUST100135,Male,20,0,43,122,5152.37,Month-to-month,DSL,UPI,1,1,0
CUST100136,Male,43,0,29,150,4291.12,Month-to-month,DSL,Bank Transfer,1,4,0
CUST100137,Male,25,0,61,60,3597.96,Month-to-month,Fiber,Cash,2,1,0
CUST100138,Male,23,0,61,184,11278.61,One year,DSL,Cash,2,2,0
CUST100139,Male,33,0,0,70,64.4,Month-to-month,DSL,Bank Transfer,0,5,0
CUST100140,Male,41,0,26,34,859.37,One year,Fiber,Credit Card,1,3,0
CUST100141,Female,65,1,61,27,1669.4,One year,Fiber,Credit Card,0,5,0
CUST100142,Male,56,0,2,57,79.15,One year,DSL,Bank Transfer,2,4,0
CUST100143,Male,47,0,69,133,9191.26,Month-to-month,Fiber,UPI,0,1,0
CUST100144,Female,62,1,71,102,7224.28,One year,DSL,UPI,3,4,0
CUST100145,Female,30,0,26,75,1924.27,Month-to-month,None,Cash,2,4,0
CUST100146,Female,22,0,8,194,1582.08,Month-to-month,DSL,UPI,2,2,1
CUST100147,Male,42,0,61,122,7458.08,One year,None,Credit Card,4,4,0
CUST100148,Male,37,0,36,157,5614.52,Two year,Fiber,Bank Transfer,2,3,0
CUST100149,Male,71,1,50,121,6135.77,Month-to-month,Fiber,Bank Transfer,1,2,0
CUST100150,Female,35,0,43,97,4263.24,Month-to-month,DSL,Bank Transfer,0,5,0
CUST100151,Male,64,1,23,196,4513.94,Two year,Fiber,UPI,1,4,0
CUST100152,Male,35,0,58,188,10934.34,Two year,DSL,Bank Transfer,1,5,0
CUST100153,Male,19,0,31,102,3278.62,Month-to-month,DSL,Bank Transfer,2,3,0
CUST100154,Male,27,0,51,49,2529.16,Month-to-month,DSL,UPI,1,3,0
CUST100155,Female,72,1,61,24,1396.13,Month-to-month,Fiber,Credit Card,4,3,1
CUST100156,Male,62,1,57,138,7868.16,One year,DSL,Cash,1,5,1
CUST100157,Male,67,1,51,50,2532.72,Month-to-month,None,Credit Card,2,5,0
CUST100158,Male,64,1,11,199,2166.86,One year,DSL,UPI,0,1,0
CUST100159,Male,29,0,38,42,1618.17,Two year,Fiber,Bank Transfer,1,2,0
CUST100160,Female,64,1,1,67,42.94,Two year,DSL,Cash,2,4,0
CUST100161,Male,30,0,2,128,297.73,Two year,DSL,Credit Card,2,2,0
CUST100162,Female,67,1,55,59,3213.73,Month-to-month,DSL,Cash,5,3,0
CUST100163,Male,64,1,58,25,1395.08,Month-to-month,None,Credit Card,3,4,1
CUST100164,Male,74,1,1,57,120.41,One year,DSL,Credit Card,0,1,0
CUST100165,Female,72,1,1,188,174.42,Month-to-month,Fiber,UPI,1,2,1
CUST100166,Female,28,0,53,119,6346.87,Month-to-month,DSL,Credit Card,0,3,0
CUST100167,Male,36,0,0,46,-47.08,Month-to-month,Fiber,Bank Transfer,2,4,0
CUST100168,Female,52,0,18,88,1574.85,Two year,DSL,UPI,2,4,0
CUST100169,Male,56,0,1,76,108.59,Two year,DSL,Cash,5,3,0
CUST100170,Male,70,1,52,36,1833.26,Month-to-month,Fiber,UPI,2,5,0
CUST100171,Female,43,0,43,90,3893.0,Month-to-month,DSL,Credit Card,2,2,0
CUST100172,Male,63,1,31,66,2105.74,One year,Fiber,Cash,3,4,0
CUST100173,Male,31,0,69,98,6779.82,Two year,DSL,Bank Transfer,5,5,0
CUST100174,Female,71,1,31,129,3972.09,Month-to-month,Fiber,UPI,5,1,0
CUST100175,Female,62,1,67,32,2113.02,Two year,Fiber,Credit Card,2,4,0
CUST100176,Male,61,1,54,158,8494.12,One year,DSL,Cash,1,4,0
CUST100177,Male,41,0,55,143,7821.04,Two year,Fiber,Bank Transfer,0,1,0
CUST100178,Male,58,0,16,128,2089.44,One year,DSL,Bank Transfer,1,1,0
CUST100179,Female,18,0,37,109,3986.4,Two year,Fiber,UPI,1,4,0
CUST100180,Male,68,1,23,105,2400.32,Two year,Fiber,Cash,1,3,1
CUST100181,Male,60,1,68,111,7556.85,Month-to-month,None,Credit Card,2,1,0
CUST100182,Female,72,1,69,43,2948.39,Month-to-month,DSL,Cash,2,5,0
CUST100183,Male,39,0,10,92,885.72,Two year,Fiber,Bank Transfer,1,1,0
CUST100184,Female,40,0,15,23,404.74,Month-to-month,DSL,Cash,1,4,0
CUST100185,Female,73,1,72,132,9473.37,Month-to-month,Fiber,UPI,1,4,0
CUST100186,Male,71,1,58,65,3778.88,Two year,Fiber,Cash,2,2,0
CUST100187,Female,36,0,69,37,2527.07,Two year,DSL,Cash,2,5,0
CUST100188,Male,35,0,2,62,95.22,Month-to-month,Fiber,UPI,1,2,0
CUST100189,Male,29,0,19,180,3353.52,Month-to-month,Fiber,Cash,3,1,0
CUST100190,Female,72,1,58,112,6496.78,Month-to-month,Fiber,UPI,2,2,0
CUST100191,Female,45,0,35,122,4205.24,Month-to-month,DSL,UPI,1,4,0
CUST100192,Female,45,0,18,143,2588.46,Two year,DSL,UPI,1,3,0
CUST100193,Male,50,0,66,29,1899.29,One year,DSL,Bank Transfer,1,1,0
CUST100194,Male,36,0,18,92,1608.14,Two year,DSL,Cash,3,4,0
CUST100195,Female,45,0,19,50,893.19,Month-to-month,DSL,UPI,1,1,0
CUST100196,Male,69,1,70,175,12134.94,Month-to-month,Fiber,Credit Card,5,2,1
CUST100197,Female,66,1,51,79,4061.66,Two year,Fiber,Credit Card,1,2,0
CUST100198,Male,54,0,32,150,4797.31,Month-to-month,DSL,Bank Transfer,3,1,0
CUST100199,Male,43,0,39,137,5350.87,Month-to-month,Fiber,UPI,5,1,1
CUST100200,Male,52,0,38,33,1278.82,Two year,None,UPI,1,2,0
CUST100201,Male,51,0,0,162,79.06,Two year,DSL,Bank Transfer,0,1,0
CUST100202,Female,52,0,10,21,162.11,Month-to-month,DSL,Cash,3,2,1
CUST100203,Male,57,0,56,43,2376.96,One year,Fiber,UPI,2,1,0
CUST100204,Female,33,0,49,83,4093.37,Month-to-month,DSL,UPI,0,3,0
CUST100205,Male,55,0,22,119,2654.77,Two year,Fiber,Credit Card,0,1,0
CUST100206,Male,30,0,30,133,3993.06,Two year,DSL,UPI,2,1,0
CUST100207,Female,40,0,41,43,1661.52,Month-to-month,DSL,Bank Transfer,1,4,0
CUST100208,Male,71,1,6,174,932.68,Month-to-month,DSL,Credit Card,2,3,1
CUST100209,Female,39,0,15,184,2756.09,Two year,DSL,Bank Transfer,2,2,0
CUST100210,Male,33,0,59,110,6544.25,Month-to-month,DSL,Bank Transfer,2,2,0
CUST100211,Male,45,0,1,186,257.81,Two year,DSL,UPI,3,5,0
CUST100212,Male,65,1,0,45,-85.4,Two year,DSL,Cash,2,3,1
CUST100213,Female,52,0,47,84,3971.27,Two year,Fiber,UPI,1,3,0
CUST100214,Male,62,1,11,139,1551.18,One year,DSL,Cash,2,1,0
CUST100215,Female,63,1,68,23,1537.44,Month-to-month,Fiber,Credit Card,2,4,0
CUST100216,Male,25,0,36,176,6343.04,Month-to-month,DSL,Bank Transfer,2,2,0
CUST100217,Female,61,1,31,20,607.85,One year,DSL,Bank Transfer,4,2,0
CUST100218,Female,72,1,8,69,494.7,Month-to-month,DSL,UPI,4,4,0
CUST100219,Female,72,1,18,129,2290.83,One year,Fiber,Cash,0,4,1
CUST100220,Female,39,0,47,158,7526.87,Month-to-month,Fiber,Bank Transfer,3,3,0
CUST100221,Male,38,0,2,93,200.46,Month-to-month,DSL,Bank Transfer,1,4,0
CUST100222,Female,43,0,19,81,1478.42,Month-to-month,DSL,Cash,3,4,0
CUST100223,Female,57,0,23,100,2243.76,Two year,None,Bank Transfer,3,1,0
CUST100224,Male,38,0,53,183,9776.86,Month-to-month,Fiber,Bank Transfer,2,3,0
CUST100225,Female,42,0,32,75,2375.53,Month-to-month,DSL,Bank Transfer,2,5,0
CUST100226,Male,58,0,23,130,2971.31,Month-to-month,Fiber,Cash,1,5,1
CUST100227,Male,18,0,71,40,2879.63,Month-to-month,Fiber,Cash,2,2,0
CUST100228,Male,23,0,35,160,5582.99,Two year,DSL,Credit Card,0,4,0
CUST100229,Male,40,0,37,28,1009.41,One year,Fiber,Bank Transfer,1,1,0
CUST100230,Female,68,1,24,158,3803.1,Month-to-month,Fiber,Bank Transfer,2,4,0
CUST100231,Male,40,0,17,89,1477.59,Month-to-month,Fiber,Credit Card,1,2,1
CUST100232,Female,60,1,65,148,9596.59,Two year,Fiber,Cash,2,4,1
CUST100233,Male,60,1,53,137,7340.68,One year,Fiber,Cash,2,5,0
CUST100234,Female,40,0,34,75,2508.84,Month-to-month,DSL,UPI,1,3,0
CUST100235,Male,49,0,60,50,2987.55,Month-to-month,DSL,Cash,0,4,0
CUST100236,Female,47,0,40,56,2346.84,Month-to-month,Fiber,UPI,2,5,0
CUST100237,Male,30,0,32,194,6032.63,Month-to-month,DSL,Credit Card,3,5,1
CUST100238,Female,60,1,67,110,7464.96,Two year,Fiber,Cash,3,2,0
CUST100239,Female,35,0,32,133,4282.33,Month-to-month,DSL,Credit Card,1,3,0
CUST100240,Female,40,0,13,147,1934.32,Two year,DSL,UPI,2,2,0
CUST100241,Male,32,0,20,194,3902.55,Month-to-month,Fiber,Bank Transfer,3,1,0
CUST100242,Female,50,0,47,141,6605.46,Month-to-month,None,Bank Transfer,1,3,0
CUST100243,Female,38,0,19,88,1621.76,Two year,Fiber,Credit Card,2,1,0
CUST100244,Female,74,1,7,55,383.69,Month-to-month,Fiber,Bank Transfer,1,3,1
CUST100245,Male,56,0,6,51,300.36,One year,Fiber,Credit Card,4,5,0
CUST100246,Male,40,0,66,83,5489.33,Two year,Fiber,UPI,2,1,0
CUST100247,Female,44,0,16,189,3008.81,Two year,DSL,Bank Transfer,5,3,0
CUST100248,Female,62,1,32,67,2186.04,Month-to-month,Fiber,UPI,2,3,0
CUST100249,Female,61,1,47,100,4740.85,Month-to-month,Fiber,Cash,4,1,0
CUST100250,Female,35,0,58,177,10193.61,Month-to-month,DSL,Bank Transfer,3,3,0
CUST100251,Female,41,0,21,168,3443.25,Month-to-month,DSL,Bank Transfer,0,2,0
CUST100252,Male,68,1,29,79,2252.09,Month-to-month,Fiber,Bank Transfer,3,2,0
CUST100253,Male,64,1,37,160,5853.4,Month-to-month,DSL,Credit Card,1,1,0
CUST100254,Male,57,0,50,20,1053.26,Month-to-month,DSL,Cash,3,5,0
CUST100255,Male,68,1,53,84,4419.67,Month-to-month,DSL,Cash,2,4,0
CUST100256,Male,59,0,7,52,390.02,Two year,DSL,Cash,1,1,1
CUST100257,Male,24,0,26,57,1475.2,One year,Fiber,UPI,0,1,0
CUST100258,Female,67,1,26,44,1189.41,Month-to-month,Fiber,Cash,1,1,0
CUST100259,Male,65,1,20,173,3438.21,Two year,Fiber,Credit Card,1,1,0
CUST100260,Female,37,0,29,78,2183.62,Month-to-month,Fiber,Credit Card,4,2,0
CUST100261,Male,44,0,27,180,4825.34,Month-to-month,Fiber,UPI,1,1,0
CUST100262,Female,23,0,63,120,7422.26,Month-to-month,Fiber,UPI,2,5,0
CUST100263,Female,44,0,68,146,9852.56,Two year,DSL,Cash,3,4,0
CUST100264,Female,26,0,60,60,3617.0,Month-to-month,Fiber,Cash,3,4,1
CUST100265,Female,70,1,47,177,8328.71,Month-to-month,Fiber,Credit Card,1,5,0
CUST100266,Male,62,1,18,76,1339.45,Two year,None,Credit Card,2,1,0
CUST100267,Male,74,1,3,196,579.43,Month-to-month,Fiber,Cash,4,4,1
CUST100268,Female,48,0,34,67,2198.34,Two year,DSL,Credit Card,5,2,0
CUST100269,Female,38,0,63,91,5766.79,Month-to-month,DSL,UPI,1,4,0
CUST100270,Female,43,0,48,196,9397.75,Two year,Fiber,Credit Card,2,5,0
CUST100271,Female,57,0,16,194,3130.37,One year,DSL,Cash,3,4,0
CUST100272,Male,65,1,43,75,3248.47,Two year,DSL,UPI,2,5,1
CUST100273,Male,62,1,29,84,2450.17,Two year,DSL,Credit Card,2,1,0
CUST100274,Female,30,0,45,31,1347.62,Two year,DSL,UPI,3,4,0
CUST100275,Female,66,1,5,88,453.89,Month-to-month,Fiber,Cash,2,5,0
CUST100276,Female,40,0,36,153,5529.88,Two year,Fiber,Credit Card,0,2,0
CUST100277,Female,37,0,23,108,2450.37,One year,None,Cash,4,2,0
CUST100278,Female,54,0,45,44,1995.91,Month-to-month,DSL,Bank Transfer,1,3,0
CUST100279,Female,71,1,52,20,967.43,Two year,DSL,Cash,0,4,0
CUST100280,Male,70,1,59,179,10588.45,Month-to-month,Fiber,Bank Transfer,3,1,0
CUST100281,Female,45,0,62,150,9315.35,Month-to-month,DSL,UPI,3,3,0
CUST100282,Female,34,0,31,68,2182.55,Month-to-month,None,UPI,2,4,0
CUST100283,Female,45,0,32,166,5408.15,One year,DSL,Bank Transfer,3,2,0
CUST100284,Female,58,0,66,79,5201.31,One year,None,UPI,1,1,0
CUST100285,Female,19,0,17,176,3017.53,One year,Fiber,UPI,1,2,0
CUST100286,Female,42,0,24,197,4745.29,Month-to-month,Fiber,Cash,2,4,0
CUST100287,Female,75,1,53,21,1099.26,One year,Fiber,Bank Transfer,3,1,0
CUST100288,Male,67,1,57,92,5155.23,Two year,None,Credit Card,4,1,1
CUST100289,Female,58,0,66,164,10767.22,Month-to-month,Fiber,UPI,2,3,0
CUST100290,Male,23,0,45,129,5778.32,One year,Fiber,UPI,4,1,0
CUST100291,Female,28,0,23,183,4222.47,Month-to-month,Fiber,Credit Card,1,4,0
CUST100292,Male,74,1,31,80,2549.09,Month-to-month,Fiber,Cash,0,5,0
CUST100293,Male,55,0,46,36,1650.89,One year,Fiber,Cash,3,5,0
CUST100294,Male,23,0,22,68,1548.02,Month-to-month,DSL,Cash,6,1,0
CUST100295,Male,62,1,65,95,6247.44,One year,DSL,Credit Card,3,5,0
CUST100296,Female,28,0,26,167,4313.36,One year,DSL,Cash,3,4,0
CUST100297,Male,31,0,1,197,126.83,Month-to-month,DSL,UPI,3,3,1
CUST100298,Female,19,0,16,150,2401.87,Month-to-month,Fiber,Cash,4,2,0
CUST100299,Female,57,0,32,62,1917.08,Two year,DSL,UPI,2,2,1
CUST100300,Female,20,0,8,76,698.87,Month-to-month,Fiber,Credit Card,1,4,0
CUST100301,Female,72,1,42,69,2956.3,One year,Fiber,Cash,5,3,0
CUST100302,Male,70,1,47,197,9329.45,Two year,Fiber,Cash,3,4,0
CUST100303,Female,52,0,38,56,2041.51,Two year,Fiber,UPI,3,1,0
CUST100304,Male,50,0,41,65,2646.82,One year,DSL,Credit Card,0,3,0
CUST100305,Male,41,0,25,189,4727.66,Month-to-month,None,Cash,0,5,0
CUST100306,Female,36,0,49,34,1686.09,Month-to-month,DSL,Credit Card,2,1,0
CUST100307,Female,35,0,24,180,4301.95,Month-to-month,Fiber,UPI,2,5,0
CUST100308,Male,66,1,23,99,2147.15,One year,DSL,UPI,2,1,0
CUST100309,Male,69,1,12,158,1919.12,Month-to-month,DSL,Cash,0,1,0
CUST100310,Male,41,0,59,167,9941.34,Two year,Fiber,Credit Card,0,1,0
CUST100311,Female,62,1,6,43,358.5,One year,Fiber,UPI,2,1,0
CUST100312,Male,52,0,56,144,8050.72,Month-to-month,DSL,Credit Card,0,3,0
CUST100313,Female,18,0,35,137,4798.93,Month-to-month,Fiber,Bank Transfer,0,3,1
CUST100314,Male,53,0,44,99,4305.69,One year,Fiber,Bank Transfer,5,1,0
CUST100315,Male,42,0,19,113,2150.97,Month-to-month,DSL,Cash,1,4,1
CUST100316,Female,62,1,64,84,5354.56,One year,Fiber,Credit Card,2,1,0
CUST100317,Male,66,1,7,107,723.08,Two year,Fiber,Credit Card,1,1,0
CUST100318,Female,60,1,15,107,1530.18,Two year,Fiber,UPI,0,4,1
CUST100319,Male,51,0,13,164,2209.05,One year,Fiber,Credit Card,0,4,1
CUST100320,Female,42,0,14,145,2017.83,Two year,Fiber,Credit Card,0,1,1
CUST100321,Female,33,0,65,108,6996.08,One year,Fiber,UPI,0,2,0
CUST100322,Female,51,0,31,80,2491.22,Month-to-month,DSL,Cash,2,2,0
CUST100323,Male,46,0,62,34,2079.06,One year,Fiber,UPI,4,4,1
CUST100324,Female,36,0,50,113,5545.14,Month-to-month,None,Bank Transfer,0,1,0
CUST100325,Female,40,0,24,70,1745.28,Month-to-month,DSL,Credit Card,1,5,0
CUST100326,Male,36,0,57,46,2623.72,One year,DSL,Credit Card,3,5,0
CUST100327,Female,42,0,62,93,5805.37,Two year,Fiber,Cash,1,1,0
CUST100328,Female,33,0,61,80,4889.68,One year,DSL,Bank Transfer,2,1,0
CUST100329,Male,71,1,21,50,1097.44,Month-to-month,Fiber,Credit Card,1,1,0
CUST100330,Male,68,1,57,31,1802.1,Month-to-month,DSL,UPI,4,5,0
CUST100331,Female,26,0,57,65,3594.1,Month-to-month,Fiber,Credit Card,3,5,0
CUST100332,Male,18,0,48,178,8566.42,Month-to-month,DSL,Cash,1,4,0
CUST100333,Male,59,0,51,51,2556.35,Two year,DSL,UPI,2,3,0
CUST100334,Female,36,0,41,179,7294.12,Month-to-month,Fiber,Credit Card,1,4,0
CUST100335,Male,50,0,69,200,13715.51,Month-to-month,Fiber,Cash,4,4,0
CUST100336,Male,51,0,14,80,1210.42,One year,DSL,Bank Transfer,0,2,0
CUST100337,Female,33,0,53,65,3438.18,Month-to-month,DSL,UPI,5,4,0
CUST100338,Male,61,1,59,104,6115.19,One year,DSL,UPI,2,4,0
CUST100339,Female,57,0,7,99,654.72,One year,DSL,Bank Transfer,3,4,0
CUST100340,Female,72,1,52,154,8125.36,One year,Fiber,UPI,3,4,0
CUST100341,Male,35,0,59,23,1407.66,Month-to-month,Fiber,Cash,1,3,0
CUST100342,Female,51,0,4,71,163.88,Month-to-month,DSL,Bank Transfer,2,2,0
CUST100343,Male,42,0,67,178,11994.2,Month-to-month,DSL,Credit Card,0,5,0
CUST100344,Female,62,1,5,131,609.06,One year,Fiber,Cash,1,1,1
CUST100345,Female,23,0,46,55,2562.87,Month-to-month,DSL,Bank Transfer,0,5,0
CUST100346,Male,38,0,54,73,3919.83,Month-to-month,Fiber,Credit Card,4,2,0
CUST100347,Male,75,1,39,138,5295.24,Two year,Fiber,Cash,4,4,0
CUST100348,Female,23,0,51,146,7420.24,Month-to-month,DSL,Cash,3,5,0
CUST100349,Female,49,0,15,36,552.06,Two year,DSL,UPI,1,4,0
CUST100350,Female,58,0,12,94,1140.87,Two year,DSL,UPI,4,3,0
CUST100351,Male,65,1,29,177,5115.49,Two year,Fiber,Bank Transfer,1,3,1
CUST100352,Male,60,1,18,124,2234.67,Two year,Fiber,Credit Card,5,2,0
CUST100353,Male,56,0,16,169,2710.61,Month-to-month,Fiber,Cash,0,5,1
CUST100354,Female,48,0,62,136,8477.63,One year,None,Cash,3,3,0
CUST100355,Male,59,0,18,62,1181.53,One year,Fiber,Bank Transfer,0,2,0
CUST100356,Male,27,0,57,131,7467.09,Month-to-month,Fiber,UPI,4,2,0
CUST100357,Male,47,0,54,134,7169.82,Month-to-month,DSL,Cash,1,2,0
CUST100358,Female,74,1,61,46,2838.01,Month-to-month,DSL,Cash,2,5,1
CUST100359,Male,69,1,22,56,1266.15,Month-to-month,DSL,UPI,2,5,0
CUST100360,Female,35,0,8,65,564.58,One year,Fiber,Credit Card,2,2,1
CUST100361,Male,41,0,11,132,1404.04,Two year,DSL,Credit Card,1,1,0
CUST100362,Male,69,1,0,54,40.33,Two year,Fiber,UPI,2,5,0
CUST100363,Male,26,0,57,151,8622.82,Month-to-month,Fiber,Cash,3,5,0
CUST100364,Male,48,0,0,99,28.99,Month-to-month,DSL,UPI,1,1,0
CUST100365,Female,32,0,33,99,3228.74,One year,Fiber,Credit Card,2,5,0
CUST100366,Female,21,0,47,173,8037.22,Month-to-month,DSL,Bank Transfer,4,5,0
CUST100367,Female,57,0,0,140,-68.14,Two year,Fiber,Bank Transfer,2,3,0
CUST100368,Male,26,0,15,166,2534.16,One year,Fiber,Credit Card,1,1,0
CUST100369,Female,62,1,60,141,8545.58,One year,Fiber,Credit Card,0,3,1
CUST100370,Female,26,0,63,100,6339.01,Month-to-month,DSL,Credit Card,2,1,0
CUST100371,Female,43,0,62,192,11842.73,Month-to-month,DSL,UPI,2,1,0
CUST100372,Female,21,0,68,173,11761.81,Month-to-month,Fiber,Bank Transfer,2,1,0
CUST100373,Male,34,0,21,169,3563.6,Month-to-month,DSL,Credit Card,2,5,0
CUST100374,Male,33,0,66,138,9110.22,Two year,None,Cash,0,2,0
CUST100375,Female,32,0,25,77,1932.94,Month-to-month,DSL,Bank Transfer,3,4,0
CUST100376,Female,52,0,15,82,1176.79,Month-to-month,None,UPI,1,2,1
CUST100377,Male,74,1,50,175,8675.46,One year,None,Cash,3,5,0
CUST100378,Female,69,1,56,191,10646.91,Month-to-month,DSL,UPI,5,5,0
CUST100379,Female,22,0,28,119,3269.77,Two year,DSL,Credit Card,4,4,0
CUST100380,Female,72,1,68,190,12925.71,Month-to-month,Fiber,Credit Card,2,5,0
CUST100381,Male,22,0,46,184,8475.57,Two year,DSL,Credit Card,2,1,0
CUST100382,Male,37,0,61,85,5116.19,Two year,Fiber,Cash,5,3,0
CUST100383,Male,32,0,68,164,11147.79,Two year,DSL,Credit Card,0,3,0
CUST100384,Female,35,0,15,187,2897.27,Month-to-month,DSL,Bank Transfer,2,1,0
CUST100385,Female,64,1,47,185,8702.11,Month-to-month,DSL,Credit Card,4,2,0
CUST100386,Female,19,0,38,104,3930.46,Two year,DSL,Bank Transfer,6,3,0
CUST100387,Female,46,0,32,156,5035.38,Two year,Fiber,Cash,0,1,0
CUST100388,Male,30,0,22,163,3704.86,One year,None,UPI,2,2,0
CUST100389,Male,21,0,9,142,1288.38,Month-to-month,DSL,UPI,1,3,0
CUST100390,Male,59,0,68,21,1398.34,Month-to-month,Fiber,Bank Transfer,1,1,0
CUST100391,Male,62,1,33,125,4130.87,Two year,Fiber,Cash,3,3,1
CUST100392,Male,27,0,51,127,6546.16,Month-to-month,DSL,Bank Transfer,3,3,0
CUST100393,Female,48,0,9,91,815.28,Month-to-month,Fiber,Credit Card,4,3,0
CUST100394,Male,58,0,18,190,3421.67,Month-to-month,Fiber,Credit Card,2,4,1
CUST100395,Female,25,0,57,145,8335.9,One year,DSL,Credit Card,4,2,0
CUST100396,Female,20,0,0,189,5.65,Month-to-month,Fiber,UPI,4,3,1
CUST100397,Female,65,1,68,76,5254.01,Month-to-month,Fiber,Bank Transfer,4,1,0
CUST100398,Male,63,1,3,100,230.14,Month-to-month,DSL,Cash,3,4,0
CUST100399,Male,26,0,15,177,2677.89,Month-to-month,Fiber,Bank Transfer,3,5,0
CUST100400,Male,47,0,23,160,3778.75,One year,DSL,Bank Transfer,3,5,0
CUST100401,Male,70,1,1,38,160.98,Month-to-month,Fiber,Bank Transfer,1,2,0
CUST100402,Female,28,0,31,26,785.44,Month-to-month,Fiber,Credit Card,1,1,0
CUST100403,Male,52,0,23,156,3574.74,One year,DSL,Credit Card,3,4,0
CUST100404,Female,54,0,11,73,900.13,Month-to-month,Fiber,Bank Transfer,6,1,1
CUST100405,Female,59,0,49,123,6009.78,Month-to-month,Fiber,Credit Card,0,4,0
CUST100406,Female,30,0,34,105,3544.2,Two year,Fiber,UPI,2,4,0
CUST100407,Male,53,0,32,101,3207.19,Two year,DSL,Credit Card,2,5,1
CUST100408,Female,73,1,32,80,2515.87,Month-to-month,Fiber,UPI,0,2,1
CUST100409,Male,30,0,60,106,6306.64,Month-to-month,Fiber,UPI,7,2,1
CUST100410,Male,29,0,50,21,1040.6,Month-to-month,Fiber,Bank Transfer,3,1,0
CUST100411,Female,54,0,42,197,8192.6,Two year,Fiber,Bank Transfer,4,4,0
CUST100412,Female,27,0,11,50,519.89,One year,DSL,Credit Card,6,4,0
CUST100413,Male,73,1,66,52,3510.77,Month-to-month,DSL,Cash,2,3,0
CUST100414,Male,26,0,64,99,6380.51,Two year,Fiber,Bank Transfer,1,2,0
CUST100415,Female,69,1,32,30,932.04,Month-to-month,Fiber,UPI,2,4,0
CUST100416,Male,24,0,39,180,7033.16,Month-to-month,None,UPI,0,1,0
CUST100417,Male,19,0,42,147,6169.47,Month-to-month,DSL,Credit Card,1,5,1
CUST100418,Male,71,1,43,154,6584.51,Month-to-month,Fiber,UPI,1,5,0
CUST100419,Male,73,1,28,147,4000.99,Two year,Fiber,Bank Transfer,5,2,0
CUST100420,Female,40,0,12,50,555.54,One year,Fiber,Credit Card,2,2,0
CUST100421,Male,56,0,11,195,2129.98,Month-to-month,Fiber,Credit Card,2,3,1
CUST100422,Female,57,0,45,145,6650.14,Month-to-month,DSL,Cash,4,2,0
CUST100423,Male,56,0,1,66,97.44,One year,Fiber,Credit Card,1,4,0
CUST100424,Male,38,0,34,200,6795.22,Month-to-month,Fiber,Cash,4,4,1
CUST100425,Male,40,0,7,126,907.5,Month-to-month,DSL,Bank Transfer,0,4,1
CUST100426,Male,46,0,25,38,962.79,One year,Fiber,UPI,5,4,0
CUST100427,Male,31,0,33,100,3265.32,Month-to-month,Fiber,Bank Transfer,0,3,0
CUST100428,Female,43,0,6,142,849.28,Month-to-month,DSL,Credit Card,0,2,1
CUST100429,Male,68,1,67,153,10233.56,Month-to-month,DSL,Cash,2,2,0
CUST100430,Male,22,0,57,126,7106.41,Month-to-month,Fiber,UPI,2,2,0
CUST100431,Male,72,1,28,68,1876.14,One year,DSL,Credit Card,0,3,0
CUST100432,Female,48,0,35,92,3215.32,Month-to-month,DSL,Bank Transfer,2,3,0
CUST100433,Male,42,0,20,69,1402.51,One year,Fiber,Credit Card,5,4,0
CUST100434,Female,48,0,35,100,3501.86,Month-to-month,DSL,Cash,2,3,0
CUST100435,Male,67,1,9,114,1074.52,One year,Fiber,Bank Transfer,4,3,1
CUST100436,Female,37,0,72,31,2222.13,Month-to-month,DSL,Credit Card,1,1,0
CUST100437,Female,61,1,23,42,1031.08,One year,Fiber,Cash,2,4,0
CUST100438,Female,72,1,63,73,4609.3,One year,DSL,Credit Card,0,4,0
CUST100439,Female,34,0,48,137,6599.65,One year,DSL,Cash,1,1,0
CUST100440,Male,62,1,35,78,2744.6,One year,Fiber,Credit Card,1,2,0
CUST100441,Female,19,0,23,183,4185.39,Month-to-month,DSL,Bank Transfer,0,1,1
CUST100442,Male,42,0,22,22,516.91,Two year,Fiber,Bank Transfer,0,1,0
CUST100443,Female,30,0,61,77,4667.96,Two year,Fiber,Bank Transfer,3,1,0
CUST100444,Female,75,1,36,76,2688.66,One year,Fiber,Bank Transfer,2,3,0
CUST100445,Female,56,0,11,164,1817.83,Two year,DSL,Bank Transfer,1,1,0
CUST100446,Female,45,0,54,186,10040.95,Month-to-month,Fiber,UPI,4,5,0
CUST100447,Female,59,0,12,109,1269.4,Month-to-month,Fiber,Credit Card,2,1,1
CUST100448,Male,72,1,22,74,1633.16,One year,DSL,Bank Transfer,4,2,0
CUST100449,Female,23,0,29,64,1890.85,Two year,DSL,UPI,1,2,1
CUST100450,Male,20,0,16,20,310.56,Month-to-month,Fiber,UPI,3,2,0
CUST100451,Female,75,1,61,40,2520.1,One year,Fiber,Credit Card,0,1,1
CUST100452,Female,52,0,12,40,537.89,Two year,DSL,Cash,2,4,0
CUST100453,Female,35,0,58,71,4097.17,Two year,Fiber,Credit Card,3,2,0
CUST100454,Female,28,0,18,101,1761.06,Month-to-month,Fiber,Credit Card,0,1,0
CUST100455,Male,71,1,48,190,9114.18,Month-to-month,DSL,Cash,4,2,1
CUST100456,Female,37,0,11,199,2211.91,Month-to-month,Fiber,Cash,3,3,1
CUST100457,Male,22,0,60,86,5075.85,One year,DSL,Bank Transfer,4,3,0
CUST100458,Male,36,0,18,132,2291.01,Two year,Fiber,Cash,0,1,0
CUST100459,Male,39,0,8,63,442.02,One year,Fiber,Cash,0,2,0
CUST100460,Male,36,0,70,179,12587.42,Two year,Fiber,Credit Card,3,2,0
CUST100461,Male,64,1,27,29,854.08,One year,Fiber,Credit Card,4,5,0
CUST100462,Male,33,0,51,83,4180.33,One year,DSL,Credit Card,1,2,0
CUST100463,Female,41,0,15,88,1250.32,Month-to-month,Fiber,Cash,4,4,0
CUST100464,Male,58,0,68,87,5927.61,Month-to-month,DSL,UPI,2,3,0
CUST100465,Male,21,0,11,47,523.94,Month-to-month,Fiber,Bank Transfer,1,2,0
CUST100466,Male,32,0,24,200,4740.47,Month-to-month,Fiber,Credit Card,2,4,0
CUST100467,Male,42,0,51,135,6834.72,Month-to-month,Fiber,UPI,1,1,0
CUST100468,Male,61,1,52,70,3607.13,Month-to-month,Fiber,Bank Transfer,2,3,0
CUST100469,Male,72,1,22,200,4378.48,Month-to-month,Fiber,Credit Card,3,1,0
CUST100470,Female,52,0,15,23,360.26,Month-to-month,DSL,UPI,1,2,0
CUST100471,Female,72,1,56,98,5370.86,Month-to-month,DSL,Bank Transfer,2,1,0
CUST100472,Male,31,0,38,36,1463.31,One year,DSL,Credit Card,4,3,0
CUST100473,Male,66,1,52,127,6622.68,One year,Fiber,Credit Card,0,1,0
CUST100474,Female,36,0,41,93,3817.34,One year,Fiber,UPI,4,1,0
CUST100475,Male,55,0,57,194,11026.4,One year,Fiber,Cash,2,1,0
CUST100476,Female,53,0,38,42,1553.85,One year,Fiber,Cash,0,4,0
CUST100477,Female,24,0,13,37,441.41,Two year,Fiber,Credit Card,1,4,0
CUST100478,Female,47,0,4,148,567.54,Month-to-month,DSL,UPI,1,2,1
CUST100479,Male,36,0,34,54,1856.45,Month-to-month,Fiber,Cash,1,1,0
CUST100480,Female,66,1,17,83,1467.92,Month-to-month,DSL,Cash,3,4,0
CUST100481,Female,42,0,8,78,553.32,One year,Fiber,Cash,1,3,0
CUST100482,Male,33,0,57,20,1117.95,Month-to-month,Fiber,UPI,1,3,0
CUST100483,Male,64,1,16,150,2406.97,Month-to-month,Fiber,UPI,4,1,0
CUST100484,Female,71,1,6,86,526.52,Month-to-month,Fiber,Bank Transfer,1,2,0
CUST100485,Male,57,0,45,56,2491.07,One year,Fiber,Cash,2,4,0
CUST100486,Male,68,1,12,48,557.84,One year,Fiber,UPI,2,4,0
CUST100487,Female,25,0,39,108,4200.32,Month-to-month,DSL,Bank Transfer,0,4,0
CUST100488,Male,35,0,41,180,7320.54,Month-to-month,DSL,Credit Card,1,2,0
CUST100489,Female,45,0,8,119,905.59,Two year,None,Bank Transfer,3,5,0
CUST100490,Male,33,0,49,141,6814.83,One year,Fiber,Cash,3,4,0
CUST100491,Female,69,1,26,109,2889.11,Month-to-month,None,UPI,1,1,0
CUST100492,Male,36,0,65,151,9843.43,Two year,Fiber,Cash,1,4,0
CUST100493,Female,59,0,4,33,64.17,Month-to-month,Fiber,Cash,0,4,1
CUST100494,Male,34,0,28,180,4983.77,Month-to-month,Fiber,Credit Card,0,5,0
CUST100495,Female,62,1,36,169,6016.03,Month-to-month,DSL,UPI,2,1,0
CUST100496,Male,30,0,37,195,7167.8,Two year,DSL,UPI,8,1,0
CUST100497,Male,24,0,7,150,1062.17,Month-to-month,Fiber,Credit Card,2,1,0
CUST100498,Female,44,0,64,104,6799.62,Month-to-month,DSL,UPI,4,4,0
CUST100499,Male,27,0,16,170,2697.99,Two year,DSL,Bank Transfer,2,4,0
CUST100500,Female,51,0,70,40,2823.67,One year,Fiber,Cash,2,3,0
CUST100501,Male,53,0,44,190,8354.02,One year,Fiber,Credit Card,3,5,0
CUST100502,Male,42,0,3,45,147.18,Month-to-month,Fiber,Credit Card,3,1,1
CUST100503,Female,23,0,35,60,2085.74,Month-to-month,DSL,Cash,2,1,0
CUST100504,Male,41,0,69,141,9786.7,Two year,None,Credit Card,3,3,0
CUST100505,Female,35,0,30,57,1739.77,One year,Fiber,UPI,1,4,0
CUST100506,Male,40,0,18,107,1925.72,Two year,Fiber,UPI,6,3,0
CUST100507,Female,23,0,60,30,1832.29,Two year,DSL,Cash,2,3,0
CUST100508,Male,46,0,53,48,2591.49,One year,Fiber,Credit Card,4,4,0
CUST100509,Male,42,0,38,79,2966.03,Month-to-month,Fiber,Bank Transfer,3,2,0
CUST100510,Female,72,1,18,80,1463.5,Month-to-month,Fiber,Cash,1,5,0
CUST100511,Male,34,0,38,166,6351.47,Month-to-month,DSL,UPI,1,2,0
CUST100512,Male,63,1,66,193,12761.29,Month-to-month,Fiber,UPI,0,2,0
CUST100513,Female,41,0,44,196,8659.29,Two year,None,UPI,0,5,0
CUST100514,Male,28,0,12,41,496.24,Month-to-month,Fiber,Bank Transfer,3,2,0
CUST100515,Female,43,0,57,97,5556.44,Two year,DSL,UPI,2,4,0
CUST100516,Male,68,1,19,132,2584.28,Two year,Fiber,Cash,4,2,0
CUST100517,Male,51,0,71,142,10031.49,Two year,DSL,Cash,5,2,0
CUST100518,Female,45,0,60,161,9659.86,Two year,Fiber,Cash,2,2,0
CUST100519,Female,20,0,38,63,2355.43,One year,Fiber,UPI,0,4,0
CUST100520,Male,28,0,0,163,-30.1,Two year,DSL,Bank Transfer,8,3,0
CUST100521,Female,55,0,2,116,256.86,One year,None,Bank Transfer,8,1,0
CUST100522,Male,31,0,61,96,5771.8,One year,Fiber,UPI,4,5,0
CUST100523,Male,68,1,62,159,9801.99,One year,DSL,Credit Card,0,5,0
CUST100524,Female,43,0,24,74,1836.5,One year,DSL,Credit Card,2,4,0
CUST100525,Female,65,1,55,70,3783.71,Month-to-month,DSL,Cash,1,1,0
CUST100526,Female,38,0,32,121,3944.09,Month-to-month,Fiber,Bank Transfer,0,2,0
CUST100527,Female,71,1,37,186,6881.39,Month-to-month,DSL,UPI,1,5,0
CUST100528,Male,73,1,5,180,896.45,Month-to-month,Fiber,Bank Transfer,2,2,1
CUST100529,Male,56,0,57,180,10225.9,Month-to-month,Fiber,Bank Transfer,2,4,0
CUST100530,Female,47,0,43,48,2047.72,Two year,Fiber,Credit Card,1,4,0
CUST100531,Male,25,0,44,88,3883.38,One year,DSL,Bank Transfer,0,4,1
CUST100532,Female,68,1,31,178,5506.97,Month-to-month,Fiber,Bank Transfer,0,3,0
CUST100533,Male,37,0,44,99,4311.87,Two year,DSL,UPI,4,4,0
CUST100534,Female,65,1,60,50,3030.9,Two year,None,UPI,1,2,1
CUST100535,Male,49,0,46,131,6088.0,Two year,Fiber,Bank Transfer,1,3,0
CUST100536,Male,39,0,20,65,1219.7,One year,DSL,Bank Transfer,2,2,0
CUST100537,Female,24,0,35,116,4169.56,Month-to-month,Fiber,UPI,1,4,0
CUST100538,Male,26,0,18,71,1292.51,Month-to-month,Fiber,Credit Card,2,3,0
CUST100539,Female,62,1,19,157,3007.22,One year,DSL,UPI,1,1,0
CUST100540,Female,18,0,56,93,5283.24,Month-to-month,Fiber,UPI,2,4,0
CUST100541,Male,46,0,17,60,914.29,Month-to-month,Fiber,UPI,4,3,0
CUST100542,Male,25,0,46,96,4336.67,Two year,DSL,UPI,3,3,0
CUST100543,Male,73,1,48,150,7098.68,One year,DSL,UPI,1,3,0
CUST100544,Female,71,1,13,133,1667.25,Month-to-month,Fiber,Credit Card,2,5,0
CUST100545,Male,21,0,14,71,1023.21,Month-to-month,Fiber,Cash,2,3,0
CUST100546,Male,52,0,30,181,5368.63,Month-to-month,Fiber,UPI,0,1,0
CUST100547,Female,20,0,0,196,-46.35,Month-to-month,DSL,UPI,5,4,1
CUST100548,Male,71,1,53,175,9237.38,One year,DSL,Credit Card,3,4,0
CUST100549,Male,62,1,2,106,204.38,Month-to-month,Fiber,Cash,3,4,0
CUST100550,Male,57,0,15,128,1909.89,Two year,Fiber,Bank Transfer,4,3,0
CUST100551,Male,24,0,56,160,8919.1,Two year,Fiber,Credit Card,5,4,0
CUST100552,Male,44,0,11,88,915.18,One year,DSL,UPI,1,1,0
CUST100553,Male,18,0,15,139,2069.32,One year,DSL,Bank Transfer,2,5,0
CUST100554,Female,44,0,71,86,6106.03,Month-to-month,Fiber,Credit Card,2,1,0
CUST100555,Male,33,0,23,80,1909.81,One year,Fiber,Bank Transfer,1,5,0
CUST100556,Male,55,0,27,90,2379.87,One year,DSL,Credit Card,4,4,0
CUST100557,Male,24,0,7,171,1189.93,One year,DSL,Credit Card,0,2,0
CUST100558,Female,61,1,35,170,5847.62,Month-to-month,Fiber,Bank Transfer,5,5,1
CUST100559,Female,40,0,7,49,397.49,Month-to-month,None,Cash,0,1,0
CUST100560,Male,58,0,57,165,9397.49,Month-to-month,DSL,Bank Transfer,1,1,0
CUST100561,Female,28,0,59,115,6823.88,One year,DSL,Bank Transfer,2,2,1
CUST100562,Female,59,0,49,75,3735.12,One year,DSL,Cash,1,5,0
CUST100563,Female,70,1,27,72,1966.1,One year,DSL,Bank Transfer,0,5,0
CUST100564,Male,50,0,40,26,1045.8,One year,Fiber,Cash,0,1,0
CUST100565,Female,67,1,63,116,7211.79,Month-to-month,DSL,Cash,0,5,0
CUST100566,Male,53,0,26,132,3423.07,Two year,Fiber,Cash,1,2,0
CUST100567,Female,54,0,62,144,8877.66,Month-to-month,Fiber,UPI,3,5,0
CUST100568,Female,58,0,16,199,3128.06,Month-to-month,Fiber,Credit Card,5,5,0
CUST100569,Female,34,0,72,151,10775.27,One year,Fiber,UPI,1,2,0
CUST100570,Male,52,0,32,181,5780.53,Month-to-month,DSL,Credit Card,0,4,0
CUST100571,Male,65,1,28,180,4995.7,Month-to-month,DSL,UPI,0,5,0
CUST100572,Female,22,0,12,140,1640.07,One year,Fiber,Cash,3,1,0
CUST100573,Female,65,1,45,57,2513.31,Two year,Fiber,UPI,3,3,0
CUST100574,Male,49,0,34,141,4859.45,Month-to-month,Fiber,Credit Card,3,1,0
CUST100575,Female,20,0,5,45,170.24,Month-to-month,DSL,UPI,1,1,1
CUST100576,Male,69,1,68,148,10042.73,Month-to-month,Fiber,Bank Transfer,0,4,0
CUST100577,Male,64,1,46,23,1047.59,Two year,DSL,Bank Transfer,1,4,0
CUST100578,Female,52,0,24,58,1379.56,Month-to-month,DSL,Cash,6,1,0
CUST100579,Female,69,1,65,73,4831.43,Month-to-month,None,UPI,2,5,0
CUST100580,Male,31,0,9,180,1518.17,Month-to-month,Fiber,UPI,3,1,1
CUST100581,Female,65,1,55,52,2871.24,Month-to-month,Fiber,Credit Card,1,5,1
CUST100582,Female,48,0,29,39,1174.63,Month-to-month,DSL,Credit Card,2,2,0
CUST100583,Female,48,0,4,35,152.62,Month-to-month,Fiber,UPI,0,2,0
CUST100584,Male,34,0,32,168,5483.2,Month-to-month,Fiber,Credit Card,5,4,0
CUST100585,Male,41,0,64,192,12353.85,Month-to-month,Fiber,Bank Transfer,1,3,0
CUST100586,Male,69,1,17,146,2446.61,Two year,Fiber,Bank Transfer,3,3,0
CUST100587,Male,40,0,48,106,5077.28,Two year,None,Cash,2,4,0
CUST100588,Male,35,0,10,101,1048.12,Month-to-month,DSL,Bank Transfer,2,2,1
CUST100589,Male,67,1,25,81,2018.59,One year,DSL,Credit Card,1,4,0
CUST100590,Male,71,1,62,50,3094.53,One year,DSL,Credit Card,2,2,0
CUST100591,Male,31,0,58,61,3638.8,Month-to-month,Fiber,Credit Card,0,5,0
CUST100592,Male,67,1,26,31,855.97,Month-to-month,Fiber,Credit Card,2,2,0
CUST100593,Male,32,0,48,84,4135.19,One year,Fiber,UPI,1,2,0
CUST100594,Female,32,0,32,92,2939.22,Month-to-month,DSL,UPI,0,2,0
CUST100595,Male,23,0,0,150,7.14,One year,Fiber,UPI,6,3,0
CUST100596,Male,44,0,20,134,2696.69,Month-to-month,DSL,UPI,2,2,0
CUST100597,Female,32,0,54,156,8458.41,Month-to-month,DSL,Bank Transfer,4,1,0
CUST100598,Male,67,1,5,125,609.09,Two year,Fiber,Credit Card,0,5,0
CUST100599,Male,53,0,68,198,13417.77,One year,DSL,Bank Transfer,1,3,0
CUST100600,Female,72,1,4,35,99.26,Two year,Fiber,Credit Card,1,1,1
CUST100601,Male,25,0,2,97,187.78,One year,Fiber,UPI,2,3,0
CUST100602,Female,32,0,52,144,7406.0,Month-to-month,DSL,Bank Transfer,1,3,0
CUST100603,Male,20,0,22,150,3318.47,One year,DSL,Credit Card,1,1,0
CUST100604,Male,64,1,52,171,8777.98,One year,Fiber,UPI,1,4,0
CUST100605,Female,30,0,36,160,5682.03,One year,DSL,Cash,2,4,0
CUST100606,Male,58,0,16,149,2444.35,Month-to-month,DSL,Credit Card,3,2,1
CUST100607,Female,51,0,72,131,9435.78,Month-to-month,Fiber,Cash,3,1,0
CUST100608,Male,41,0,0,146,20.92,Two year,DSL,Credit Card,0,2,0
CUST100609,Female,57,0,50,40,2015.75,Two year,Fiber,UPI,7,4,0
CUST100610,Female,49,0,44,166,7400.62,Month-to-month,Fiber,Bank Transfer,2,1,0
CUST100611,Male,49,0,3,108,384.36,Month-to-month,Fiber,Credit Card,2,1,0
CUST100612,Male,47,0,61,66,4110.38,Two year,Fiber,Cash,2,1,0
CUST100613,Male,69,1,64,169,10789.0,Month-to-month,DSL,UPI,2,2,0
CUST100614,Female,66,1,31,180,5573.94,Month-to-month,DSL,Credit Card,0,3,0
CUST100615,Female,30,0,33,179,5834.88,One year,Fiber,Cash,3,3,0
CUST100616,Male,18,0,71,104,7431.14,One year,Fiber,Credit Card,0,3,0
CUST100617,Female,51,0,38,186,7104.34,Month-to-month,DSL,Cash,1,1,1
CUST100618,Female,32,0,25,147,3639.24,One year,Fiber,Credit Card,4,4,0
CUST100619,Female,61,1,33,91,2974.7,One year,Fiber,Bank Transfer,2,2,0
CUST100620,Female,31,0,53,61,3255.08,One year,Fiber,Bank Transfer,3,2,0
CUST100621,Female,74,1,2,28,44.89,Month-to-month,Fiber,Bank Transfer,3,4,0
CUST100622,Male,46,0,49,44,2121.17,Month-to-month,DSL,Bank Transfer,3,3,0
CUST100623,Male,51,0,11,21,211.33,Month-to-month,DSL,UPI,1,5,0
CUST100624,Female,35,0,64,38,2411.71,Month-to-month,DSL,Bank Transfer,1,4,0
CUST100625,Male,71,1,53,39,2086.92,Month-to-month,DSL,Credit Card,2,3,1
CUST100626,Female,24,0,4,89,344.65,Month-to-month,None,UPI,1,1,0
CUST100627,Female,46,0,56,36,1872.13,Month-to-month,DSL,Credit Card,2,4,0
CUST100628,Male,72,1,16,143,2283.46,Month-to-month,DSL,Cash,4,3,0
CUST100629,Female,48,0,46,108,4932.9,Month-to-month,DSL,Bank Transfer,5,2,0
CUST100630,Male,42,0,22,113,2519.43,Month-to-month,Fiber,Credit Card,1,5,0
CUST100631,Male,55,0,13,103,1347.08,One year,Fiber,Credit Card,3,5,0
CUST100632,Male,31,0,65,150,9715.13,Month-to-month,Fiber,Credit Card,1,5,0
CUST100633,Male,25,0,50,106,5267.11,Month-to-month,Fiber,Cash,2,3,0
CUST100634,Female,44,0,37,70,2598.59,Month-to-month,Fiber,Cash,4,3,0
CUST100635,Female,71,1,63,101,6361.04,One year,DSL,Cash,2,1,0
CUST100636,Female,19,0,37,173,6384.38,Month-to-month,Fiber,Credit Card,1,5,0
CUST100637,Female,34,0,49,27,1317.03,Two year,Fiber,Cash,3,2,0
CUST100638,Female,54,0,29,184,5356.59,One year,DSL,Bank Transfer,3,5,0
CUST100639,Male,31,0,50,140,6917.22,Month-to-month,DSL,Cash,3,4,1
CUST100640,Female,42,0,62,174,10858.8,Month-to-month,Fiber,Cash,4,4,0
CUST100641,Male,73,1,51,192,9769.42,One year,DSL,Credit Card,2,2,1
CUST100642,Female,47,0,37,23,908.47,Month-to-month,Fiber,Credit Card,3,3,0
CUST100643,Female,46,0,29,105,3148.68,Month-to-month,Fiber,Credit Card,1,5,0
CUST100644,Male,37,0,50,147,7378.07,Month-to-month,DSL,Credit Card,1,4,0
CUST100645,Female,38,0,4,129,420.16,Two year,Fiber,Bank Transfer,1,2,0
CUST100646,Female,70,1,28,118,3245.79,Month-to-month,DSL,Credit Card,1,1,0
CUST100647,Male,39,0,3,56,188.97,Month-to-month,DSL,UPI,3,4,0
CUST100648,Male,52,0,9,90,776.48,Month-to-month,Fiber,UPI,4,4,0
CUST100649,Female,54,0,55,52,2933.84,One year,DSL,Credit Card,2,5,0
CUST100650,Female,33,0,16,50,762.92,One year,Fiber,Credit Card,2,3,0
CUST100651,Male,67,1,16,144,2331.87,Month-to-month,DSL,Bank Transfer,4,4,0
CUST100652,Female,75,1,68,31,2102.52,One year,DSL,UPI,2,4,1
CUST100653,Male,66,1,33,30,991.81,Month-to-month,DSL,Cash,2,5,0
CUST100654,Male,60,1,5,107,566.89,One year,Fiber,Bank Transfer,2,3,0
CUST100655,Female,34,0,52,91,4575.76,Month-to-month,DSL,Cash,1,1,1
CUST100656,Male,33,0,65,51,3313.33,One year,DSL,Credit Card,5,1,1
CUST100657,Female,75,1,42,76,3237.1,Two year,Fiber,UPI,5,1,0
CUST100658,Female,72,1,22,185,4011.23,One year,Fiber,Cash,0,1,1
CUST100659,Male,19,0,54,105,5702.67,Month-to-month,DSL,UPI,0,3,1
CUST100660,Female,21,0,15,38,558.53,One year,Fiber,Cash,2,1,0
CUST100661,Female,38,0,7,135,912.28,Month-to-month,None,Bank Transfer,1,5,1
CUST100662,Female,56,0,3,33,86.61,Two year,Fiber,Credit Card,2,5,0
CUST100663,Male,51,0,3,52,225.59,Month-to-month,Fiber,UPI,1,5,0
CUST100664,Male,47,0,55,29,1603.52,One year,Fiber,Bank Transfer,3,1,0
CUST100665,Female,23,0,24,99,2313.27,Month-to-month,Fiber,UPI,2,5,1
CUST100666,Female,34,0,66,83,5492.64,Month-to-month,Fiber,Cash,0,5,0
CUST100667,Male,56,0,66,87,5744.35,Month-to-month,DSL,Cash,2,2,0
CUST100668,Male,42,0,26,111,2942.54,Month-to-month,Fiber,Credit Card,2,1,0
CUST100669,Female,22,0,31,144,4460.42,Month-to-month,None,Cash,0,5,1
CUST100670,Female,22,0,49,190,9363.03,Month-to-month,DSL,Credit Card,0,3,0
CUST100671,Female,37,0,60,99,5943.44,Month-to-month,DSL,Credit Card,0,5,0
CUST100672,Male,33,0,50,78,3919.86,One year,Fiber,Bank Transfer,5,2,0
CUST100673,Male,68,1,18,199,3545.2,Month-to-month,None,Credit Card,3,3,0
CUST100674,Male,58,0,20,116,2348.42,Two year,DSL,Bank Transfer,2,3,0
CUST100675,Female,54,0,4,38,253.06,One year,None,UPI,2,4,0
CUST100676,Male,57,0,41,168,6974.09,Two year,Fiber,Cash,1,2,0
CUST100677,Female,26,0,60,41,2404.45,Month-to-month,None,Cash,3,2,0
CUST100678,Male,22,0,21,28,502.62,Month-to-month,Fiber,Cash,1,5,0
CUST100679,Male,59,0,20,28,578.81,One year,Fiber,Credit Card,2,2,0
CUST100680,Female,74,1,69,46,3161.82,One year,Fiber,Bank Transfer,0,3,1
CUST100681,Male,19,0,0,36,-42.48,One year,DSL,Bank Transfer,2,3,1
CUST100682,Female,26,0,4,191,869.72,Two year,None,Bank Transfer,4,5,0
CUST100683,Male,60,1,11,64,858.4,One year,DSL,Credit Card,3,3,0
CUST100684,Male,53,0,45,27,1124.18,Month-to-month,DSL,Cash,1,5,0
CUST100685,Male,39,0,33,165,5405.85,Two year,Fiber,Cash,1,4,1
CUST100686,Female,39,0,48,144,6847.39,One year,DSL,Bank Transfer,1,2,0
CUST100687,Male,39,0,44,142,6206.75,Month-to-month,Fiber,Credit Card,1,2,1
CUST100688,Male,51,0,26,52,1408.14,Month-to-month,Fiber,Cash,1,2,0
CUST100689,Female,72,1,72,20,1452.82,One year,DSL,Credit Card,2,4,0
CUST100690,Male,46,0,25,25,666.61,One year,DSL,UPI,1,2,0
CUST100691,Male,55,0,46,60,2825.95,Two year,Fiber,UPI,2,4,0
CUST100692,Female,63,1,55,24,1336.89,Month-to-month,Fiber,Credit Card,2,4,0
CUST100693,Male,50,0,62,99,6090.8,One year,Fiber,UPI,2,5,0
CUST100694,Male,35,0,47,37,1764.86,Two year,DSL,Cash,1,1,0
CUST100695,Female,24,0,60,196,11754.7,One year,None,Bank Transfer,2,1,0
CUST100696,Male,18,0,25,101,2516.63,Month-to-month,DSL,Credit Card,0,5,0
CUST100697,Male,50,0,35,84,2898.6,Month-to-month,DSL,UPI,0,5,0
CUST100698,Female,18,0,0,102,48.04,One year,DSL,Bank Transfer,2,5,0
CUST100699,Male,41,0,7,155,1110.12,Month-to-month,DSL,Cash,1,2,1
CUST100700,Male,21,0,51,150,7692.13,Two year,Fiber,Cash,1,3,0
CUST100701,Male,21,0,46,44,1977.31,Month-to-month,Fiber,Credit Card,7,5,1
CUST100702,Female,35,0,55,88,4892.72,One year,Fiber,Bank Transfer,0,4,0
CUST100703,Female,44,0,13,187,2448.47,Month-to-month,Fiber,Cash,0,1,0
CUST100704,Female,60,1,27,101,2774.61,Month-to-month,DSL,Credit Card,3,2,0
CUST100705,Female,49,0,1,197,157.77,One year,Fiber,UPI,1,3,0
CUST100706,Male,50,0,25,136,3408.02,Month-to-month,DSL,Bank Transfer,1,1,0
CUST100707,Male,45,0,13,114,1539.72,One year,Fiber,Cash,0,1,0
CUST100708,Female,59,0,58,52,3045.5,Month-to-month,DSL,UPI,7,1,1
CUST100709,Female,58,0,55,130,7144.33,One year,DSL,Bank Transfer,3,4,0
CUST100710,Female,72,1,6,165,1017.28,Month-to-month,DSL,Bank Transfer,2,4,0
CUST100711,Male,53,0,2,144,240.28,Month-to-month,Fiber,Bank Transfer,2,4,1
CUST100712,Male,23,0,22,35,804.22,Month-to-month,Fiber,Cash,1,3,0
CUST100713,Male,33,0,17,99,1728.6,One year,None,Bank Transfer,3,1,0
CUST100714,Male,51,0,37,57,2131.6,Month-to-month,Fiber,UPI,1,5,0
CUST100715,Female,40,0,14,188,2628.13,Month-to-month,None,Cash,2,3,0
CUST100716,Male,67,1,63,154,9719.62,One year,DSL,Bank Transfer,1,4,0
CUST100717,Male,59,0,27,97,2616.96,Month-to-month,Fiber,UPI,1,4,0
CUST100718,Female,41,0,38,200,7591.47,One year,DSL,Cash,0,4,0
CUST100719,Female,73,1,56,82,4630.41,One year,DSL,Bank Transfer,3,2,1
CUST100720,Male,66,1,16,131,2175.1,Month-to-month,Fiber,Credit Card,3,1,0
CUST100721,Male,30,0,43,108,4653.46,Month-to-month,Fiber,Credit Card,2,5,0
CUST100722,Male,73,1,24,179,4269.32,One year,Fiber,Bank Transfer,2,1,0
CUST100723,Female,35,0,16,57,864.46,Month-to-month,DSL,Credit Card,1,3,0
CUST100724,Female,71,1,12,169,1995.26,Month-to-month,Fiber,Cash,3,2,0
CUST100725,Female,30,0,24,163,4021.21,One year,DSL,Bank Transfer,1,3,1
CUST100726,Female,66,1,67,71,4838.43,Month-to-month,DSL,UPI,1,4,0
CUST100727,Female,54,0,9,48,479.96,Month-to-month,Fiber,Credit Card,3,4,0
CUST100728,Male,60,1,66,163,10821.84,Month-to-month,Fiber,Bank Transfer,3,5,0
CUST100729,Male,56,0,17,95,1588.37,One year,None,Cash,2,1,0
CUST100730,Male,59,0,33,164,5464.28,One year,DSL,Bank Transfer,2,3,0
CUST100731,Male,34,0,7,83,637.55,One year,None,UPI,3,4,1
CUST100732,Male,32,0,39,110,4285.65,Two year,Fiber,UPI,1,5,0
CUST100733,Male,35,0,41,108,4368.79,Month-to-month,Fiber,Bank Transfer,1,5,1
CUST100734,Male,40,0,40,32,1207.68,Month-to-month,DSL,Bank Transfer,1,3,0
CUST100735,Female,71,1,5,91,475.4,Month-to-month,Fiber,Bank Transfer,3,1,1
CUST100736,Male,68,1,51,24,1199.76,Month-to-month,Fiber,Bank Transfer,4,2,0
CUST100737,Female,47,0,25,31,791.54,Month-to-month,Fiber,Cash,5,5,0
CUST100738,Male,75,1,63,188,11830.27,Month-to-month,Fiber,Bank Transfer,2,3,0
CUST100739,Male,51,0,58,22,1220.53,One year,Fiber,Cash,2,4,0
CUST100740,Female,75,1,55,52,2948.49,Month-to-month,Fiber,Bank Transfer,1,2,0
CUST100741,Female,21,0,58,140,8067.23,One year,None,Cash,2,2,0
CUST100742,Male,20,0,69,69,4727.81,Month-to-month,DSL,UPI,5,1,0
CUST100743,Male,24,0,32,156,4991.64,Two year,Fiber,Credit Card,3,3,0
CUST100744,Male,73,1,52,197,10251.14,One year,DSL,Bank Transfer,2,1,0
CUST100745,Male,35,0,21,48,929.51,One year,Fiber,Bank Transfer,1,5,0
CUST100746,Male,59,0,20,58,1201.05,Two year,Fiber,UPI,5,5,0
CUST100747,Female,24,0,69,110,7623.25,Two year,DSL,Credit Card,2,3,0
CUST100748,Female,57,0,69,119,8320.56,Month-to-month,DSL,UPI,2,4,0
CUST100749,Female,23,0,3,192,590.52,Month-to-month,Fiber,UPI,1,5,1
CUST100750,Male,39,0,61,36,2191.15,One year,Fiber,Bank Transfer,1,5,0
CUST100751,Male,75,1,61,75,4528.82,Month-to-month,Fiber,Bank Transfer,0,4,0
CUST100752,Female,18,0,23,65,1431.36,Month-to-month,DSL,UPI,3,2,0
CUST100753,Female,21,0,54,86,4634.77,Month-to-month,DSL,Bank Transfer,3,3,1
CUST100754,Male,63,1,8,161,1222.2,Month-to-month,DSL,Bank Transfer,1,2,0
CUST100755,Male,66,1,2,86,213.11,Month-to-month,Fiber,Bank Transfer,2,1,1
CUST100756,Male,69,1,30,42,1238.6,Month-to-month,Fiber,Credit Card,4,4,0
CUST100757,Male,67,1,39,113,4468.45,Month-to-month,Fiber,Credit Card,2,3,0
CUST100758,Male,60,1,35,170,5964.58,Month-to-month,DSL,Bank Transfer,1,4,0
CUST100759,Female,46,0,23,174,4018.52,Month-to-month,DSL,UPI,3,4,0
CUST100760,Female,38,0,5,73,316.07,One year,DSL,Credit Card,6,2,0
CUST100761,Male,43,0,65,157,10237.36,Month-to-month,Fiber,UPI,2,2,0
CUST100762,Male,31,0,3,96,309.78,Two year,DSL,Cash,0,1,0
CUST100763,Male,26,0,5,35,78.41,Month-to-month,None,Cash,3,3,0
CUST100764,Male,64,1,50,60,3063.95,Two year,DSL,Bank Transfer,1,4,0
CUST100765,Male,29,0,61,117,7180.74,Month-to-month,DSL,UPI,1,1,0
CUST100766,Male,59,0,56,147,8192.35,Two year,Fiber,UPI,1,4,0
CUST100767,Male,68,1,65,80,5246.85,Month-to-month,DSL,Cash,5,1,1
CUST100768,Male,73,1,7,105,714.05,One year,Fiber,Credit Card,0,4,0
CUST100769,Female,68,1,25,137,3392.66,Month-to-month,Fiber,UPI,3,2,0
CUST100770,Male,23,0,50,119,5967.56,One year,DSL,UPI,1,5,0
CUST100771,Female,37,0,44,68,3041.36,Month-to-month,Fiber,Credit Card,0,1,0
CUST100772,Female,41,0,43,199,8633.35,One year,Fiber,Bank Transfer,2,1,0
CUST100773,Male,44,0,4,21,171.85,One year,None,Cash,0,5,0
CUST100774,Male,55,0,69,139,9511.48,Two year,DSL,UPI,3,2,0
CUST100775,Female,25,0,25,197,4837.45,One year,DSL,Bank Transfer,1,1,0
CUST100776,Male,18,0,67,142,9492.52,Month-to-month,Fiber,Bank Transfer,1,2,0
CUST100777,Male,71,1,18,105,1844.87,Month-to-month,Fiber,Bank Transfer,1,4,0
CUST100778,Male,66,1,19,190,3733.49,One year,Fiber,Credit Card,4,4,0
CUST100779,Female,66,1,11,96,1070.02,Month-to-month,None,Bank Transfer,1,5,0
CUST100780,Male,41,0,46,155,7119.48,Two year,DSL,UPI,2,3,0
CUST100781,Female,64,1,0,78,-27.11,Month-to-month,Fiber,Bank Transfer,1,2,0
CUST100782,Male,24,0,13,31,412.94,Month-to-month,None,Bank Transfer,2,3,0
CUST100783,Male,36,0,63,23,1343.1,One year,None,Bank Transfer,0,3,1
CUST100784,Female,39,0,37,136,5077.1,Month-to-month,Fiber,Cash,2,2,0
CUST100785,Female,74,1,36,114,4174.04,One year,Fiber,UPI,2,3,1
CUST100786,Female,72,1,10,144,1354.28,Month-to-month,DSL,Cash,2,1,1
CUST100787,Male,52,0,2,60,149.13,Month-to-month,None,Cash,1,4,0
CUST100788,Male,47,0,32,142,4566.38,Two year,DSL,Bank Transfer,2,5,0
CUST100789,Female,46,0,5,26,156.59,Month-to-month,DSL,Bank Transfer,0,2,0
CUST100790,Female,39,0,49,88,4338.04,One year,Fiber,Bank Transfer,4,5,0
CUST100791,Male,28,0,9,88,738.89,Month-to-month,Fiber,Credit Card,2,4,0
CUST100792,Male,37,0,4,100,393.11,One year,Fiber,UPI,5,5,0
CUST100793,Male,46,0,22,49,1121.53,Month-to-month,Fiber,Credit Card,2,2,0
CUST100794,Male,68,1,9,92,743.55,Month-to-month,Fiber,UPI,3,5,1
CUST100795,Male,58,0,43,25,1080.63,Month-to-month,DSL,Bank Transfer,2,3,0
CUST100796,Female,59,0,1,108,136.54,Month-to-month,DSL,UPI,3,3,1
CUST100797,Male,51,0,12,166,1974.02,Two year,Fiber,UPI,1,4,0
CUST100798,Male,18,0,39,85,3338.69,Month-to-month,DSL,Cash,1,3,0
CUST100799,Male,48,0,1,29,31.0,One year,Fiber,UPI,2,5,0
CUST100800,Female,47,0,64,163,10421.14,Month-to-month,DSL,UPI,1,1,1
CUST100801,Female,65,1,62,56,3450.61,Month-to-month,Fiber,Cash,2,5,1
CUST100802,Male,35,0,72,96,6975.75,Month-to-month,Fiber,Credit Card,3,1,0
CUST100803,Male,72,1,16,96,1530.12,Month-to-month,Fiber,UPI,2,5,0
CUST100804,Female,75,1,8,51,365.21,Month-to-month,DSL,Credit Card,2,1,0
CUST100805,Male,34,0,14,66,860.73,Month-to-month,DSL,Credit Card,1,1,1
CUST100806,Female,55,0,23,129,2891.41,One year,Fiber,Bank Transfer,2,2,0
CUST100807,Female,31,0,37,190,6957.46,Month-to-month,Fiber,UPI,1,2,0
CUST100808,Female,40,0,34,139,4703.18,Month-to-month,DSL,Cash,2,5,0
CUST100809,Male,42,0,48,183,8777.53,Month-to-month,DSL,Cash,2,3,0
CUST100810,Female,32,0,68,173,11748.52,One year,None,Bank Transfer,1,2,0
CUST100811,Male,63,1,61,29,1727.24,Month-to-month,DSL,Cash,3,1,0
CUST100812,Female,73,1,59,178,10474.76,Two year,DSL,UPI,0,5,0
CUST100813,Female,39,0,49,116,5717.54,Month-to-month,DSL,Credit Card,2,3,0
CUST100814,Female,20,0,8,176,1459.38,Month-to-month,Fiber,Credit Card,3,5,1
CUST100815,Female,73,1,33,24,876.94,Month-to-month,Fiber,Cash,2,1,1
CUST100816,Female,72,1,34,96,3265.99,Month-to-month,DSL,Cash,2,2,0
CUST100817,Male,36,0,0,20,65.98,One year,DSL,Cash,3,2,0
CUST100818,Female,74,1,39,150,5857.37,Month-to-month,Fiber,Credit Card,2,4,1
CUST100819,Female,61,1,63,86,5489.89,Month-to-month,DSL,UPI,2,4,0
CUST100820,Male,51,0,21,182,3851.41,Month-to-month,DSL,UPI,4,5,0
CUST100821,Male,52,0,59,34,2008.2,Month-to-month,DSL,UPI,3,5,0
CUST100822,Female,67,1,63,112,6956.49,Two year,DSL,UPI,2,3,0
CUST100823,Male,18,0,71,49,3471.56,Two year,Fiber,UPI,4,2,0
CUST100824,Female,69,1,10,122,1179.46,Month-to-month,Fiber,Bank Transfer,2,2,1
CUST100825,Female,38,0,13,101,1294.69,Month-to-month,Fiber,Cash,0,4,0
CUST100826,Female,46,0,59,94,5608.71,Two year,Fiber,UPI,1,1,0
CUST100827,Male,23,0,29,190,5531.24,One year,None,Bank Transfer,3,1,0
CUST100828,Female,54,0,34,79,2736.21,Two year,None,UPI,3,4,0
CUST100829,Male,18,0,36,59,2152.6,Month-to-month,DSL,Cash,3,5,0
CUST100830,Female,68,1,4,176,655.82,Month-to-month,DSL,UPI,2,2,1
CUST100831,Female,18,0,25,93,2421.49,One year,Fiber,UPI,4,2,0
CUST100832,Male,44,0,61,140,8531.39,Month-to-month,Fiber,UPI,2,2,0
CUST100833,Female,38,0,3,166,549.97,One year,None,Cash,2,1,0
CUST100834,Female,70,1,41,22,983.51,Month-to-month,Fiber,Credit Card,2,5,0
CUST100835,Male,33,0,17,55,866.98,One year,Fiber,Cash,4,1,0
CUST100836,Male,61,1,39,62,2413.39,Month-to-month,DSL,Credit Card,4,5,0
CUST100837,Female,71,1,71,162,11536.9,Month-to-month,Fiber,Bank Transfer,1,4,0
CUST100838,Female,57,0,38,188,7130.0,One year,Fiber,Bank Transfer,0,5,0
CUST100839,Male,43,0,13,134,1878.86,One year,None,UPI,2,1,0
CUST100840,Female,33,0,31,128,3981.36,One year,DSL,UPI,2,2,0
CUST100841,Female,45,0,50,109,5480.97,Two year,Fiber,UPI,2,1,1
CUST100842,Male,18,0,37,183,6862.76,One year,Fiber,Cash,3,4,0
CUST100843,Male,53,0,22,103,2196.98,One year,DSL,UPI,4,2,0
CUST100844,Female,27,0,62,96,5929.97,One year,Fiber,Credit Card,2,1,1
CUST100845,Male,60,1,14,180,2472.06,Month-to-month,Fiber,Bank Transfer,3,2,0
CUST100846,Male,34,0,24,24,597.62,Two year,DSL,Bank Transfer,4,4,0
CUST100847,Male,74,1,16,97,1633.83,Month-to-month,Fiber,Bank Transfer,0,5,0
CUST100848,Female,40,0,65,110,7097.69,One year,DSL,Credit Card,3,5,0
CUST100849,Female,24,0,52,106,5441.45,Month-to-month,Fiber,UPI,1,3,0
CUST100850,Male,61,1,50,33,1658.97,Month-to-month,DSL,Credit Card,2,2,0
CUST100851,Male,70,1,38,123,4741.97,Month-to-month,DSL,Credit Card,2,4,0
CUST100852,Female,24,0,50,102,5060.56,One year,Fiber,Cash,3,1,0
CUST100853,Female,61,1,69,194,13335.3,Month-to-month,Fiber,Cash,2,1,0
CUST100854,Female,32,0,5,73,444.14,Month-to-month,Fiber,Bank Transfer,1,3,0
CUST100855,Female,51,0,66,151,9956.33,One year,Fiber,Credit Card,2,1,1
CUST100856,Male,63,1,6,114,715.75,Month-to-month,None,Bank Transfer,2,4,1
CUST100857,Male,62,1,50,28,1469.06,Month-to-month,Fiber,Credit Card,0,4,1
CUST100858,Female,21,0,71,72,5137.87,Month-to-month,Fiber,Bank Transfer,1,5,0
CUST100859,Female,31,0,41,96,3937.73,One year,DSL,Bank Transfer,3,2,0
CUST100860,Male,31,0,63,79,4928.56,Month-to-month,DSL,UPI,1,2,0
CUST100861,Female,33,0,14,65,883.42,Two year,Fiber,Bank Transfer,1,1,0
CUST100862,Female,24,0,28,73,2061.5,Month-to-month,Fiber,Cash,1,2,1
CUST100863,Male,49,0,32,93,3038.18,Month-to-month,Fiber,Credit Card,2,3,0
CUST100864,Male,36,0,26,131,3382.04,Month-to-month,Fiber,Bank Transfer,2,2,0
CUST100865,Female,19,0,35,114,3960.47,Two year,Fiber,Credit Card,2,1,1
CUST100866,Female,27,0,28,184,5176.22,Month-to-month,Fiber,Bank Transfer,2,2,0
CUST100867,Female,67,1,37,42,1515.83,Month-to-month,None,Cash,3,4,1
CUST100868,Male,34,0,56,46,2598.01,Two year,Fiber,UPI,1,4,0
CUST100869,Female,54,0,26,89,2271.19,Month-to-month,Fiber,UPI,2,5,1
CUST100870,Male,29,0,54,128,6925.0,Month-to-month,Fiber,Credit Card,0,5,0
CUST100871,Female,23,0,32,96,3056.01,One year,DSL,Bank Transfer,2,5,0
CUST100872,Female,39,0,67,198,13271.7,One year,DSL,Cash,5,5,1
CUST100873,Male,49,0,65,69,4525.3,One year,DSL,Credit Card,1,2,0
CUST100874,Male,58,0,9,143,1282.25,One year,DSL,UPI,0,1,0
CUST100875,Female,37,0,4,38,172.21,One year,None,Credit Card,1,2,0
CUST100876,Male,18,0,37,20,705.4,Two year,DSL,Credit Card,1,1,0
CUST100877,Female,71,1,12,59,680.62,One year,DSL,Bank Transfer,2,1,0
CUST100878,Male,64,1,30,179,5315.18,Month-to-month,Fiber,Cash,5,1,1
CUST100879,Male,70,1,46,41,1882.88,Month-to-month,Fiber,UPI,4,1,0
CUST100880,Female,75,1,51,131,6695.63,One year,None,UPI,2,4,0
CUST100881,Male,23,0,55,59,3264.31,One year,DSL,Cash,2,1,0
CUST100882,Female,36,0,14,57,882.84,Month-to-month,None,Bank Transfer,2,2,0
CUST100883,Male,35,0,28,67,1899.8,Month-to-month,DSL,Cash,5,1,0
CUST100884,Male,23,0,7,94,636.38,Month-to-month,None,Cash,0,4,0
CUST100885,Female,62,1,4,198,908.33,Two year,Fiber,Bank Transfer,4,2,0
CUST100886,Female,50,0,28,126,3488.69,Month-to-month,Fiber,Bank Transfer,4,3,0
CUST100887,Male,40,0,46,27,1252.01,Month-to-month,DSL,UPI,2,2,0
CUST100888,Female,40,0,67,105,7090.56,One year,Fiber,UPI,1,4,0
CUST100889,Female,43,0,44,87,3855.89,Two year,Fiber,Bank Transfer,1,4,0
CUST100890,Female,30,0,1,94,-10.39,One year,DSL,Credit Card,1,5,0
CUST100891,Female,24,0,26,156,4089.88,Two year,DSL,UPI,1,3,0
CUST100892,Male,32,0,35,109,3787.54,One year,None,Bank Transfer,1,1,0
CUST100893,Female,61,1,35,149,5176.93,Two year,Fiber,Bank Transfer,3,4,0
CUST100894,Male,44,0,25,99,2391.02,Month-to-month,None,Credit Card,3,5,0
CUST100895,Female,43,0,42,114,4795.74,Month-to-month,Fiber,Cash,2,5,1
CUST100896,Female,50,0,26,89,2291.37,Two year,DSL,Bank Transfer,4,1,0
CUST100897,Female,32,0,68,109,7429.08,Month-to-month,DSL,Credit Card,3,2,0
CUST100898,Female,53,0,19,78,1438.11,Two year,None,Credit Card,2,3,0
CUST100899,Male,62,1,10,166,1838.72,Month-to-month,Fiber,UPI,1,1,1
CUST100900,Female,72,1,37,47,1718.62,Month-to-month,DSL,Bank Transfer,4,1,1
CUST100901,Female,44,0,5,91,513.04,Month-to-month,Fiber,UPI,1,2,1
CUST100902,Male,74,1,71,33,2400.06,Month-to-month,DSL,Cash,4,2,0
CUST100903,Female,22,0,22,43,994.72,Month-to-month,Fiber,Cash,0,4,0
CUST100904,Female,19,0,46,131,5983.12,Month-to-month,DSL,UPI,2,2,1
CUST100905,Female,72,1,45,63,2931.0,Two year,DSL,UPI,2,2,0
CUST100906,Female,75,1,11,75,839.03,Two year,DSL,Bank Transfer,2,3,0
CUST100907,Male,50,0,12,139,1687.9,Month-to-month,DSL,Bank Transfer,3,3,0
CUST100908,Male,33,0,61,198,12074.03,Month-to-month,Fiber,Bank Transfer,4,3,0
CUST100909,Male,40,0,59,51,3009.33,Month-to-month,Fiber,Cash,3,1,0
CUST100910,Male,55,0,42,197,8276.45,Month-to-month,Fiber,UPI,4,3,0
CUST100911,Female,72,1,67,188,12519.13,One year,Fiber,Credit Card,0,3,0
CUST100912,Female,33,0,4,44,188.89,Month-to-month,DSL,UPI,4,5,0
CUST100913,Male,31,0,36,135,4899.97,Month-to-month,Fiber,Credit Card,3,3,0
CUST100914,Female,46,0,71,85,6006.4,One year,None,Bank Transfer,5,1,0
CUST100915,Female,43,0,30,61,1824.8,Month-to-month,DSL,Bank Transfer,2,5,0
CUST100916,Male,52,0,8,183,1378.9,Month-to-month,DSL,UPI,3,1,1
CUST100917,Male,32,0,50,95,4805.47,One year,Fiber,Credit Card,5,1,1
CUST100918,Male,20,0,28,156,4445.96,One year,DSL,Cash,2,5,0
CUST100919,Female,40,0,39,183,7147.94,One year,DSL,Bank Transfer,0,5,0
CUST100920,Female,46,0,40,57,2297.64,One year,Fiber,Bank Transfer,3,5,0
CUST100921,Female,51,0,10,180,1814.71,One year,Fiber,UPI,1,5,0
CUST100922,Female,50,0,22,189,4195.43,Month-to-month,Fiber,UPI,3,1,0
CUST100923,Female,58,0,0,80,12.56,Month-to-month,Fiber,Cash,1,5,0
CUST100924,Female,58,0,45,193,8736.17,One year,DSL,UPI,2,2,0
CUST100925,Male,40,0,20,108,2194.36,One year,Fiber,Cash,2,3,0
CUST100926,Male,24,0,35,37,1333.49,Month-to-month,Fiber,Credit Card,1,3,0
CUST100927,Male,20,0,53,89,4736.2,Month-to-month,Fiber,Cash,2,2,0
CUST100928,Male,75,1,56,101,5691.85,One year,DSL,Credit Card,3,1,0
CUST100929,Female,49,0,0,135,-38.23,Month-to-month,Fiber,Bank Transfer,1,1,1
CUST100930,Male,48,0,62,99,6042.34,Month-to-month,Fiber,UPI,5,3,0
CUST100931,Male,35,0,53,34,1797.99,Month-to-month,Fiber,Bank Transfer,0,4,0
CUST100932,Male,60,1,54,195,10622.99,Month-to-month,DSL,Cash,1,2,0
CUST100933,Male,24,0,39,32,1281.15,Month-to-month,DSL,Cash,1,2,0
CUST100934,Female,58,0,14,138,1968.83,Month-to-month,DSL,Cash,3,3,0
CUST100935,Male,18,0,20,62,1189.63,One year,DSL,Credit Card,1,5,0
CUST100936,Female,31,0,46,76,3518.42,Month-to-month,Fiber,Bank Transfer,0,4,1
CUST100937,Male,69,1,72,36,2537.3,One year,Fiber,Bank Transfer,2,1,1
CUST100938,Female,49,0,52,197,10243.19,One year,Fiber,Cash,1,1,0
CUST100939,Male,23,0,8,51,394.89,Month-to-month,Fiber,UPI,0,1,0
CUST100940,Female,56,0,51,169,8642.26,Month-to-month,DSL,Bank Transfer,2,1,0
CUST100941,Female,27,0,56,74,4145.64,One year,Fiber,UPI,3,2,0
CUST100942,Female,24,0,25,32,844.7,Month-to-month,DSL,Bank Transfer,2,2,0
CUST100943,Male,43,0,40,66,2691.48,Month-to-month,DSL,Cash,2,5,1
CUST100944,Male,51,0,34,106,3665.43,Month-to-month,DSL,Cash,3,2,0
CUST100945,Male,47,0,62,81,5173.08,Month-to-month,None,Bank Transfer,1,5,0
CUST100946,Female,53,0,24,48,1114.16,Two year,Fiber,Credit Card,1,5,0
CUST100947,Female,38,0,37,41,1496.67,One year,DSL,Credit Card,5,1,0
CUST100948,Female,34,0,1,84,64.95,Month-to-month,Fiber,Bank Transfer,5,1,0
CUST100949,Male,50,0,6,48,191.11,Two year,DSL,Cash,1,2,0
CUST100950,Male,27,0,33,67,2225.14,Month-to-month,DSL,Bank Transfer,5,2,0
CUST100951,Female,68,1,16,24,379.17,One year,Fiber,UPI,2,5,0
CUST100952,Male,64,1,42,182,7701.7,Two year,DSL,Cash,1,3,0
CUST100953,Female,59,0,58,120,7005.69,Two year,None,Credit Card,1,1,0
CUST100954,Male,68,1,50,90,4522.34,Month-to-month,Fiber,Credit Card,3,4,0
CUST100955,Female,29,0,53,193,10242.56,One year,DSL,Bank Transfer,5,3,0
CUST100956,Female,73,1,23,182,4158.02,Month-to-month,DSL,UPI,1,1,1
CUST100957,Female,33,0,24,192,4617.85,Month-to-month,Fiber,Cash,2,1,0
CUST100958,Male,58,0,70,160,11219.11,Month-to-month,DSL,Credit Card,0,2,1
CUST100959,Male,49,0,51,157,8005.67,One year,Fiber,Bank Transfer,4,4,0
CUST100960,Female,32,0,69,85,5864.03,Month-to-month,Fiber,Bank Transfer,1,4,0
CUST100961,Male,44,0,32,91,2919.09,Month-to-month,Fiber,Cash,0,1,0
CUST100962,Male,45,0,48,44,2122.54,Month-to-month,Fiber,Bank Transfer,1,5,0
CUST100963,Female,34,0,28,191,5393.04,Month-to-month,Fiber,Bank Transfer,4,4,1
CUST100964,Male,63,1,62,79,4767.18,Month-to-month,DSL,Bank Transfer,3,3,0
CUST100965,Male,67,1,21,194,4088.01,Two year,DSL,Credit Card,3,5,0
CUST100966,Male,75,1,25,59,1488.11,Month-to-month,Fiber,Credit Card,1,2,0
CUST100967,Male,19,0,27,26,744.46,Month-to-month,DSL,UPI,1,1,0
CUST100968,Female,53,0,48,193,9258.91,One year,Fiber,Cash,3,1,0
CUST100969,Male,67,1,70,170,11795.23,One year,Fiber,Cash,3,3,0
CUST100970,Male,24,0,48,65,3029.15,One year,DSL,Cash,2,3,0
CUST100971,Male,30,0,19,105,1890.99,One year,DSL,Cash,2,2,0
CUST100972,Female,32,0,62,160,9970.73,Month-to-month,Fiber,Bank Transfer,3,2,0
CUST100973,Female,42,0,60,40,2328.12,One year,Fiber,Cash,4,4,0
CUST100974,Female,40,0,48,20,1025.99,Month-to-month,DSL,UPI,3,5,1
CUST100975,Male,39,0,70,142,9921.44,One year,Fiber,Cash,2,1,0
CUST100976,Female,43,0,0,166,-10.69,Two year,Fiber,Cash,3,4,0
CUST100977,Male,50,0,12,144,1815.17,Two year,DSL,Bank Transfer,1,2,0
CUST100978,Female,28,0,50,52,2614.09,Two year,DSL,Bank Transfer,3,3,0
CUST100979,Female,27,0,55,23,1196.75,Month-to-month,DSL,Bank Transfer,2,4,1
CUST100980,Male,42,0,61,22,1348.06,Month-to-month,Fiber,UPI,2,3,0
CUST100981,Female,54,0,31,110,3457.99,Two year,Fiber,Bank Transfer,2,5,0
CUST100982,Female,65,1,29,71,2032.35,One year,None,Cash,2,3,0
CUST100983,Female,60,1,28,47,1407.15,Month-to-month,DSL,UPI,6,1,1
CUST100984,Female,70,1,48,89,4209.56,One year,None,Credit Card,1,5,1
CUST100985,Female,55,0,44,76,3238.6,Month-to-month,Fiber,Bank Transfer,1,3,0
CUST100986,Male,58,0,29,127,3770.15,One year,DSL,UPI,5,4,1
CUST100987,Male,62,1,15,163,2402.51,Two year,DSL,Credit Card,3,1,0
CUST100988,Female,41,0,39,43,1628.28,Month-to-month,Fiber,Bank Transfer,5,1,0
CUST100989,Male,57,0,18,188,3358.91,Month-to-month,Fiber,Credit Card,2,2,1
CUST100990,Male,63,1,17,96,1583.34,Month-to-month,Fiber,Bank Transfer,2,2,0
CUST100991,Female,73,1,0,194,44.96,Two year,Fiber,UPI,1,4,0
CUST100992,Female,50,0,46,95,4346.76,Month-to-month,DSL,Bank Transfer,2,2,0
CUST100993,Male,34,0,65,88,5660.52,One year,DSL,Bank Transfer,2,3,1
CUST100994,Female,41,0,37,120,4426.31,One year,DSL,UPI,2,2,0
CUST100995,Male,54,0,50,178,8854.67,Month-to-month,DSL,UPI,3,1,0
CUST100996,Male,74,1,62,111,6880.02,Month-to-month,Fiber,Cash,2,4,0
CUST100997,Female,19,0,3,111,285.28,One year,Fiber,Cash,0,3,0
CUST100998,Female,49,0,0,49,-9.74,Two year,DSL,UPI,1,1,0
CUST100999,Male,74,1,7,37,250.48,Month-to-month,Fiber,Bank Transfer,2,1,0
CUST101000,Male,41,0,28,63,1857.25,Month-to-month,DSL,Credit Card,7,5,1
CUST101001,Female,26,0,54,174,9454.9,Month-to-month,DSL,UPI,1,2,0
CUST101002,Female,21,0,2,118,244.64,One year,DSL,Credit Card,3,3,0
CUST101003,Female,34,0,31,173,5347.73,Month-to-month,DSL,Cash,2,4,0
CUST101004,Female,34,0,9,140,1244.08,Two year,DSL,Cash,1,4,0
CUST101005,Female,70,1,33,134,4428.42,Month-to-month,DSL,UPI,3,4,0
CUST101006,Female,67,1,54,79,4224.03,Month-to-month,Fiber,UPI,3,5,1
CUST101007,Male,65,1,31,165,5096.21,Month-to-month,DSL,Bank Transfer,3,3,0
CUST101008,Male,47,0,49,75,3662.49,Two year,Fiber,Cash,1,1,0
CUST101009,Female,57,0,6,50,298.96,Month-to-month,DSL,Cash,4,5,0
CUST101010,Male,75,1,7,120,847.93,Month-to-month,None,UPI,4,2,1
CUST101011,Male,28,0,64,78,5028.36,Month-to-month,Fiber,Credit Card,2,1,0
CUST101012,Male,38,0,56,143,8054.14,One year,None,Bank Transfer,1,4,1
CUST101013,Male,38,0,66,149,9861.15,Month-to-month,Fiber,UPI,3,2,0
CUST101014,Male,35,0,58,116,6815.22,One year,Fiber,Credit Card,1,3,1
CUST101015,Male,72,1,71,186,13238.88,Month-to-month,DSL,Bank Transfer,1,3,0
CUST101016,Male,46,0,53,126,6675.24,Two year,Fiber,Credit Card,2,5,0
CUST101017,Male,41,0,66,37,2437.88,Two year,DSL,Bank Transfer,2,3,0
CUST101018,Female,27,0,50,164,8245.53,Month-to-month,DSL,Bank Transfer,2,4,1
CUST101019,Female,62,1,7,186,1289.73,Two year,DSL,Bank Transfer,1,5,0
CUST101020,Female,34,0,33,90,2990.34,Month-to-month,Fiber,Cash,1,5,0
CUST101021,Female,35,0,34,125,4275.28,One year,DSL,UPI,1,4,0
CUST101022,Male,59,0,31,73,2139.45,Month-to-month,None,Cash,5,3,0
CUST101023,Female,65,1,45,113,5010.36,Month-to-month,DSL,Cash,3,2,0
CUST101024,Female,37,0,15,95,1468.64,Month-to-month,Fiber,Bank Transfer,2,5,0
CUST101025,Male,54,0,67,54,3640.3,Month-to-month,DSL,UPI,2,2,0
CUST101026,Female,62,1,36,30,942.02,Month-to-month,Fiber,UPI,1,2,0
CUST101027,Female,35,0,53,80,4104.48,One year,Fiber,UPI,0,2,0
CUST101028,Male,34,0,13,63,891.63,Month-to-month,Fiber,UPI,4,2,0
CUST101029,Female,26,0,54,140,7592.44,One year,Fiber,Bank Transfer,1,4,0
CUST101030,Female,31,0,47,87,4157.96,One year,Fiber,UPI,2,1,0
CUST101031,Male,66,1,6,44,215.66,One year,Fiber,Credit Card,3,3,0
CUST101032,Male,46,0,6,195,1139.37,One year,Fiber,Credit Card,1,1,0
CUST101033,Female,48,0,32,179,5819.0,Month-to-month,Fiber,Cash,1,1,0
CUST101034,Female,21,0,22,103,2286.61,Month-to-month,DSL,Bank Transfer,0,5,0
CUST101035,Female,35,0,18,133,2398.21,Month-to-month,DSL,Cash,2,1,0
CUST101036,Male,37,0,18,151,2710.0,Two year,DSL,Cash,1,1,0
CUST101037,Female,73,1,35,185,6388.6,One year,Fiber,UPI,2,4,0
CUST101038,Female,73,1,28,194,5488.52,One year,Fiber,Credit Card,4,2,0
CUST101039,Female,64,1,59,20,1081.17,Two year,DSL,Credit Card,3,1,0
CUST101040,Female,60,1,1,150,182.83,Two year,DSL,UPI,1,1,0
CUST101041,Male,61,1,0,105,4.16,Month-to-month,Fiber,UPI,3,5,1
CUST101042,Male,26,0,46,81,3740.81,Month-to-month,DSL,Bank Transfer,1,3,0
CUST101043,Female,30,0,68,83,5614.52,Two year,Fiber,Credit Card,0,5,1
CUST101044,Female,32,0,19,164,3188.99,Two year,Fiber,Cash,3,3,0
CUST101045,Male,44,0,10,145,1421.08,One year,Fiber,Cash,2,3,0
CUST101046,Male,32,0,1,124,122.85,One year,None,Bank Transfer,4,3,0
CUST101047,Male,45,0,66,81,5346.67,One year,Fiber,Credit Card,1,4,1
CUST101048,Male,54,0,11,54,577.42,Month-to-month,Fiber,UPI,3,4,0
CUST101049,Female,72,1,19,32,628.33,Two year,Fiber,Cash,2,2,1
CUST101050,Male,36,0,4,182,764.09,One year,Fiber,Credit Card,0,3,0
CUST101051,Male,43,0,36,62,2226.5,Month-to-month,Fiber,Credit Card,1,4,0
CUST101052,Female,69,1,37,149,5544.42,Month-to-month,Fiber,Credit Card,2,4,0
CUST101053,Female,43,0,8,130,1072.11,Two year,DSL,UPI,4,1,0
CUST101054,Female,42,0,52,147,7663.87,One year,None,Cash,0,3,1
CUST101055,Female,43,0,43,70,3085.37,Month-to-month,Fiber,UPI,0,5,0
CUST101056,Female,43,0,23,163,3829.89,Month-to-month,DSL,Credit Card,2,1,0
CUST101057,Female,63,1,29,165,4765.09,One year,Fiber,Credit Card,3,4,0
CUST101058,Female,45,0,58,154,8917.0,Month-to-month,DSL,Cash,2,4,0
CUST101059,Male,66,1,13,64,866.65,Month-to-month,Fiber,Cash,1,4,0
CUST101060,Male,35,0,8,183,1460.79,One year,None,UPI,3,4,0
CUST101061,Female,49,0,39,188,7347.53,One year,DSL,UPI,1,5,0
CUST101062,Male,70,1,65,61,3906.4,Two year,Fiber,UPI,1,2,0
CUST101063,Male,20,0,24,154,3682.38,Month-to-month,Fiber,Credit Card,5,2,0
CUST101064,Female,19,0,72,34,2452.15,Month-to-month,Fiber,Cash,1,3,1
CUST101065,Male,50,0,21,79,1613.3,Month-to-month,DSL,Bank Transfer,1,4,0
CUST101066,Male,59,0,3,59,94.38,Month-to-month,DSL,Cash,1,3,0
CUST101067,Male,36,0,25,184,4663.8,Month-to-month,Fiber,Cash,2,5,0
CUST101068,Male,34,0,57,131,7389.85,One year,DSL,Cash,2,3,0
CUST101069,Female,61,1,28,96,2766.08,Month-to-month,Fiber,Bank Transfer,2,2,0
CUST101070,Male,50,0,36,124,4520.49,Two year,Fiber,UPI,1,2,0
CUST101071,Male,29,0,69,126,8709.44,Month-to-month,None,Bank Transfer,1,2,1
CUST101072,Female,66,1,17,141,2419.57,One year,DSL,Cash,3,3,0
CUST101073,Male,73,1,41,99,4096.35,Two year,DSL,Cash,1,4,0
CUST101074,Female,20,0,40,144,5739.18,Month-to-month,Fiber,Credit Card,0,1,0
CUST101075,Male,60,1,37,191,7048.41,Month-to-month,Fiber,Cash,1,2,1
CUST101076,Male,66,1,33,153,5039.33,One year,None,Bank Transfer,4,3,0
CUST101077,Female,72,1,16,51,833.27,One year,Fiber,Bank Transfer,1,1,0
CUST101078,Female,43,0,36,127,4538.6,One year,Fiber,Bank Transfer,1,2,0
CUST101079,Female,52,0,24,133,3166.62,Month-to-month,DSL,UPI,0,2,0
CUST101080,Male,25,0,26,165,4390.12,One year,DSL,Credit Card,3,5,0
CUST101081,Female,69,1,56,87,4887.53,One year,DSL,UPI,3,2,0
CUST101082,Female,53,0,30,146,4321.88,Month-to-month,DSL,Bank Transfer,2,1,0
CUST101083,Male,70,1,5,154,812.85,Two year,Fiber,UPI,0,1,0
CUST101084,Female,71,1,39,133,5172.87,One year,Fiber,Credit Card,0,4,0
CUST101085,Male,24,0,11,27,266.83,Month-to-month,Fiber,Credit Card,2,1,0
CUST101086,Male,63,1,52,83,4438.08,Two year,Fiber,Credit Card,2,3,0
CUST101087,Female,63,1,70,154,10783.73,One year,Fiber,Credit Card,0,3,1
CUST101088,Female,53,0,9,60,499.87,Month-to-month,Fiber,Bank Transfer,3,2,0
CUST101089,Male,33,0,44,59,2566.94,Month-to-month,Fiber,Cash,2,4,0
CUST101090,Female,41,0,16,22,359.43,One year,Fiber,Bank Transfer,1,2,0
CUST101091,Male,71,1,25,164,4107.09,One year,DSL,Bank Transfer,2,4,0
CUST101092,Female,18,0,61,129,7892.35,Two year,Fiber,Bank Transfer,2,5,1
CUST101093,Female,66,1,45,133,5899.54,Month-to-month,Fiber,Bank Transfer,3,4,0
CUST101094,Male,42,0,63,131,8197.21,Month-to-month,Fiber,UPI,2,5,0
CUST101095,Male,27,0,1,199,189.62,Month-to-month,DSL,Credit Card,2,5,1
CUST101096,Female,71,1,53,169,8930.38,One year,DSL,Cash,2,2,0
CUST101097,Male,33,0,64,23,1418.14,Month-to-month,DSL,Cash,2,3,0
CUST101098,Female,33,0,50,153,7668.48,Two year,DSL,Cash,0,4,0
CUST101099,Female,75,1,52,185,9642.82,Month-to-month,Fiber,Bank Transfer,1,2,0
CUST101100,Male,25,0,35,45,1661.01,Month-to-month,Fiber,Credit Card,3,5,0
CUST101101,Male,46,0,25,158,3985.23,Two year,Fiber,Credit Card,4,5,1
CUST101102,Male,56,0,28,36,1032.04,Month-to-month,DSL,Cash,1,1,0
CUST101103,Female,45,0,20,111,2211.32,Two year,DSL,Cash,3,1,1
CUST101104,Female,23,0,10,50,635.73,Month-to-month,Fiber,Bank Transfer,4,4,0
CUST101105,Male,33,0,39,182,7081.26,Month-to-month,Fiber,Cash,2,3,0
CUST101106,Male,37,0,10,163,1612.84,One year,Fiber,Bank Transfer,1,1,0
CUST101107,Female,33,0,35,126,4458.43,Two year,Fiber,Cash,1,5,0
CUST101108,Female,24,0,58,165,9489.93,Month-to-month,Fiber,Credit Card,5,2,1
CUST101109,Male,58,0,38,130,4936.02,Month-to-month,Fiber,Credit Card,2,3,0
CUST101110,Male,31,0,53,120,6365.1,One year,None,Credit Card,1,4,0
CUST101111,Female,60,1,54,131,7053.8,Month-to-month,None,UPI,0,2,0
CUST101112,Female,43,0,23,81,1915.46,Two year,None,Cash,1,4,0
CUST101113,Male,43,0,21,131,2775.66,Month-to-month,Fiber,UPI,1,2,0
CUST101114,Female,31,0,68,174,11846.79,Two year,Fiber,Credit Card,2,2,1
CUST101115,Female,24,0,55,182,10013.36,Month-to-month,DSL,Cash,2,3,1
CUST101116,Female,50,0,32,135,4302.09,One year,Fiber,UPI,0,4,0
CUST101117,Male,43,0,35,192,6616.15,One year,DSL,Credit Card,0,1,0
CUST101118,Female,74,1,19,54,1053.12,Month-to-month,DSL,Credit Card,7,2,0
CUST101119,Male,62,1,61,47,2914.95,Two year,Fiber,Cash,0,2,0
CUST101120,Female,37,0,72,122,8783.65,Month-to-month,Fiber,Cash,4,1,0
CUST101121,Female,20,0,25,144,3525.25,Month-to-month,Fiber,Bank Transfer,1,3,1
CUST101122,Male,69,1,65,121,7840.27,Month-to-month,DSL,Cash,3,3,1
CUST101123,Male,21,0,72,156,11208.2,Two year,Fiber,Credit Card,1,3,0
CUST101124,Female,43,0,72,162,11641.05,Month-to-month,None,Bank Transfer,3,5,1
CUST101125,Male,28,0,39,40,1585.03,One year,Fiber,Bank Transfer,1,5,0
CUST101126,Male,19,0,16,71,1070.54,One year,Fiber,Cash,3,3,0
CUST101127,Male,31,0,0,182,-9.68,Month-to-month,Fiber,Credit Card,0,3,1
CUST101128,Female,61,1,60,116,6952.03,Month-to-month,None,UPI,2,1,0
CUST101129,Male,47,0,42,70,3015.6,Month-to-month,DSL,Credit Card,2,5,0
CUST101130,Female,66,1,41,102,4201.81,Month-to-month,DSL,Credit Card,1,4,0
CUST101131,Male,29,0,24,74,1753.99,Month-to-month,DSL,Cash,3,3,0
CUST101132,Male,43,0,38,96,3717.46,One year,Fiber,UPI,2,3,0
CUST101133,Female,61,1,34,146,4903.68,Two year,DSL,Bank Transfer,0,3,0
CUST101134,Female,50,0,2,191,348.41,Month-to-month,Fiber,UPI,3,2,1
CUST101135,Male,30,0,43,112,4725.08,One year,DSL,Cash,1,5,0
CUST101136,Female,31,0,50,107,5429.1,Month-to-month,DSL,Credit Card,4,4,0
CUST101137,Female,41,0,11,99,1099.71,One year,DSL,Credit Card,1,2,0
CUST101138,Male,51,0,18,172,3085.47,Two year,None,UPI,1,2,0
CUST101139,Male,61,1,43,111,4834.96,Month-to-month,Fiber,UPI,3,4,0
CUST101140,Female,43,0,58,66,3799.01,One year,DSL,Cash,2,4,0
CUST101141,Male,38,0,48,57,2713.65,One year,DSL,UPI,2,4,0
CUST101142,Female,45,0,60,158,9534.67,One year,Fiber,Cash,1,4,0
CUST101143,Female,65,1,16,34,515.15,Month-to-month,Fiber,Bank Transfer,3,4,1
CUST101144,Female,53,0,56,20,1095.7,Month-to-month,Fiber,UPI,1,3,0
CUST101145,Male,57,0,54,154,8319.35,Month-to-month,None,Credit Card,1,4,0
CUST101146,Female,19,0,46,20,937.03,Month-to-month,Fiber,UPI,3,4,0
CUST101147,Male,59,0,11,68,784.82,One year,None,Credit Card,4,5,0
CUST101148,Female,26,0,61,115,7004.35,Month-to-month,DSL,Bank Transfer,2,3,0
CUST101149,Female,40,0,7,176,1148.24,Two year,Fiber,Bank Transfer,1,2,1
CUST101150,Female,32,0,20,45,917.69,Month-to-month,Fiber,UPI,1,3,0
CUST101151,Male,30,0,69,106,7324.18,Month-to-month,DSL,Cash,2,1,0
CUST101152,Male,40,0,71,192,13640.82,One year,DSL,Credit Card,2,4,0
CUST101153,Female,34,0,24,112,2650.21,Month-to-month,Fiber,Bank Transfer,0,2,0
CUST101154,Female,65,1,11,121,1237.13,One year,DSL,UPI,1,1,0
CUST101155,Male,19,0,14,90,1258.41,Month-to-month,Fiber,Bank Transfer,1,2,0
CUST101156,Female,37,0,58,159,9174.62,Month-to-month,Fiber,UPI,1,3,0
CUST101157,Male,37,0,25,114,2877.85,Month-to-month,DSL,Credit Card,1,1,1
CUST101158,Female,63,1,25,179,4512.43,Month-to-month,DSL,UPI,2,4,1
CUST101159,Female,20,0,46,137,6225.0,Two year,None,Credit Card,2,4,0
CUST101160,Male,72,1,31,167,5141.93,Month-to-month,DSL,Bank Transfer,1,1,0
CUST101161,Male,29,0,9,138,1327.23,Two year,DSL,Credit Card,2,3,0
CUST101162,Male,57,0,15,70,1027.77,Month-to-month,DSL,Credit Card,2,1,0
CUST101163,Female,19,0,70,100,7009.86,One year,None,Cash,1,3,0
CUST101164,Female,53,0,16,55,923.94,Month-to-month,Fiber,Bank Transfer,1,2,0
CUST101165,Male,31,0,22,86,1903.14,Two year,Fiber,Credit Card,3,3,0
CUST101166,Female,33,0,25,148,3754.48,One year,DSL,Cash,3,1,0
CUST101167,Female,36,0,6,133,844.8,Two year,Fiber,Cash,3,1,0
CUST101168,Female,51,0,13,174,2328.53,One year,DSL,Credit Card,1,2,0
CUST101169,Male,61,1,6,130,788.68,Month-to-month,Fiber,UPI,4,1,1
CUST101170,Male,63,1,8,187,1475.87,Two year,DSL,Credit Card,3,5,0
CUST101171,Female,23,0,47,161,7501.17,Two year,Fiber,UPI,4,1,0
CUST101172,Female,30,0,71,119,8470.0,Month-to-month,Fiber,Credit Card,1,5,0
CUST101173,Female,53,0,58,128,7486.29,Two year,DSL,Bank Transfer,0,1,0
CUST101174,Male,39,0,38,139,5244.97,One year,None,Cash,4,1,0
CUST101175,Male,35,0,17,98,1634.53,Two year,DSL,Credit Card,1,2,0
CUST101176,Male,29,0,58,153,8856.02,Two year,DSL,Credit Card,1,5,0
CUST101177,Male,69,1,16,180,2834.88,Two year,Fiber,Credit Card,4,2,0
CUST101178,Male,71,1,13,38,501.47,Two year,DSL,UPI,3,5,0
CUST101179,Female,47,0,30,146,4354.8,Month-to-month,DSL,Bank Transfer,1,5,1
CUST101180,Female,70,1,23,48,1044.47,Month-to-month,Fiber,Bank Transfer,0,4,0
CUST101181,Male,68,1,59,43,2495.55,Month-to-month,DSL,Credit Card,3,5,1
CUST101182,Male,57,0,44,170,7552.08,Month-to-month,None,Cash,2,2,1
CUST101183,Male,24,0,2,29,63.64,Month-to-month,DSL,Cash,1,2,0
CUST101184,Male,49,0,36,124,4536.48,One year,DSL,Credit Card,1,3,0
CUST101185,Female,65,1,42,188,7868.95,Month-to-month,Fiber,UPI,2,1,0
CUST101186,Female,36,0,39,196,7571.59,One year,DSL,Cash,1,4,0
CUST101187,Female,23,0,54,164,8842.34,Two year,None,Bank Transfer,2,1,0
CUST101188,Female,37,0,38,192,7378.21,One year,DSL,Cash,1,2,1
CUST101189,Male,44,0,14,177,2361.78,Month-to-month,DSL,Cash,3,4,0
CUST101190,Male,70,1,3,191,485.87,Month-to-month,DSL,Credit Card,4,5,1
CUST101191,Male,60,1,24,74,1761.17,Month-to-month,DSL,Cash,6,2,1
CUST101192,Female,54,0,12,166,2044.81,Month-to-month,Fiber,Credit Card,2,2,0
CUST101193,Female,65,1,32,176,5579.92,One year,DSL,Bank Transfer,2,2,0
CUST101194,Female,24,0,15,21,323.57,Month-to-month,Fiber,Cash,2,2,0
CUST101195,Female,22,0,41,183,7500.09,One year,DSL,Credit Card,3,4,0
CUST101196,Female,28,0,65,166,10849.75,Month-to-month,DSL,Credit Card,3,1,1
CUST101197,Male,32,0,54,154,8431.72,Month-to-month,DSL,Bank Transfer,2,1,0
CUST101198,Female,20,0,41,173,7053.64,One year,Fiber,Cash,3,5,0
CUST101199,Female,75,1,33,130,4272.19,Month-to-month,DSL,UPI,3,2,0
CUST101200,Female,22,0,29,57,1649.64,One year,DSL,Cash,3,2,0
CUST101201,Male,40,0,12,150,1759.06,Two year,Fiber,Credit Card,0,1,1
CUST101202,Female,70,1,12,121,1540.59,Month-to-month,DSL,Credit Card,3,5,1
CUST101203,Female,54,0,17,114,1882.22,One year,DSL,Bank Transfer,2,3,0
CUST101204,Male,26,0,31,111,3503.83,One year,DSL,Bank Transfer,1,4,0
CUST101205,Male,32,0,38,90,3398.6,One year,DSL,UPI,4,1,0
CUST101206,Male,20,0,45,190,8546.92,Month-to-month,Fiber,UPI,3,4,0
CUST101207,Female,46,0,28,43,1210.08,Two year,DSL,Credit Card,2,1,0
CUST101208,Female,23,0,61,186,11321.93,Month-to-month,Fiber,UPI,1,5,0
CUST101209,Female,34,0,61,87,5345.94,Month-to-month,Fiber,UPI,4,2,0
CUST101210,Female,43,0,56,147,8253.4,Month-to-month,None,UPI,1,3,0
CUST101211,Male,38,0,15,112,1756.58,Month-to-month,DSL,Cash,1,4,0
CUST101212,Male,25,0,55,63,3496.91,Month-to-month,Fiber,Cash,1,3,0
CUST101213,Male,38,0,9,152,1308.07,Month-to-month,DSL,Credit Card,1,2,1
CUST101214,Male,74,1,29,74,2138.37,Month-to-month,Fiber,Cash,2,1,0
CUST101215,Female,28,0,24,177,4327.06,Month-to-month,Fiber,UPI,1,5,0
CUST101216,Male,55,0,4,48,163.52,Two year,DSL,UPI,2,2,0
CUST101217,Female,25,0,64,173,11146.29,Month-to-month,Fiber,UPI,6,3,0
CUST101218,Female,59,0,48,173,8340.09,Two year,Fiber,Cash,2,3,0
CUST101219,Male,41,0,2,56,152.18,Two year,DSL,Bank Transfer,3,3,1
CUST101220,Female,52,0,44,134,5789.09,Month-to-month,DSL,UPI,3,1,0
CUST101221,Female,72,1,13,200,2621.03,Month-to-month,DSL,UPI,2,3,0
CUST101222,Female,31,0,29,177,5236.95,Month-to-month,DSL,Bank Transfer,3,1,0
CUST101223,Male,72,1,67,22,1430.46,Two year,DSL,Bank Transfer,5,3,0
CUST101224,Female,31,0,17,141,2476.55,One year,Fiber,Credit Card,1,4,0
CUST101225,Female,27,0,61,62,3791.23,Two year,DSL,Credit Card,2,4,0
CUST101226,Female,29,0,36,26,895.78,Month-to-month,DSL,Cash,6,2,0
CUST101227,Male,55,0,24,144,3441.73,Two year,Fiber,Bank Transfer,4,2,0
CUST101228,Female,61,1,47,68,3110.61,Month-to-month,Fiber,Credit Card,0,5,0
CUST101229,Female,72,1,64,140,8961.98,Two year,None,UPI,2,3,0
CUST101230,Female,63,1,52,92,4804.6,Month-to-month,Fiber,Credit Card,1,3,0
CUST101231,Male,51,0,72,60,4438.24,One year,Fiber,UPI,0,1,0
CUST101232,Male,58,0,14,125,1769.31,One year,DSL,UPI,4,2,0
CUST101233,Male,27,0,48,96,4679.54,One year,Fiber,UPI,3,4,0
CUST101234,Female,75,1,67,146,9732.05,Month-to-month,Fiber,Cash,2,1,0
CUST101235,Female,34,0,11,110,1200.9,One year,Fiber,Bank Transfer,2,4,0
CUST101236,Female,34,0,58,174,10107.91,Month-to-month,DSL,Cash,0,1,0
CUST101237,Female,20,0,36,27,928.93,One year,Fiber,Credit Card,3,2,0
CUST101238,Female,48,0,60,51,3049.12,One year,Fiber,Credit Card,2,3,0
CUST101239,Male,68,1,42,83,3534.6,Month-to-month,DSL,Bank Transfer,4,3,0
CUST101240,Male,18,0,69,157,10954.61,One year,Fiber,Bank Transfer,4,2,0
CUST101241,Female,29,0,38,32,1257.05,Month-to-month,DSL,Credit Card,1,4,0
CUST101242,Male,56,0,55,112,6124.62,Month-to-month,Fiber,Bank Transfer,0,5,0
CUST101243,Male,21,0,62,182,11282.18,Month-to-month,Fiber,Bank Transfer,3,5,0
CUST101244,Female,59,0,45,80,3547.6,Two year,DSL,UPI,3,2,0
CUST101245,Female,30,0,10,27,282.87,One year,Fiber,Cash,1,1,0
CUST101246,Male,51,0,61,48,3002.4,Two year,Fiber,Cash,0,3,1
CUST101247,Male,59,0,24,114,2751.08,Month-to-month,DSL,Cash,0,4,0
CUST101248,Female,38,0,70,60,4199.52,One year,DSL,UPI,3,5,0
CUST101249,Female,39,0,51,177,9023.61,Month-to-month,Fiber,UPI,2,3,0
CUST101250,Female,74,1,3,168,513.68,Two year,Fiber,Bank Transfer,1,2,0
CUST101251,Male,21,0,58,30,1823.33,Month-to-month,Fiber,Bank Transfer,3,3,0
CUST101252,Male,35,0,71,21,1529.52,One year,Fiber,UPI,2,5,0
CUST101253,Female,22,0,19,197,3691.4,Month-to-month,None,UPI,1,4,0
CUST101254,Female,36,0,62,188,11626.34,Two year,Fiber,Credit Card,2,1,0
CUST101255,Female,19,0,53,150,8011.15,One year,DSL,UPI,2,1,0
CUST101256,Female,29,0,56,99,5564.39,Two year,Fiber,UPI,2,3,0
CUST101257,Female,34,0,40,198,7828.48,Month-to-month,Fiber,Cash,1,1,0
CUST101258,Male,27,0,2,106,264.78,Month-to-month,Fiber,Credit Card,2,5,1
CUST101259,Male,51,0,5,172,838.86,Month-to-month,DSL,Cash,3,4,1
CUST101260,Female,23,0,4,177,672.83,Month-to-month,Fiber,Cash,4,1,1
CUST101261,Female,25,0,4,125,552.17,Two year,Fiber,Credit Card,1,1,1
CUST101262,Female,68,1,53,158,8423.07,Month-to-month,Fiber,Credit Card,1,2,0
CUST101263,Male,28,0,46,36,1650.58,Month-to-month,DSL,Credit Card,3,1,0
CUST101264,Female,74,1,48,173,8325.88,Month-to-month,Fiber,Bank Transfer,1,1,0
CUST101265,Male,29,0,8,42,305.66,One year,Fiber,Credit Card,2,5,0
CUST101266,Male,26,0,19,199,3743.98,Month-to-month,Fiber,Cash,6,1,0
CUST101267,Female,19,0,60,67,4002.18,Two year,DSL,Credit Card,2,2,0
CUST101268,Female,25,0,34,39,1308.55,Month-to-month,Fiber,Bank Transfer,3,2,0
CUST101269,Female,75,1,49,21,999.12,One year,None,Cash,1,2,0
CUST101270,Female,28,0,61,107,6571.05,One year,None,Credit Card,3,1,1
CUST101271,Female,70,1,16,50,805.19,Month-to-month,None,Credit Card,0,3,0
CUST101272,Male,53,0,2,174,299.96,One year,DSL,Cash,4,3,0
CUST101273,Male,27,0,31,149,4587.54,Month-to-month,Fiber,Cash,1,5,0
CUST101274,Female,38,0,12,97,1102.97,One year,DSL,Credit Card,1,3,0
CUST101275,Female,37,0,72,23,1652.21,One year,DSL,Bank Transfer,2,5,1
CUST101276,Female,65,1,67,160,10792.36,Month-to-month,DSL,Cash,5,5,0
CUST101277,Female,25,0,13,182,2380.8,Two year,Fiber,UPI,0,2,0
CUST101278,Female,53,0,10,147,1475.15,One year,Fiber,Credit Card,0,4,0
CUST101279,Male,46,0,55,153,8341.11,One year,Fiber,Cash,4,5,0
CUST101280,Male,59,0,66,50,3368.44,Month-to-month,Fiber,Cash,3,1,1
CUST101281,Male,29,0,28,157,4398.3,Month-to-month,DSL,Credit Card,0,2,0
CUST101282,Male,31,0,8,40,325.18,Month-to-month,Fiber,Credit Card,2,1,0
CUST101283,Female,65,1,66,42,2714.58,Two year,DSL,Credit Card,2,1,0
CUST101284,Female,71,1,24,150,3593.97,Two year,Fiber,Bank Transfer,0,3,0
CUST101285,Female,67,1,41,179,7293.24,Month-to-month,Fiber,UPI,2,1,1
CUST101286,Male,38,0,8,167,1302.12,Month-to-month,Fiber,Cash,2,5,0
CUST101287,Male,39,0,39,48,1786.89,One year,None,Credit Card,4,1,0
CUST101288,Female,38,0,24,124,2878.78,One year,DSL,Credit Card,1,1,0
CUST101289,Male,61,1,4,71,391.94,Two year,DSL,Bank Transfer,3,3,0
CUST101290,Female,67,1,10,134,1350.0,Month-to-month,Fiber,UPI,3,1,1
CUST101291,Female,47,0,58,193,11251.26,Month-to-month,Fiber,Cash,1,5,1
CUST101292,Female,56,0,37,181,6682.61,Month-to-month,Fiber,UPI,3,5,0
CUST101293,Female,37,0,71,120,8511.14,Month-to-month,DSL,UPI,1,1,1
CUST101294,Male,41,0,4,103,359.09,Two year,Fiber,Credit Card,6,5,0
CUST101295,Female,40,0,47,80,3790.46,Month-to-month,DSL,Credit Card,1,5,0
CUST101296,Female,24,0,17,144,2485.33,Two year,DSL,Credit Card,3,3,0
CUST101297,Female,26,0,69,90,6236.18,Month-to-month,DSL,Bank Transfer,2,2,0
CUST101298,Female,18,0,36,89,3204.13,One year,None,Bank Transfer,2,2,0
CUST101299,Female,43,0,59,158,9336.93,One year,DSL,Bank Transfer,2,4,0
CUST101300,Male,55,0,47,127,5947.35,Month-to-month,Fiber,Credit Card,3,2,1
CUST101301,Female,55,0,27,40,1131.94,Month-to-month,DSL,Credit Card,1,1,0
CUST101302,Female,71,1,68,150,10131.81,One year,Fiber,Credit Card,1,5,0
CUST101303,Male,61,1,39,101,3899.15,Two year,None,UPI,1,2,0
CUST101304,Female,39,0,44,107,4696.84,Month-to-month,DSL,Bank Transfer,0,3,1
CUST101305,Female,61,1,61,130,7866.91,Two year,Fiber,Bank Transfer,3,4,0
CUST101306,Female,27,0,57,29,1576.29,Two year,None,UPI,2,1,1
CUST101307,Female,72,1,66,174,11473.0,One year,Fiber,Cash,6,2,0
CUST101308,Female,75,1,55,31,1683.19,One year,DSL,UPI,0,5,0
CUST101309,Female,23,0,39,26,1006.01,Month-to-month,Fiber,UPI,1,3,0
CUST101310,Female,34,0,39,164,6396.65,Month-to-month,Fiber,Credit Card,0,2,0
CUST101311,Male,68,1,32,133,4286.29,One year,None,Cash,2,5,0
CUST101312,Female,67,1,5,45,229.97,One year,Fiber,UPI,1,2,0
CUST101313,Female,55,0,18,34,699.16,Month-to-month,Fiber,Cash,1,1,0
CUST101314,Female,41,0,39,52,2037.76,Two year,Fiber,Cash,3,4,0
CUST101315,Male,68,1,58,81,4775.33,Month-to-month,Fiber,Credit Card,2,5,0
CUST101316,Female,27,0,58,66,3880.5,Two year,DSL,Cash,1,4,0
CUST101317,Female,73,1,47,114,5415.26,One year,Fiber,Credit Card,1,4,0
CUST101318,Female,25,0,40,54,2082.45,One year,Fiber,Bank Transfer,3,3,0
CUST101319,Male,38,0,12,95,1149.66,One year,Fiber,UPI,1,5,0
CUST101320,Female,73,1,44,142,6266.89,One year,Fiber,Credit Card,1,3,0
CUST101321,Male,23,0,52,102,5289.46,Month-to-month,DSL,Credit Card,1,4,1
CUST101322,Male,38,0,41,44,1811.93,Month-to-month,DSL,UPI,2,1,1
CUST101323,Female,74,1,62,76,4661.22,One year,DSL,Credit Card,2,1,0
CUST101324,Female,56,0,26,51,1397.84,Two year,DSL,Cash,1,2,0
CUST101325,Male,41,0,37,82,3034.61,One year,Fiber,Credit Card,2,2,0
CUST101326,Female,50,0,59,31,1849.37,Month-to-month,None,Credit Card,1,5,0
CUST101327,Male,35,0,6,82,452.35,Month-to-month,Fiber,Cash,1,1,1
CUST101328,Female,73,1,4,96,462.57,One year,DSL,UPI,5,4,0
CUST101329,Male,45,0,44,111,4925.34,One year,DSL,Credit Card,2,1,0
CUST101330,Male,74,1,57,20,1192.26,Two year,Fiber,Bank Transfer,3,5,0
CUST101331,Female,69,1,30,198,6041.28,Month-to-month,DSL,UPI,0,2,0
CUST101332,Male,49,0,22,89,1947.41,Month-to-month,Fiber,Bank Transfer,2,2,0
CUST101333,Female,29,0,41,155,6384.83,Month-to-month,DSL,Bank Transfer,2,3,0
CUST101334,Male,65,1,9,152,1394.13,One year,DSL,Bank Transfer,2,2,0
CUST101335,Male,59,0,31,105,3227.11,Month-to-month,Fiber,Credit Card,3,4,0
CUST101336,Female,44,0,52,58,3035.26,Month-to-month,Fiber,Cash,2,5,0
CUST101337,Male,27,0,29,42,1178.32,Month-to-month,DSL,Credit Card,0,2,0
CUST101338,Male,63,1,38,87,3304.73,One year,None,Bank Transfer,1,2,0
CUST101339,Female,74,1,30,199,5889.18,Month-to-month,DSL,Bank Transfer,2,4,0
CUST101340,Male,69,1,1,23,-16.3,Month-to-month,DSL,Cash,1,2,1
CUST101341,Male,59,0,11,145,1503.45,Month-to-month,Fiber,UPI,2,4,1
CUST101342,Male,49,0,38,194,7447.79,Two year,Fiber,Bank Transfer,2,2,0
CUST101343,Male,59,0,65,40,2633.25,Month-to-month,DSL,Credit Card,3,4,0
CUST101344,Male,43,0,12,124,1464.58,One year,Fiber,Bank Transfer,4,2,0
CUST101345,Female,42,0,45,85,3787.37,One year,DSL,Bank Transfer,1,5,0
CUST101346,Female,28,0,26,26,733.63,One year,None,UPI,2,3,0
CUST101347,Female,40,0,16,68,1176.94,One year,Fiber,Cash,2,3,0
CUST101348,Male,51,0,59,35,2104.4,Month-to-month,DSL,Bank Transfer,2,1,0
CUST101349,Female,74,1,63,164,10398.42,Month-to-month,DSL,UPI,5,3,0
CUST101350,Male,69,1,34,103,3501.53,Month-to-month,Fiber,UPI,3,4,0
CUST101351,Female,57,0,69,106,7210.09,One year,Fiber,Bank Transfer,4,4,0
CUST101352,Female,40,0,29,117,3387.74,Two year,Fiber,Bank Transfer,2,3,1
CUST101353,Male,46,0,70,94,6586.44,Two year,None,Cash,1,4,0
CUST101354,Female,48,0,62,53,3339.17,One year,DSL,Credit Card,0,5,0
CUST101355,Male,24,0,27,180,4840.82,Two year,Fiber,Credit Card,2,4,1
CUST101356,Male,57,0,59,45,2597.33,Two year,Fiber,Cash,2,5,0
CUST101357,Male,50,0,36,85,2970.77,One year,Fiber,UPI,2,5,0
CUST101358,Male,38,0,21,144,3057.0,Month-to-month,Fiber,UPI,1,5,0
CUST101359,Female,19,0,67,82,5479.07,Month-to-month,DSL,Cash,2,2,0
CUST101360,Male,35,0,19,106,1958.58,Two year,DSL,Credit Card,6,1,1
CUST101361,Male,64,1,67,60,4051.08,One year,Fiber,UPI,2,4,0
CUST101362,Male,50,0,63,117,7410.74,Two year,Fiber,Credit Card,2,2,0
CUST101363,Male,54,0,16,143,2277.95,Month-to-month,None,UPI,1,1,0
CUST101364,Female,51,0,11,98,1128.3,Month-to-month,DSL,Credit Card,2,2,0
CUST101365,Male,37,0,21,29,641.57,Month-to-month,DSL,Cash,1,4,0
CUST101366,Female,52,0,16,34,536.93,Month-to-month,DSL,Credit Card,3,5,0
CUST101367,Female,68,1,9,61,538.21,Two year,Fiber,UPI,3,2,0
CUST101368,Male,67,1,64,112,7151.23,Month-to-month,None,UPI,5,1,0
CUST101369,Female,71,1,21,36,756.0,One year,DSL,UPI,6,1,0
CUST101370,Male,35,0,49,28,1446.9,Month-to-month,Fiber,Bank Transfer,0,1,0
CUST101371,Male,63,1,13,133,1788.35,Month-to-month,Fiber,Bank Transfer,4,2,0
CUST101372,Male,41,0,63,55,3490.82,Month-to-month,Fiber,UPI,2,1,1
CUST101373,Female,25,0,46,55,2621.04,Two year,Fiber,Cash,1,3,0
CUST101374,Male,47,0,28,67,1933.11,One year,Fiber,UPI,1,1,1
CUST101375,Female,61,1,35,70,2442.35,One year,Fiber,Cash,3,1,1
CUST101376,Male,70,1,51,116,5944.6,Two year,DSL,UPI,1,2,0
CUST101377,Male,27,0,6,138,896.04,Two year,None,UPI,2,4,0
CUST101378,Male,40,0,28,114,3196.43,Month-to-month,Fiber,Cash,0,2,0
CUST101379,Female,69,1,10,89,879.62,Month-to-month,DSL,Credit Card,1,2,0
CUST101380,Male,66,1,32,93,3067.16,Month-to-month,Fiber,Bank Transfer,2,3,0
CUST101381,Female,28,0,5,99,522.4,Month-to-month,Fiber,UPI,0,4,0
CUST101382,Male,19,0,31,87,2749.29,Month-to-month,Fiber,Cash,0,2,0
CUST101383,Female,75,1,50,169,8414.4,Month-to-month,DSL,Cash,3,3,0
CUST101384,Male,43,0,57,96,5517.49,Month-to-month,Fiber,Bank Transfer,2,2,1
CUST101385,Male,53,0,25,135,3365.54,Two year,DSL,Bank Transfer,4,3,0
CUST101386,Female,50,0,45,25,1123.12,Two year,DSL,Credit Card,3,5,0
CUST101387,Male,64,1,28,173,4795.82,Month-to-month,Fiber,UPI,3,1,0
CUST101388,Male,30,0,3,94,270.76,Two year,Fiber,Bank Transfer,4,1,0
CUST101389,Male,57,0,12,107,1212.93,One year,Fiber,Credit Card,4,2,0
CUST101390,Female,42,0,38,22,892.62,Month-to-month,Fiber,UPI,3,3,0
CUST101391,Female,21,0,14,71,966.71,One year,Fiber,UPI,1,5,0
CUST101392,Female,59,0,28,93,2621.18,Month-to-month,None,Cash,0,1,0
CUST101393,Female,36,0,28,144,3974.09,Month-to-month,Fiber,Bank Transfer,4,2,0
CUST101394,Male,35,0,31,84,2628.44,Month-to-month,DSL,Credit Card,2,2,0
CUST101395,Male,54,0,1,71,-55.43,Month-to-month,Fiber,Credit Card,2,3,0
CUST101396,Female,47,0,46,95,4324.84,Month-to-month,DSL,Cash,1,4,1
CUST101397,Male,36,0,21,161,3448.75,Month-to-month,DSL,Credit Card,1,2,1
CUST101398,Female,75,1,26,108,2774.99,Two year,Fiber,Credit Card,4,5,1
CUST101399,Male,40,0,66,91,5995.63,One year,Fiber,UPI,1,5,1
CUST101400,Female,71,1,55,87,4676.75,One year,Fiber,Bank Transfer,0,4,0
CUST101401,Female,33,0,20,175,3567.67,One year,Fiber,Cash,3,5,0
CUST101402,Female,18,0,46,157,7209.16,One year,DSL,Bank Transfer,0,3,0
CUST101403,Male,29,0,58,134,7838.0,Month-to-month,DSL,Credit Card,3,2,0
CUST101404,Female,41,0,5,76,345.64,Two year,DSL,Credit Card,0,3,0
CUST101405,Female,51,0,18,85,1455.95,Two year,DSL,Credit Card,2,4,0
CUST101406,Male,70,1,56,109,6174.64,Month-to-month,Fiber,Bank Transfer,2,4,0
CUST101407,Male,74,1,68,69,4711.72,One year,DSL,Cash,2,3,0
CUST101408,Male,25,0,2,33,71.23,One year,Fiber,Cash,2,1,0
CUST101409,Female,35,0,0,35,-30.11,Month-to-month,Fiber,UPI,1,4,0
CUST101410,Male,74,1,57,190,10889.72,Month-to-month,Fiber,Cash,3,2,0
CUST101411,Female,65,1,37,61,2164.87,Month-to-month,DSL,UPI,1,4,0
CUST101412,Male,22,0,14,129,1846.09,Two year,Fiber,Credit Card,1,3,0
CUST101413,Female,43,0,33,41,1293.25,Month-to-month,Fiber,Cash,2,3,1
CUST101414,Female,47,0,60,87,5242.97,Month-to-month,DSL,UPI,1,5,0
CUST101415,Female,71,1,34,38,1391.62,Month-to-month,Fiber,UPI,3,1,1
CUST101416,Male,30,0,63,85,5353.0,One year,DSL,Bank Transfer,2,3,0
CUST101417,Female,36,0,24,186,4459.68,Two year,None,Credit Card,2,5,0
CUST101418,Female,46,0,23,92,2090.23,One year,Fiber,Cash,2,5,1
CUST101419,Female,20,0,11,166,1818.13,Month-to-month,Fiber,Cash,2,2,1
CUST101420,Male,43,0,17,163,2748.85,One year,Fiber,Cash,1,5,0
CUST101421,Male,57,0,14,73,1023.1,One year,Fiber,UPI,1,1,1
CUST101422,Male,75,1,26,172,4457.69,One year,Fiber,Cash,4,2,1
CUST101423,Female,75,1,71,131,9292.55,One year,Fiber,Cash,4,3,0
CUST101424,Female,29,0,59,37,2154.88,Month-to-month,Fiber,Cash,4,3,0
CUST101425,Male,19,0,45,170,7643.71,Month-to-month,Fiber,Credit Card,3,5,0
CUST101426,Female,28,0,16,136,2174.06,Month-to-month,DSL,Credit Card,1,4,0
CUST101427,Male,61,1,52,104,5491.12,Two year,DSL,UPI,2,1,0
CUST101428,Male,45,0,7,158,1185.61,One year,DSL,Bank Transfer,2,1,0
CUST101429,Male,35,0,26,58,1524.34,One year,Fiber,Cash,2,5,0
CUST101430,Male,30,0,45,124,5557.78,Two year,DSL,Cash,3,1,1
CUST101431,Male,54,0,49,87,4280.38,Two year,Fiber,UPI,1,2,0
CUST101432,Male,39,0,70,44,3039.11,Month-to-month,DSL,Cash,3,5,1
CUST101433,Male,29,0,2,177,326.3,Month-to-month,DSL,Bank Transfer,5,4,1
CUST101434,Female,19,0,63,192,12098.79,Two year,Fiber,UPI,2,3,0
CUST101435,Female,54,0,43,142,6072.82,Two year,DSL,Credit Card,2,1,0
CUST101436,Male,24,0,52,140,7247.81,One year,Fiber,Bank Transfer,3,3,1
CUST101437,Female,43,0,23,80,1816.72,Two year,Fiber,Cash,3,4,0
CUST101438,Male,43,0,59,119,7135.29,Month-to-month,DSL,Bank Transfer,2,4,0
CUST101439,Female,41,0,2,70,148.65,Month-to-month,Fiber,Credit Card,3,2,0
CUST101440,Male,29,0,19,117,2136.51,Month-to-month,Fiber,UPI,2,4,1
CUST101441,Female,33,0,45,156,7029.76,Two year,Fiber,Bank Transfer,3,4,0
CUST101442,Male,40,0,14,21,316.86,One year,Fiber,UPI,2,1,0
CUST101443,Female,57,0,24,24,572.98,One year,DSL,UPI,5,3,0
CUST101444,Male,26,0,70,199,13960.48,Month-to-month,DSL,Cash,0,1,0
CUST101445,Male,49,0,16,105,1651.51,Month-to-month,Fiber,Cash,0,1,0
CUST101446,Female,32,0,8,152,1208.74,Two year,Fiber,UPI,5,5,0
CUST101447,Male,54,0,37,87,3214.61,Month-to-month,DSL,Credit Card,2,5,0
CUST101448,Male,30,0,47,28,1281.6,One year,DSL,UPI,2,2,0
CUST101449,Male,22,0,59,112,6560.53,One year,Fiber,Credit Card,3,2,1
CUST101450,Female,28,0,62,169,10481.87,One year,DSL,Bank Transfer,4,4,0
CUST101451,Female,27,0,1,174,185.47,Two year,DSL,UPI,0,2,0
CUST101452,Female,69,1,71,157,11006.87,Month-to-month,DSL,Bank Transfer,0,2,0
CUST101453,Female,30,0,10,144,1414.24,One year,Fiber,UPI,4,4,0
CUST101454,Female,58,0,63,80,5025.8,Month-to-month,DSL,Bank Transfer,1,3,0
CUST101455,Male,70,1,71,70,4979.09,Month-to-month,Fiber,Credit Card,0,4,0
CUST101456,Male,63,1,20,29,621.04,Month-to-month,Fiber,Bank Transfer,3,4,0
CUST101457,Female,67,1,17,153,2585.4,Month-to-month,Fiber,Bank Transfer,2,3,0
CUST101458,Female,32,0,63,81,5132.06,Two year,Fiber,Cash,1,4,0
CUST101459,Female,59,0,37,132,4815.16,One year,Fiber,UPI,0,5,0
CUST101460,Male,73,1,31,152,4779.05,Month-to-month,Fiber,UPI,2,2,0
CUST101461,Male,24,0,10,141,1407.46,Month-to-month,DSL,UPI,0,4,1
CUST101462,Female,57,0,44,142,6172.71,Month-to-month,DSL,UPI,0,1,0
CUST101463,Female,45,0,32,82,2653.79,One year,DSL,Cash,2,2,1
CUST101464,Female,49,0,40,130,5186.74,Two year,DSL,Credit Card,4,5,0
CUST101465,Male,52,0,7,108,847.82,Month-to-month,None,Bank Transfer,2,5,1
CUST101466,Female,32,0,10,70,779.82,Month-to-month,None,Bank Transfer,2,4,0
CUST101467,Female,65,1,50,197,9894.4,Month-to-month,DSL,Credit Card,1,3,0
CUST101468,Male,53,0,40,151,5896.06,Month-to-month,Fiber,Bank Transfer,2,1,0
CUST101469,Female,38,0,16,123,1956.65,One year,Fiber,Cash,4,4,0
CUST101470,Female,23,0,45,142,6453.46,Month-to-month,Fiber,UPI,1,3,0
CUST101471,Female,18,0,31,67,2119.03,Month-to-month,Fiber,UPI,3,5,0
CUST101472,Male,21,0,53,51,2656.88,Month-to-month,DSL,Cash,0,2,0
CUST101473,Male,28,0,19,139,2635.78,One year,Fiber,UPI,2,5,0
CUST101474,Male,61,1,32,198,6365.71,Month-to-month,Fiber,Bank Transfer,4,4,0
CUST101475,Male,43,0,39,199,7681.31,Two year,Fiber,Credit Card,2,3,1
CUST101476,Female,54,0,31,118,3582.64,One year,Fiber,Credit Card,2,4,0
CUST101477,Male,40,0,1,93,214.84,One year,None,Bank Transfer,0,5,1
CUST101478,Male,46,0,32,53,1680.61,Month-to-month,Fiber,Credit Card,2,1,0
CUST101479,Male,38,0,29,183,5211.51,Month-to-month,Fiber,Credit Card,0,5,0
CUST101480,Male,65,1,32,89,2813.37,Month-to-month,DSL,UPI,2,4,1
CUST101481,Female,62,1,25,190,4766.25,Month-to-month,Fiber,Bank Transfer,3,3,0
CUST101482,Male,62,1,21,129,2748.76,Month-to-month,Fiber,Cash,1,4,0
CUST101483,Male,66,1,65,35,2242.07,Month-to-month,DSL,Credit Card,1,2,0
CUST101484,Male,44,0,37,78,2826.16,Month-to-month,Fiber,Bank Transfer,2,2,0
CUST101485,Male,56,0,45,200,9043.55,Month-to-month,DSL,Cash,2,3,0
CUST101486,Male,57,0,14,38,484.76,Two year,DSL,Cash,5,5,1
CUST101487,Female,30,0,43,114,4889.35,Month-to-month,DSL,UPI,3,4,0
CUST101488,Male,40,0,48,132,6369.57,Month-to-month,DSL,UPI,2,2,1
CUST101489,Male,33,0,60,60,3575.71,Month-to-month,Fiber,Credit Card,0,1,0
CUST101490,Female,47,0,66,100,6700.32,One year,Fiber,Bank Transfer,1,2,0
CUST101491,Male,21,0,5,194,927.39,One year,Fiber,Bank Transfer,2,5,0
CUST101492,Female,57,0,8,122,957.6,Month-to-month,Fiber,UPI,0,3,1
CUST101493,Female,33,0,5,73,345.23,One year,Fiber,UPI,1,1,0
CUST101494,Female,48,0,72,114,8176.16,Month-to-month,DSL,UPI,3,4,0
CUST101495,Female,70,1,31,166,5200.24,One year,DSL,Credit Card,2,4,0
CUST101496,Female,59,0,40,81,3222.58,One year,DSL,Bank Transfer,3,3,0
CUST101497,Female,42,0,7,118,968.74,One year,Fiber,Credit Card,2,1,0
CUST101498,Male,61,1,71,112,7957.07,One year,Fiber,Bank Transfer,2,1,1
CUST101499,Female,29,0,49,84,4126.97,Month-to-month,DSL,UPI,2,1,0
CUST101500,Male,43,0,61,87,5228.69,Month-to-month,Fiber,Credit Card,5,3,0
CUST101501,Female,54,0,61,47,2838.07,Month-to-month,None,Cash,2,3,1
CUST101502,Male,65,1,6,37,256.21,Two year,DSL,Credit Card,1,4,0
CUST101503,Female,50,0,3,45,162.26,Month-to-month,Fiber,Credit Card,2,2,1
CUST101504,Male,45,0,5,123,561.92,Month-to-month,DSL,Cash,1,5,1
CUST101505,Female,26,0,57,166,9438.95,Month-to-month,Fiber,Cash,1,4,0
CUST101506,Male,29,0,21,74,1393.41,Month-to-month,Fiber,UPI,1,1,0
CUST101507,Male,22,0,25,138,3410.46,One year,Fiber,Cash,1,2,0
CUST101508,Male,71,1,2,143,372.4,Month-to-month,Fiber,Cash,4,5,1
CUST101509,Female,69,1,40,153,6131.66,Month-to-month,Fiber,Credit Card,2,1,0
CUST101510,Male,71,1,59,148,8788.12,Month-to-month,DSL,Credit Card,0,3,0
CUST101511,Female,45,0,13,27,266.79,One year,DSL,UPI,0,2,0
CUST101512,Male,73,1,11,70,774.79,Month-to-month,Fiber,Cash,1,3,0
CUST101513,Female,52,0,11,104,1138.15,Month-to-month,DSL,Bank Transfer,1,5,0
CUST101514,Female,22,0,12,44,496.89,One year,DSL,Credit Card,2,5,0
CUST101515,Male,51,0,24,194,4644.47,Month-to-month,DSL,UPI,0,1,0
CUST101516,Male,63,1,44,102,4461.64,Month-to-month,DSL,Credit Card,3,3,0
CUST101517,Female,51,0,18,112,1957.7,One year,DSL,Credit Card,2,4,0
CUST101518,Female,30,0,54,136,7350.73,Month-to-month,Fiber,Bank Transfer,1,4,0
CUST101519,Female,56,0,44,157,6951.7,Month-to-month,DSL,UPI,4,3,0
CUST101520,Male,59,0,7,75,485.91,One year,Fiber,Bank Transfer,3,5,0
CUST101521,Male,62,1,52,31,1575.21,Month-to-month,Fiber,Bank Transfer,2,2,0
CUST101522,Male,65,1,54,180,9760.31,Month-to-month,Fiber,UPI,9,3,0
CUST101523,Male,75,1,31,139,4311.44,One year,Fiber,Cash,4,1,0
CUST101524,Male,31,0,50,90,4482.56,Two year,Fiber,Bank Transfer,3,4,0
CUST101525,Male,28,0,43,36,1552.93,One year,DSL,Cash,2,1,0
CUST101526,Male,59,0,69,141,9832.08,Month-to-month,Fiber,Credit Card,4,2,0
CUST101527,Female,55,0,17,143,2488.49,Month-to-month,DSL,UPI,1,4,0
CUST101528,Female,21,0,21,29,695.19,One year,Fiber,UPI,4,4,0
CUST101529,Male,70,1,36,50,1836.79,Month-to-month,DSL,Credit Card,1,4,0
CUST101530,Male,50,0,55,79,4306.87,Month-to-month,DSL,Credit Card,3,1,0
CUST101531,Male,24,0,58,89,5139.9,One year,DSL,Credit Card,4,5,0
CUST101532,Female,73,1,2,36,34.19,Month-to-month,Fiber,Bank Transfer,1,1,0
CUST101533,Female,58,0,27,69,1894.14,Month-to-month,DSL,Bank Transfer,1,5,0
CUST101534,Male,25,0,34,56,1888.81,Month-to-month,Fiber,Bank Transfer,2,3,1
CUST101535,Female,54,0,60,137,8178.32,One year,None,Bank Transfer,1,4,1
CUST101536,Male,68,1,53,176,9322.31,Month-to-month,DSL,Bank Transfer,4,1,0
CUST101537,Female,27,0,62,179,11028.03,Month-to-month,None,Cash,4,2,1
CUST101538,Male,60,1,6,99,644.44,Month-to-month,DSL,Cash,1,2,0
CUST101539,Female,74,1,48,30,1391.68,Two year,Fiber,Bank Transfer,3,5,0
CUST101540,Male,32,0,30,153,4635.62,Month-to-month,None,UPI,3,5,0
CUST101541,Female,55,0,57,142,8117.3,Month-to-month,None,UPI,2,4,0
CUST101542,Female,32,0,60,54,3268.8,One year,Fiber,Cash,1,5,0
CUST101543,Male,22,0,23,52,1138.72,Month-to-month,Fiber,Cash,1,2,0
CUST101544,Male,46,0,19,37,706.32,Month-to-month,DSL,UPI,2,1,0
CUST101545,Male,36,0,36,184,6598.06,One year,Fiber,UPI,1,1,0
CUST101546,Female,71,1,3,32,8.39,One year,DSL,UPI,2,5,0
CUST101547,Male,68,1,19,109,2142.8,Month-to-month,DSL,Cash,2,5,0
CUST101548,Male,27,0,59,129,7606.24,Two year,Fiber,Cash,2,2,0
CUST101549,Male,29,0,23,20,437.47,Month-to-month,DSL,UPI,2,3,0
CUST101550,Male,71,1,49,82,4086.7,Two year,None,Cash,2,1,0
CUST101551,Female,21,0,48,53,2592.35,One year,Fiber,Bank Transfer,3,5,0
CUST101552,Male,48,0,50,122,6265.18,Two year,Fiber,UPI,0,4,0
CUST101553,Male,35,0,35,29,967.42,Month-to-month,Fiber,Credit Card,2,5,0
CUST101554,Female,33,0,65,147,9526.52,Month-to-month,Fiber,UPI,1,5,0
CUST101555,Male,57,0,33,26,954.99,One year,DSL,Cash,1,1,0
CUST101556,Male,53,0,35,75,2582.19,One year,Fiber,Credit Card,1,5,1
CUST101557,Male,42,0,5,99,458.46,Two year,DSL,Credit Card,2,4,0
CUST101558,Male,40,0,38,184,6987.94,Month-to-month,DSL,UPI,1,4,1
CUST101559,Male,29,0,41,176,7298.42,Month-to-month,DSL,Bank Transfer,1,4,1
CUST101560,Male,51,0,57,31,1740.48,Two year,Fiber,Bank Transfer,3,2,0
CUST101561,Male,53,0,11,164,1917.88,Two year,DSL,Cash,3,4,0
CUST101562,Female,54,0,2,67,133.34,Month-to-month,Fiber,Credit Card,4,1,0
CUST101563,Female,20,0,17,45,832.07,One year,Fiber,Bank Transfer,2,3,0
CUST101564,Male,26,0,39,131,5091.95,One year,DSL,Cash,1,5,0
CUST101565,Male,70,1,20,141,2771.25,Month-to-month,Fiber,Credit Card,3,5,0
CUST101566,Female,35,0,14,31,462.67,Two year,Fiber,Cash,3,5,0
CUST101567,Male,60,1,25,168,4127.33,Month-to-month,None,Bank Transfer,7,4,1
CUST101568,Female,52,0,7,61,344.91,One year,DSL,Cash,0,4,0
CUST101569,Female,74,1,41,80,3315.34,Two year,Fiber,Cash,2,4,0
CUST101570,Male,72,1,43,77,3282.37,Month-to-month,Fiber,Bank Transfer,1,3,0
CUST101571,Female,51,0,13,53,620.1,Two year,None,Bank Transfer,2,3,0
CUST101572,Female,58,0,1,26,-4.0,One year,Fiber,Cash,3,3,0
CUST101573,Male,31,0,36,128,4636.09,Two year,Fiber,Bank Transfer,0,3,0
CUST101574,Male,21,0,68,54,3624.97,Month-to-month,DSL,UPI,3,3,0
CUST101575,Male,46,0,37,34,1118.52,Month-to-month,DSL,UPI,2,5,0
CUST101576,Male,58,0,40,44,1751.98,One year,DSL,UPI,2,5,0
CUST101577,Male,62,1,61,78,4775.93,Month-to-month,Fiber,Credit Card,0,3,0
CUST101578,Male,67,1,59,98,5822.58,Month-to-month,Fiber,UPI,1,5,0
CUST101579,Male,32,0,13,105,1416.12,Month-to-month,DSL,UPI,0,3,0
CUST101580,Male,45,0,1,153,145.06,Month-to-month,Fiber,UPI,1,3,1
CUST101581,Male,59,0,69,199,13826.02,One year,DSL,Bank Transfer,1,3,0
CUST101582,Male,33,0,16,107,1705.84,One year,Fiber,Bank Transfer,3,5,0
CUST101583,Male,29,0,27,168,4524.67,One year,Fiber,Bank Transfer,0,2,0
CUST101584,Female,69,1,65,90,5835.52,One year,Fiber,Bank Transfer,1,2,0
CUST101585,Female,22,0,34,140,4767.13,Two year,DSL,Bank Transfer,0,2,0
CUST101586,Female,51,0,4,112,473.43,Month-to-month,Fiber,UPI,3,1,0
CUST101587,Male,59,0,64,115,7429.79,Two year,None,UPI,1,2,0
CUST101588,Male,18,0,39,51,1961.94,Month-to-month,Fiber,Bank Transfer,2,2,0
CUST101589,Female,56,0,55,72,3919.87,Month-to-month,DSL,Cash,5,2,0
CUST101590,Female,49,0,35,78,2737.05,Month-to-month,Fiber,Bank Transfer,2,4,0
CUST101591,Female,43,0,44,88,3850.1,Month-to-month,Fiber,UPI,3,3,0
CUST101592,Female,34,0,22,151,3265.97,Month-to-month,DSL,UPI,2,5,0
CUST101593,Female,65,1,46,105,4890.21,Month-to-month,DSL,Bank Transfer,1,4,0
CUST101594,Female,44,0,30,37,1168.62,Month-to-month,Fiber,Credit Card,2,3,0
CUST101595,Male,41,0,10,100,926.55,Month-to-month,Fiber,Cash,3,2,0
CUST101596,Female,52,0,9,133,1190.18,Month-to-month,None,Bank Transfer,5,2,1
CUST101597,Female,63,1,66,43,2866.85,Month-to-month,DSL,UPI,4,4,0
CUST101598,Male,59,0,13,85,1201.1,Month-to-month,Fiber,Cash,2,5,0
CUST101599,Male,71,1,9,160,1436.89,Month-to-month,DSL,Credit Card,2,4,1
CUST101600,Female,56,0,0,81,43.16,Two year,None,Cash,2,4,0
CUST101601,Male,43,0,4,73,273.55,One year,DSL,Bank Transfer,1,3,0
CUST101602,Female,66,1,19,162,3100.69,Two year,DSL,UPI,1,1,0
CUST101603,Female,55,0,7,150,1095.08,One year,DSL,UPI,1,5,1
CUST101604,Male,40,0,42,56,2369.44,Two year,Fiber,UPI,4,5,0
CUST101605,Male,39,0,0,56,1.33,One year,DSL,Cash,3,4,0
CUST101606,Male,21,0,56,150,8448.38,Month-to-month,Fiber,Bank Transfer,2,4,0
CUST101607,Female,66,1,63,54,3470.36,Month-to-month,Fiber,Bank Transfer,2,2,0
CUST101608,Female,26,0,27,199,5380.54,Month-to-month,Fiber,Cash,3,4,0
CUST101609,Male,21,0,36,143,5199.64,One year,DSL,Cash,1,3,0
CUST101610,Female,24,0,46,175,8021.94,Two year,DSL,Credit Card,2,2,0
CUST101611,Female,40,0,36,37,1312.09,One year,DSL,UPI,2,1,0
CUST101612,Male,19,0,48,141,6846.41,Month-to-month,Fiber,Cash,2,3,1
CUST101613,Male,66,1,43,183,7723.9,Two year,Fiber,UPI,5,5,0
CUST101614,Female,41,0,55,180,9888.08,Two year,DSL,Credit Card,3,5,0
CUST101615,Female,57,0,27,173,4681.83,Month-to-month,Fiber,Bank Transfer,5,3,0
CUST101616,Male,72,1,5,67,276.84,Two year,DSL,UPI,1,4,0
CUST101617,Male,48,0,60,187,11273.82,Month-to-month,Fiber,Cash,1,4,0
CUST101618,Male,64,1,19,36,681.6,Month-to-month,None,Cash,4,4,0
CUST101619,Male,48,0,1,187,222.66,Month-to-month,DSL,Credit Card,2,5,1
CUST101620,Male,64,1,72,154,11163.47,One year,Fiber,UPI,3,3,0
CUST101621,Female,57,0,36,76,2797.54,Month-to-month,Fiber,Bank Transfer,1,4,0
CUST101622,Male,65,1,19,27,495.63,Month-to-month,Fiber,Bank Transfer,4,2,0
CUST101623,Female,68,1,25,147,3618.13,Month-to-month,Fiber,Cash,3,5,0
CUST101624,Female,60,1,28,136,3787.81,Month-to-month,Fiber,Credit Card,2,3,0
CUST101625,Female,51,0,0,75,7.83,Month-to-month,DSL,Cash,2,3,0
CUST101626,Female,72,1,34,145,4841.08,Month-to-month,Fiber,Cash,2,3,0
CUST101627,Male,41,0,69,178,12361.38,Month-to-month,Fiber,Cash,1,3,0
CUST101628,Female,66,1,58,78,4530.07,Month-to-month,None,Cash,4,1,0
CUST101629,Female,43,0,68,77,5224.31,Month-to-month,Fiber,Credit Card,1,2,0
CUST101630,Male,33,0,32,159,4991.38,Two year,DSL,Cash,1,1,0
CUST101631,Female,74,1,50,195,9750.66,Two year,Fiber,UPI,5,4,1
CUST101632,Male,64,1,11,178,1962.79,Month-to-month,Fiber,Cash,1,1,0
CUST101633,Male,30,0,19,127,2371.06,Month-to-month,Fiber,Cash,0,1,0
CUST101634,Male,32,0,52,93,4850.88,Two year,Fiber,Bank Transfer,1,5,0
CUST101635,Female,44,0,42,186,7805.54,Month-to-month,None,Bank Transfer,1,3,0
CUST101636,Female,21,0,49,167,8102.74,One year,DSL,Credit Card,2,1,0
CUST101637,Female,33,0,28,120,3394.17,Month-to-month,DSL,Credit Card,2,3,0
CUST101638,Female,47,0,56,67,3875.54,Month-to-month,Fiber,UPI,2,2,0
CUST101639,Female,61,1,38,90,3509.51,One year,Fiber,Cash,0,1,0
CUST101640,Male,47,0,55,135,7449.58,One year,Fiber,Bank Transfer,0,5,0
CUST101641,Male,53,0,42,141,5935.86,Month-to-month,Fiber,UPI,2,5,0
CUST101642,Female,20,0,49,97,4677.63,Month-to-month,Fiber,UPI,5,4,0
CUST101643,Female,39,0,22,48,1068.58,Two year,DSL,Credit Card,4,1,0
CUST101644,Female,66,1,43,112,4801.32,Month-to-month,Fiber,Bank Transfer,2,2,0
CUST101645,Female,39,0,37,92,3277.03,One year,DSL,Cash,4,3,0
CUST101646,Male,67,1,22,119,2599.17,Month-to-month,Fiber,Credit Card,2,1,0
CUST101647,Female,74,1,44,195,8551.27,Month-to-month,None,UPI,2,4,0
CUST101648,Female,67,1,51,93,4665.74,Month-to-month,DSL,UPI,1,5,0
CUST101649,Female,72,1,49,114,5580.93,One year,DSL,Bank Transfer,3,1,0
CUST101650,Female,66,1,7,36,178.11,Month-to-month,DSL,Bank Transfer,2,4,0
CUST101651,Female,29,0,0,156,20.24,Month-to-month,DSL,Cash,2,2,1
CUST101652,Male,72,1,7,116,839.91,Month-to-month,DSL,Bank Transfer,3,3,1
CUST101653,Male,38,0,28,181,4964.88,Two year,Fiber,Bank Transfer,1,2,0
CUST101654,Male,73,1,4,192,747.4,Two year,Fiber,Credit Card,0,2,0
CUST101655,Female,21,0,46,28,1264.58,One year,DSL,Credit Card,2,3,0
CUST101656,Female,48,0,33,154,5070.2,Two year,Fiber,Cash,1,1,0
CUST101657,Male,61,1,64,163,10309.28,Month-to-month,None,Credit Card,4,3,0
CUST101658,Male,48,0,54,38,2071.29,Two year,DSL,Cash,4,4,0
CUST101659,Female,75,1,42,153,6501.94,Month-to-month,Fiber,Credit Card,1,2,0
CUST101660,Female,40,0,29,133,3932.82,Month-to-month,DSL,UPI,3,3,0
CUST101661,Male,71,1,16,158,2573.48,Month-to-month,DSL,Credit Card,2,5,0
CUST101662,Male,70,1,25,144,3499.32,Two year,Fiber,Cash,2,3,0
CUST101663,Male,37,0,7,80,528.54,One year,DSL,Credit Card,1,3,0
CUST101664,Male,32,0,46,61,2831.18,One year,DSL,Bank Transfer,1,4,0
CUST101665,Female,40,0,71,32,2295.04,Two year,DSL,UPI,2,2,0
CUST101666,Male,45,0,45,159,7213.06,One year,None,Credit Card,1,4,1
CUST101667,Male,33,0,67,104,6954.88,One year,DSL,UPI,2,4,0
CUST101668,Female,54,0,32,39,1187.0,Month-to-month,Fiber,UPI,3,5,0
CUST101669,Male,38,0,0,69,26.52,Two year,Fiber,UPI,2,4,0
CUST101670,Female,32,0,18,183,3270.18,Two year,DSL,UPI,1,4,0
CUST101671,Male,34,0,30,111,3399.74,Two year,DSL,Bank Transfer,2,5,0
CUST101672,Male,67,1,13,107,1424.61,Month-to-month,DSL,Bank Transfer,3,1,0
CUST101673,Female,54,0,52,88,4557.54,Month-to-month,DSL,Cash,1,4,0
CUST101674,Male,30,0,47,56,2640.42,Month-to-month,DSL,Cash,2,3,1
CUST101675,Female,36,0,68,159,10867.81,Month-to-month,DSL,Cash,0,4,0
CUST101676,Female,47,0,61,118,7224.51,Month-to-month,DSL,Cash,3,2,0
CUST101677,Male,62,1,65,144,9366.91,One year,DSL,UPI,1,3,0
CUST101678,Female,35,0,63,187,11793.6,Two year,Fiber,UPI,3,3,0
CUST101679,Female,31,0,69,73,5021.75,Two year,DSL,UPI,3,1,1
CUST101680,Female,53,0,62,149,9258.62,Month-to-month,None,Bank Transfer,2,2,0
CUST101681,Male,53,0,72,197,14185.13,Month-to-month,DSL,Bank Transfer,1,2,0
CUST101682,Female,37,0,32,60,1868.15,Month-to-month,Fiber,UPI,2,2,0
CUST101683,Male,69,1,40,64,2581.39,Month-to-month,None,UPI,2,4,0
CUST101684,Female,36,0,47,122,5761.56,Month-to-month,DSL,UPI,3,4,0
CUST101685,Female,62,1,12,125,1550.35,Month-to-month,Fiber,UPI,4,3,0
CUST101686,Female,61,1,72,156,11152.77,Two year,Fiber,Bank Transfer,2,1,0
CUST101687,Female,24,0,30,147,4423.38,Month-to-month,None,Credit Card,0,4,0
CUST101688,Female,74,1,67,105,7015.61,One year,Fiber,Cash,4,4,0
CUST101689,Female,61,1,3,66,226.59,One year,DSL,Cash,5,1,1
CUST101690,Male,70,1,18,24,370.38,One year,Fiber,Credit Card,5,2,0
CUST101691,Male,21,0,69,20,1444.8,One year,Fiber,Bank Transfer,2,3,0
CUST101692,Male,51,0,12,63,702.31,Two year,DSL,Bank Transfer,1,4,0
CUST101693,Female,19,0,22,169,3692.74,One year,Fiber,Credit Card,3,1,0
CUST101694,Male,22,0,0,57,135.61,Two year,Fiber,Cash,1,1,0
CUST101695,Female,72,1,53,38,2018.66,Month-to-month,DSL,Cash,2,2,0
CUST101696,Male,27,0,70,178,12514.54,Month-to-month,Fiber,Credit Card,3,5,0
CUST101697,Female,49,0,14,134,1888.39,Two year,DSL,Credit Card,2,5,0
CUST101698,Male,59,0,64,106,6847.42,Month-to-month,Fiber,UPI,2,5,0
CUST101699,Male,58,0,70,189,13270.22,One year,DSL,Credit Card,3,5,0
CUST101700,Male,30,0,14,142,1948.08,One year,Fiber,Credit Card,3,4,0
CUST101701,Male,56,0,20,101,1931.13,Month-to-month,Fiber,Cash,3,1,0
CUST101702,Female,22,0,18,173,3050.18,Month-to-month,Fiber,UPI,1,3,0
CUST101703,Female,75,1,59,160,9414.74,Two year,None,UPI,2,4,0
CUST101704,Female,27,0,32,77,2492.24,Two year,DSL,Cash,2,5,0
CUST101705,Male,27,0,48,165,7970.07,One year,DSL,Cash,4,3,0
CUST101706,Female,55,0,34,86,2921.66,One year,Fiber,Bank Transfer,2,3,0
CUST101707,Female,44,0,43,141,6071.3,Two year,Fiber,UPI,1,5,0
CUST101708,Male,68,1,10,106,944.25,One year,Fiber,Credit Card,2,3,0
CUST101709,Male,38,0,71,150,10635.8,Month-to-month,Fiber,UPI,4,4,1
CUST101710,Male,25,0,65,74,4805.3,Month-to-month,Fiber,Bank Transfer,2,2,0
CUST101711,Male,18,0,45,108,4882.44,Month-to-month,DSL,Credit Card,3,4,0
CUST101712,Female,45,0,8,77,599.7,Month-to-month,Fiber,Bank Transfer,2,4,0
CUST101713,Male,66,1,2,82,138.96,Month-to-month,Fiber,Cash,0,2,0
CUST101714,Female,56,0,25,110,2844.41,Two year,Fiber,Bank Transfer,1,5,1
CUST101715,Male,31,0,71,71,4972.08,One year,None,Cash,2,5,0
CUST101716,Male,38,0,47,145,6883.33,Two year,DSL,Bank Transfer,0,2,0
CUST101717,Male,47,0,65,43,2826.18,One year,Fiber,Cash,0,4,0
CUST101718,Male,38,0,69,91,6272.7,Month-to-month,DSL,UPI,2,1,0
CUST101719,Female,66,1,27,28,866.12,Month-to-month,Fiber,Cash,2,3,1
CUST101720,Male,26,0,25,129,3221.78,Two year,Fiber,UPI,1,3,0
CUST101721,Male,34,0,24,184,4373.15,Month-to-month,DSL,Cash,0,3,1
CUST101722,Female,22,0,11,113,1253.7,One year,None,Bank Transfer,2,1,1
CUST101723,Male,75,1,4,136,587.79,Month-to-month,Fiber,Bank Transfer,3,4,1
CUST101724,Female,74,1,47,102,4821.63,Month-to-month,None,Bank Transfer,0,5,0
CUST101725,Female,48,0,36,200,7172.99,Month-to-month,DSL,Cash,2,2,0
CUST101726,Female,69,1,43,99,4290.26,One year,Fiber,Cash,0,3,0
CUST101727,Male,57,0,14,171,2308.1,Two year,Fiber,Bank Transfer,0,1,0
CUST101728,Female,55,0,42,168,7124.06,One year,Fiber,UPI,3,2,0
CUST101729,Male,60,1,47,119,5633.01,One year,Fiber,Cash,2,4,1
CUST101730,Female,36,0,69,59,3962.54,Two year,Fiber,UPI,3,1,0
CUST101731,Female,53,0,45,122,5453.42,One year,Fiber,Cash,2,1,1
CUST101732,Male,67,1,42,81,3464.31,Two year,DSL,Bank Transfer,1,2,0
CUST101733,Female,50,0,20,88,1748.49,Month-to-month,Fiber,UPI,2,2,1
CUST101734,Male,30,0,22,161,3540.23,Two year,Fiber,Credit Card,1,3,1
CUST101735,Female,31,0,46,128,5958.3,One year,Fiber,Cash,3,4,1
CUST101736,Male,73,1,14,189,2616.35,Month-to-month,DSL,UPI,2,2,0
CUST101737,Male,50,0,24,197,4620.76,Month-to-month,DSL,Bank Transfer,2,3,0
CUST101738,Female,46,0,35,23,874.11,Month-to-month,DSL,UPI,3,3,0
CUST101739,Female,60,1,50,91,4528.14,Month-to-month,Fiber,Credit Card,1,2,0
CUST101740,Male,66,1,14,36,502.67,Two year,DSL,Credit Card,2,1,1
CUST101741,Female,53,0,67,133,8901.27,One year,DSL,UPI,2,1,0
CUST101742,Male,75,1,20,104,2055.75,Two year,Fiber,Credit Card,2,1,0
CUST101743,Female,61,1,12,76,868.84,One year,DSL,Cash,0,3,0
CUST101744,Male,27,0,18,126,2259.0,One year,None,Credit Card,1,1,0
CUST101745,Male,48,0,33,67,2163.2,Month-to-month,Fiber,UPI,2,4,0
CUST101746,Female,23,0,67,191,12865.55,One year,None,UPI,1,1,0
CUST101747,Male,74,1,51,192,9852.79,One year,DSL,Cash,2,1,0
CUST101748,Male,18,0,26,136,3563.66,Two year,DSL,Cash,1,3,0
CUST101749,Female,24,0,28,180,5066.06,Month-to-month,DSL,UPI,1,5,0
CUST101750,Female,75,1,27,50,1265.03,One year,Fiber,Bank Transfer,2,4,0
CUST101751,Male,44,0,34,131,4510.55,Month-to-month,DSL,Cash,0,3,0
CUST101752,Female,38,0,7,66,439.54,One year,DSL,Bank Transfer,2,4,0
CUST101753,Male,45,0,15,153,2362.51,Two year,None,Credit Card,4,4,0
CUST101754,Male,33,0,35,127,4529.87,One year,DSL,Credit Card,0,1,0
CUST101755,Female,73,1,29,91,2626.92,Month-to-month,Fiber,Cash,1,4,0
CUST101756,Female,63,1,17,90,1417.87,Month-to-month,Fiber,Cash,1,1,0
CUST101757,Female,40,0,1,181,192.57,Month-to-month,DSL,UPI,2,4,1
CUST101758,Male,69,1,48,127,6038.14,One year,Fiber,Credit Card,1,5,1
CUST101759,Female,37,0,3,72,186.02,Month-to-month,Fiber,Cash,1,4,0
CUST101760,Male,55,0,6,161,955.45,Two year,DSL,UPI,1,2,0
CUST101761,Female,71,1,38,35,1377.38,Month-to-month,DSL,Bank Transfer,1,1,0
CUST101762,Male,42,0,12,190,2302.49,Month-to-month,Fiber,UPI,4,5,0
CUST101763,Male,45,0,30,135,4126.95,One year,DSL,Credit Card,1,1,0
CUST101764,Female,22,0,70,92,6400.28,One year,Fiber,UPI,2,5,0
CUST101765,Male,73,1,62,93,5822.35,Two year,Fiber,UPI,2,1,0
CUST101766,Male,38,0,55,100,5538.75,Month-to-month,DSL,Cash,1,2,0
CUST101767,Male,35,0,41,31,1304.67,Month-to-month,None,UPI,2,2,0
CUST101768,Female,64,1,60,147,8875.58,Month-to-month,DSL,Credit Card,1,5,1
CUST101769,Male,23,0,41,89,3690.46,Month-to-month,DSL,UPI,3,3,0
CUST101770,Female,74,1,55,166,9049.15,Two year,Fiber,UPI,3,1,0
CUST101771,Male,46,0,35,60,2071.12,Month-to-month,DSL,Credit Card,2,3,0
CUST101772,Male,36,0,67,200,13448.73,Two year,Fiber,Bank Transfer,1,4,0
CUST101773,Female,50,0,6,176,1080.19,One year,None,Bank Transfer,3,2,0
CUST101774,Male,18,0,53,78,4185.97,One year,DSL,Credit Card,6,1,0
CUST101775,Male,62,1,0,108,10.21,Two year,DSL,Bank Transfer,2,2,0
CUST101776,Male,20,0,43,43,1822.45,Month-to-month,DSL,UPI,1,4,1
CUST101777,Female,59,0,44,163,7130.97,Month-to-month,Fiber,Cash,3,5,0
CUST101778,Female,38,0,46,199,9071.68,One year,DSL,Credit Card,2,1,1
CUST101779,Female,52,0,12,99,1214.37,Month-to-month,DSL,UPI,1,1,0
CUST101780,Male,58,0,21,153,3140.67,Two year,Fiber,Cash,2,1,0
CUST101781,Female,57,0,20,184,3680.03,Two year,Fiber,UPI,1,5,0
CUST101782,Male,20,0,8,151,1202.25,Two year,DSL,Credit Card,2,2,0
CUST101783,Male,42,0,25,111,2830.72,Two year,None,UPI,3,5,0
CUST101784,Male,62,1,8,185,1594.68,One year,DSL,Credit Card,1,2,0
CUST101785,Female,55,0,14,188,2612.62,One year,Fiber,UPI,1,1,0
CUST101786,Female,62,1,9,111,1025.25,Month-to-month,DSL,Cash,5,5,0
CUST101787,Female,72,1,41,100,4099.91,One year,Fiber,Cash,1,4,0
CUST101788,Male,37,0,71,161,11386.22,Month-to-month,DSL,Cash,1,5,0
CUST101789,Female,69,1,23,90,2129.08,Two year,DSL,Bank Transfer,1,2,0
CUST101790,Female,61,1,48,198,9523.99,Two year,DSL,UPI,0,1,0
CUST101791,Male,62,1,25,84,2129.47,Month-to-month,None,UPI,2,2,0
CUST101792,Female,51,0,36,71,2600.88,Month-to-month,DSL,Cash,5,3,1
CUST101793,Female,38,0,67,49,3328.24,Month-to-month,DSL,Credit Card,1,1,1
CUST101794,Female,73,1,49,118,5773.77,One year,Fiber,Bank Transfer,2,4,0
CUST101795,Female,72,1,23,177,4123.52,One year,DSL,UPI,4,4,0
CUST101796,Female,65,1,18,117,2097.88,One year,Fiber,UPI,3,3,0
CUST101797,Female,40,0,59,61,3538.79,Two year,Fiber,Bank Transfer,2,2,0
CUST101798,Male,23,0,38,158,6028.92,Month-to-month,DSL,Bank Transfer,0,4,0
CUST101799,Male,68,1,17,46,849.77,One year,Fiber,Cash,3,2,0
CUST101800,Male,70,1,18,171,3044.58,One year,DSL,Bank Transfer,3,1,0
CUST101801,Female,30,0,35,186,6430.94,Month-to-month,Fiber,Cash,0,5,0
CUST101802,Female,66,1,54,91,4920.32,Month-to-month,Fiber,Bank Transfer,1,1,0
CUST101803,Male,40,0,68,37,2463.66,Two year,Fiber,Bank Transfer,2,2,1
CUST101804,Male,26,0,46,96,4387.61,Two year,DSL,UPI,6,3,0
CUST101805,Female,34,0,48,64,3076.72,One year,DSL,Cash,2,1,0
CUST101806,Female,19,0,32,134,4139.89,Two year,Fiber,Bank Transfer,1,4,0
CUST101807,Female,36,0,20,106,2097.15,Month-to-month,Fiber,Bank Transfer,3,1,0
CUST101808,Female,36,0,21,159,3319.81,Two year,DSL,UPI,1,1,0
CUST101809,Female,73,1,47,196,9304.47,Month-to-month,DSL,Credit Card,5,1,0
CUST101810,Female,24,0,36,178,6400.18,Month-to-month,None,UPI,1,3,0
CUST101811,Male,71,1,14,111,1660.6,Month-to-month,Fiber,Cash,3,2,0
CUST101812,Male,59,0,34,41,1455.78,Two year,Fiber,Credit Card,2,3,0
CUST101813,Female,59,0,70,191,13392.41,Month-to-month,Fiber,Bank Transfer,2,4,0
CUST101814,Male,37,0,31,111,3458.89,Month-to-month,DSL,Cash,3,2,0
CUST101815,Male,26,0,10,96,976.25,Month-to-month,Fiber,Credit Card,2,4,0
CUST101816,Female,34,0,9,44,402.77,Month-to-month,Fiber,Cash,1,2,0
CUST101817,Male,44,0,72,127,9069.97,Month-to-month,DSL,UPI,2,2,0
CUST101818,Female,64,1,56,198,11105.39,One year,Fiber,Credit Card,0,1,0
CUST101819,Female,19,0,24,154,3700.77,Month-to-month,Fiber,Credit Card,2,1,0
CUST101820,Male,53,0,1,128,138.5,Month-to-month,None,Credit Card,3,3,1
CUST101821,Male,36,0,63,153,9726.09,Month-to-month,DSL,Bank Transfer,1,2,1
CUST101822,Male,34,0,34,43,1451.63,Month-to-month,Fiber,UPI,0,4,0
CUST101823,Female,22,0,6,38,174.74,Month-to-month,DSL,Credit Card,2,1,0
CUST101824,Female,56,0,17,102,1705.97,One year,Fiber,Cash,2,4,0
CUST101825,Female,35,0,66,134,8885.77,Month-to-month,DSL,Bank Transfer,2,1,0
CUST101826,Female,70,1,41,28,1162.22,Month-to-month,Fiber,UPI,1,2,0
CUST101827,Male,71,1,38,131,4980.3,One year,DSL,UPI,0,4,0
CUST101828,Male,24,0,40,183,7251.33,One year,Fiber,UPI,3,3,1
CUST101829,Male,34,0,23,121,2842.89,Month-to-month,Fiber,UPI,1,3,0
CUST101830,Female,56,0,59,187,11002.42,Month-to-month,Fiber,Bank Transfer,0,3,0
CUST101831,Female,53,0,45,171,7713.03,Month-to-month,DSL,UPI,2,1,1
CUST101832,Male,57,0,18,67,1200.98,Month-to-month,DSL,Cash,3,1,0
CUST101833,Female,62,1,67,88,5816.58,Month-to-month,Fiber,Cash,1,3,1
CUST101834,Female,21,0,41,200,8218.52,Month-to-month,Fiber,Cash,5,4,0
CUST101835,Male,55,0,31,189,5799.09,Month-to-month,DSL,Credit Card,1,1,1
CUST101836,Male,42,0,38,138,5260.82,One year,Fiber,UPI,0,3,0
CUST101837,Female,22,0,35,64,2213.8,Two year,DSL,Cash,3,1,0
CUST101838,Female,47,0,35,144,5030.4,One year,Fiber,UPI,0,5,0
CUST101839,Male,29,0,2,33,101.48,One year,DSL,Bank Transfer,2,4,0
CUST101840,Female,21,0,72,176,12608.91,Month-to-month,DSL,Cash,0,2,0
CUST101841,Male,41,0,7,153,1225.93,Month-to-month,None,Credit Card,4,4,1
CUST101842,Male,46,0,69,154,10583.72,Month-to-month,Fiber,Credit Card,1,2,0
CUST101843,Male,26,0,40,56,2274.91,One year,Fiber,Bank Transfer,3,3,1
CUST101844,Female,21,0,67,72,4869.09,One year,DSL,Cash,0,1,0
CUST101845,Male,68,1,12,37,520.37,Two year,DSL,Bank Transfer,1,3,1
CUST101846,Male,41,0,48,57,2702.57,Month-to-month,Fiber,Credit Card,2,2,0
CUST101847,Male,31,0,59,148,8694.59,Month-to-month,DSL,Credit Card,2,5,0
CUST101848,Male,22,0,1,63,117.85,One year,DSL,UPI,2,2,1
CUST101849,Female,35,0,59,66,3921.23,One year,DSL,Bank Transfer,0,1,0
CUST101850,Male,59,0,4,54,244.34,Month-to-month,DSL,Credit Card,1,5,1
CUST101851,Male,74,1,43,79,3466.88,One year,DSL,Cash,4,1,0
CUST101852,Male,36,0,26,109,2838.78,Month-to-month,Fiber,Cash,1,5,0
CUST101853,Female,29,0,31,71,2210.04,One year,Fiber,Credit Card,2,1,0
CUST101854,Female,35,0,20,27,606.46,Month-to-month,Fiber,Bank Transfer,5,2,1
CUST101855,Male,34,0,7,126,890.81,One year,DSL,Bank Transfer,2,2,0
CUST101856,Male,47,0,71,188,13297.29,One year,Fiber,Cash,5,2,0
CUST101857,Male,41,0,49,150,7305.08,Two year,DSL,Credit Card,4,2,1
CUST101858,Male,28,0,66,161,10612.63,Two year,DSL,Cash,3,5,0
CUST101859,Female,52,0,43,115,4962.82,Month-to-month,DSL,Bank Transfer,2,4,0
CUST101860,Male,40,0,57,45,2612.92,Month-to-month,Fiber,Credit Card,1,4,0
CUST101861,Female,34,0,2,130,379.88,Month-to-month,Fiber,Cash,1,3,1
CUST101862,Male,18,0,69,142,9785.68,Month-to-month,DSL,Credit Card,3,4,0
CUST101863,Female,32,0,1,187,116.94,Month-to-month,None,UPI,3,3,1
CUST101864,Female,49,0,43,70,2930.26,Month-to-month,Fiber,Cash,1,2,0
CUST101865,Female,26,0,1,142,131.28,One year,DSL,Cash,4,1,0
CUST101866,Female,32,0,34,24,815.51,Month-to-month,DSL,UPI,2,4,0
CUST101867,Female,45,0,29,96,2814.73,Month-to-month,None,Bank Transfer,5,4,1
CUST101868,Female,41,0,7,179,1375.37,One year,DSL,Cash,6,2,0
CUST101869,Male,52,0,21,20,450.9,One year,Fiber,Cash,1,2,1
CUST101870,Female,39,0,43,30,1294.31,One year,None,Bank Transfer,2,4,0
CUST101871,Female,44,0,57,200,11450.08,One year,Fiber,Credit Card,1,2,1
CUST101872,Male,36,0,35,27,865.83,Month-to-month,Fiber,UPI,2,4,0
CUST101873,Female,62,1,68,172,11708.48,Month-to-month,Fiber,Bank Transfer,2,1,1
CUST101874,Male,29,0,30,187,5528.64,Two year,Fiber,Credit Card,0,1,0
CUST101875,Female,37,0,46,51,2416.39,Month-to-month,Fiber,UPI,2,3,0
CUST101876,Female,18,0,54,47,2470.48,Month-to-month,DSL,Credit Card,0,4,0
CUST101877,Female,38,0,61,150,9199.74,Month-to-month,Fiber,Cash,5,1,0
CUST101878,Male,66,1,29,147,4303.61,Two year,None,UPI,2,1,0
CUST101879,Female,62,1,54,81,4447.69,One year,Fiber,Credit Card,0,5,1
CUST101880,Female,18,0,15,46,643.96,One year,Fiber,UPI,1,1,1
CUST101881,Male,27,0,11,64,701.09,Month-to-month,Fiber,Credit Card,3,3,0
CUST101882,Female,64,1,16,124,2033.14,Two year,Fiber,Credit Card,3,1,0
CUST101883,Female,49,0,15,111,1682.37,One year,DSL,Cash,2,2,1
CUST101884,Female,56,0,11,44,508.55,Month-to-month,Fiber,Bank Transfer,3,5,0
CUST101885,Male,39,0,7,63,477.89,One year,None,UPI,3,4,0
CUST101886,Female,35,0,2,193,369.39,Month-to-month,DSL,Cash,1,3,1
CUST101887,Female,65,1,15,161,2366.86,Month-to-month,None,UPI,0,1,0
CUST101888,Female,63,1,29,155,4455.47,Month-to-month,None,Bank Transfer,2,4,1
CUST101889,Female,49,0,22,195,4285.54,One year,None,Cash,3,1,0
CUST101890,Male,44,0,4,161,606.72,Month-to-month,Fiber,Bank Transfer,0,5,1
CUST101891,Female,45,0,64,99,6321.72,One year,DSL,Cash,3,4,0
CUST101892,Female,35,0,29,101,2927.82,One year,Fiber,Cash,1,2,0
CUST101893,Male,56,0,20,154,3155.93,One year,DSL,Cash,2,2,0
CUST101894,Female,66,1,69,107,7328.11,Month-to-month,DSL,Cash,0,4,0
CUST101895,Male,46,0,21,196,4078.07,Month-to-month,None,Credit Card,2,2,0
CUST101896,Male,35,0,71,146,10363.88,Month-to-month,Fiber,UPI,3,3,0
CUST101897,Male,61,1,31,74,2242.49,Month-to-month,DSL,Credit Card,2,5,1
CUST101898,Male,25,0,32,160,4967.86,Two year,DSL,Credit Card,0,3,0
CUST101899,Female,71,1,15,75,1094.22,Two year,Fiber,Credit Card,1,4,0
CUST101900,Female,48,0,37,34,1244.91,Month-to-month,Fiber,Cash,2,3,0
CUST101901,Female,51,0,13,77,1010.1,Month-to-month,Fiber,Cash,0,5,1
CUST101902,Female,24,0,35,182,6321.57,Two year,DSL,Bank Transfer,3,5,0
CUST101903,Male,53,0,22,107,2437.65,Month-to-month,Fiber,UPI,0,4,0
CUST101904,Female,35,0,65,116,7578.84,Month-to-month,DSL,Bank Transfer,1,3,0
CUST101905,Male,55,0,1,163,107.6,Month-to-month,DSL,Bank Transfer,3,5,1
CUST101906,Female,26,0,72,27,1913.43,One year,Fiber,UPI,2,4,0
CUST101907,Female,26,0,64,192,12253.66,Two year,Fiber,UPI,1,5,0
CUST101908,Male,63,1,66,59,3840.37,Two year,Fiber,Bank Transfer,1,1,0
CUST101909,Female,25,0,51,33,1740.38,Month-to-month,Fiber,Bank Transfer,0,1,1
CUST101910,Female,68,1,61,72,4338.67,One year,Fiber,Bank Transfer,3,5,0
CUST101911,Male,52,0,22,146,3217.24,One year,None,Cash,2,4,0
CUST101912,Female,35,0,25,174,4324.06,Month-to-month,Fiber,UPI,1,1,0
CUST101913,Female,22,0,67,194,12988.03,Month-to-month,Fiber,UPI,3,5,1
CUST101914,Female,31,0,54,99,5397.46,Two year,DSL,Credit Card,1,2,0
CUST101915,Male,45,0,5,134,685.88,Month-to-month,Fiber,Cash,1,3,1
CUST101916,Female,47,0,34,153,5220.18,Month-to-month,None,Cash,2,5,0
CUST101917,Male,21,0,21,74,1569.8,Month-to-month,DSL,UPI,6,1,0
CUST101918,Male,56,0,42,63,2670.17,Two year,Fiber,Cash,1,5,0
CUST101919,Female,37,0,14,37,465.59,One year,DSL,Bank Transfer,2,4,0
CUST101920,Female,42,0,59,35,2030.98,One year,DSL,UPI,4,1,0
CUST101921,Male,45,0,11,31,359.52,Month-to-month,Fiber,UPI,3,4,0
CUST101922,Female,29,0,48,167,7979.85,One year,DSL,Cash,3,4,0
CUST101923,Female,19,0,41,64,2606.41,One year,DSL,UPI,0,4,0
CUST101924,Male,60,1,37,112,4157.71,Two year,Fiber,Cash,3,5,0
CUST101925,Female,31,0,44,41,1859.2,Month-to-month,Fiber,Cash,0,1,1
CUST101926,Female,39,0,34,116,3986.72,Month-to-month,Fiber,Cash,1,4,0
CUST101927,Male,48,0,29,66,1993.94,Two year,None,Bank Transfer,2,2,0
CUST101928,Male,40,0,29,48,1399.33,One year,Fiber,Cash,3,3,1
CUST101929,Female,65,1,5,64,325.9,Month-to-month,Fiber,Cash,3,5,0
CUST101930,Female,37,0,66,96,6302.92,Month-to-month,Fiber,Credit Card,1,2,0
CUST101931,Male,55,0,6,28,195.73,Two year,Fiber,Credit Card,2,1,0
CUST101932,Female,72,1,51,43,2255.74,Month-to-month,DSL,Bank Transfer,6,3,0
CUST101933,Male,21,0,13,34,413.88,Month-to-month,DSL,Bank Transfer,0,4,0
CUST101934,Female,32,0,72,183,13198.3,Month-to-month,None,Cash,1,2,0
CUST101935,Female,41,0,14,32,503.94,Month-to-month,DSL,Credit Card,0,2,1
CUST101936,Male,42,0,20,110,2158.28,One year,DSL,Bank Transfer,5,4,0
CUST101937,Female,18,0,34,191,6521.45,Month-to-month,Fiber,UPI,2,4,0
CUST101938,Male,24,0,65,120,7830.29,Month-to-month,None,UPI,2,2,0
CUST101939,Female,74,1,1,90,-21.37,Month-to-month,DSL,Cash,1,1,0
CUST101940,Female,48,0,34,141,4767.22,Two year,Fiber,Credit Card,0,5,0
CUST101941,Male,29,0,19,95,1749.23,Two year,DSL,UPI,3,1,1
CUST101942,Male,59,0,9,183,1621.41,One year,Fiber,Credit Card,3,1,0
CUST101943,Male,22,0,24,135,3219.17,One year,Fiber,Bank Transfer,2,5,0
CUST101944,Male,61,1,65,80,5198.13,Month-to-month,DSL,Credit Card,2,1,0
CUST101945,Female,67,1,24,187,4533.33,Two year,None,Cash,4,3,0
CUST101946,Male,59,0,53,145,7745.98,One year,Fiber,Credit Card,2,4,0
CUST101947,Male,55,0,32,174,5576.74,Two year,DSL,UPI,2,2,1
CUST101948,Male,29,0,35,20,764.9,Month-to-month,DSL,Credit Card,2,5,1
CUST101949,Male,56,0,13,181,2394.52,Month-to-month,DSL,Credit Card,1,1,0
CUST101950,Female,35,0,64,87,5563.73,One year,Fiber,Credit Card,0,2,0
CUST101951,Male,19,0,53,107,5744.3,Month-to-month,DSL,Bank Transfer,1,3,0
CUST101952,Male,27,0,51,40,2043.35,Month-to-month,DSL,Cash,3,1,1
CUST101953,Female,32,0,2,180,372.38,One year,Fiber,UPI,3,1,0
CUST101954,Female,47,0,40,154,6111.6,Month-to-month,DSL,UPI,4,1,0
CUST101955,Male,61,1,5,22,128.0,One year,DSL,Credit Card,3,3,0
CUST101956,Female,75,1,24,70,1701.09,Month-to-month,Fiber,Credit Card,1,4,1
CUST101957,Female,34,0,12,98,1219.31,One year,DSL,Bank Transfer,2,2,0
CUST101958,Male,21,0,7,114,786.74,Month-to-month,Fiber,Cash,3,1,1
CUST101959,Male,24,0,20,142,2803.61,Two year,None,UPI,1,1,0
CUST101960,Male,58,0,67,25,1695.46,Month-to-month,Fiber,Cash,0,3,0
CUST101961,Male,48,0,24,176,4260.97,One year,Fiber,UPI,3,3,0
CUST101962,Male,68,1,67,36,2395.13,Month-to-month,Fiber,Credit Card,1,2,0
CUST101963,Female,72,1,44,136,5941.98,Month-to-month,Fiber,Bank Transfer,1,2,0
CUST101964,Male,56,0,59,79,4640.39,One year,DSL,Bank Transfer,1,1,0
CUST101965,Female,72,1,11,169,1938.38,Two year,DSL,Credit Card,0,1,1
CUST101966,Female,51,0,31,171,5252.31,Month-to-month,Fiber,Credit Card,1,1,0
CUST101967,Female,23,0,12,144,1677.97,Month-to-month,DSL,Credit Card,2,1,0
CUST101968,Male,67,1,30,100,3093.42,Month-to-month,Fiber,Cash,4,1,1
CUST101969,Female,55,0,19,104,1968.17,Month-to-month,Fiber,Credit Card,1,3,0
CUST101970,Male,62,1,17,70,1128.85,Two year,DSL,Cash,2,4,0
CUST101971,Male,75,1,59,197,11552.31,Month-to-month,Fiber,Credit Card,2,2,1
CUST101972,Male,68,1,62,158,9824.7,One year,Fiber,Bank Transfer,0,3,0
CUST101973,Female,51,0,5,90,466.76,Month-to-month,DSL,Cash,1,5,0
CUST101974,Female,61,1,31,189,5888.1,Month-to-month,Fiber,Bank Transfer,0,5,0
CUST101975,Female,32,0,42,58,2392.93,Month-to-month,DSL,Credit Card,3,5,0
CUST101976,Male,31,0,1,88,28.62,Month-to-month,Fiber,Credit Card,5,2,0
CUST101977,Female,23,0,59,67,3979.95,Month-to-month,Fiber,UPI,3,1,1
CUST101978,Female,67,1,22,144,3115.71,Month-to-month,Fiber,Cash,0,5,0
CUST101979,Male,54,0,30,76,2271.75,Two year,DSL,Cash,0,5,0
CUST101980,Male,67,1,4,40,115.74,Month-to-month,DSL,Cash,1,4,0
CUST101981,Male,49,0,33,101,3415.41,Month-to-month,None,Cash,1,3,0
CUST101982,Female,20,0,9,118,1108.12,Month-to-month,Fiber,Bank Transfer,1,2,1
CUST101983,Male,20,0,1,167,298.74,Month-to-month,Fiber,Cash,1,2,1
CUST101984,Female,39,0,10,34,371.94,Month-to-month,None,Bank Transfer,3,4,1
CUST101985,Male,39,0,49,88,4327.66,Month-to-month,Fiber,Credit Card,1,5,1
CUST101986,Female,27,0,30,198,5973.99,Two year,DSL,Bank Transfer,1,4,0
CUST101987,Female,68,1,55,95,5146.34,Two year,Fiber,Cash,2,1,0
CUST101988,Female,20,0,72,81,5742.86,Two year,None,Bank Transfer,2,5,1
CUST101989,Female,29,0,8,138,1139.57,Month-to-month,DSL,Cash,2,2,1
CUST101990,Male,46,0,20,56,1090.95,Month-to-month,Fiber,Bank Transfer,3,3,0
CUST101991,Female,65,1,72,153,11015.97,Two year,None,UPI,1,4,0
CUST101992,Female,34,0,27,45,1133.56,One year,DSL,Cash,0,4,0
CUST101993,Male,24,0,61,27,1621.07,Month-to-month,DSL,Bank Transfer,3,2,0
CUST101994,Male,30,0,6,23,119.93,Month-to-month,Fiber,Cash,4,5,0
CUST101995,Male,73,1,15,40,646.24,Month-to-month,DSL,Credit Card,4,5,0
CUST101996,Female,19,0,3,178,540.65,One year,Fiber,Bank Transfer,1,5,0
CUST101997,Female,21,0,3,168,435.0,Two year,Fiber,Bank Transfer,5,3,0
CUST101998,Male,27,0,39,44,1689.97,Month-to-month,DSL,UPI,1,3,0
CUST101999,Male,56,0,16,162,2647.46,Month-to-month,Fiber,Cash,2,5,0
CUST102000,Male,41,0,51,182,9259.43,Month-to-month,DSL,Bank Transfer,5,3,0
CUST102001,Female,34,0,51,196,10041.03,Month-to-month,DSL,UPI,3,4,1
CUST102002,Female,69,1,35,62,2142.66,One year,DSL,UPI,5,5,0
CUST102003,Male,23,0,37,188,6972.74,One year,Fiber,UPI,2,3,1
CUST102004,Female,36,0,49,56,2746.94,Month-to-month,DSL,Cash,4,4,0
CUST102005,Female,22,0,62,61,3776.59,One year,DSL,Cash,3,4,0
CUST102006,Male,49,0,62,194,11962.41,Month-to-month,None,Bank Transfer,3,3,0
CUST102007,Female,27,0,61,111,6690.33,One year,None,Cash,1,5,1
CUST102008,Female,26,0,6,80,492.17,One year,DSL,Cash,1,5,0
CUST102009,Male,44,0,26,161,4187.85,Month-to-month,DSL,Credit Card,0,3,0
CUST102010,Male,30,0,13,87,1104.35,One year,Fiber,Cash,2,3,0
CUST102011,Male,36,0,70,72,4996.27,Month-to-month,Fiber,Credit Card,1,1,0
CUST102012,Male,38,0,4,103,478.93,Month-to-month,None,Bank Transfer,1,4,1
CUST102013,Male,41,0,54,53,2911.52,Month-to-month,DSL,UPI,3,5,0
CUST102014,Female,55,0,1,95,132.31,Month-to-month,DSL,Credit Card,1,2,0
CUST102015,Female,21,0,61,116,7156.61,One year,Fiber,Bank Transfer,3,4,0
CUST102016,Female,41,0,20,171,3365.07,Month-to-month,Fiber,Credit Card,2,5,0
CUST102017,Male,52,0,20,167,3353.78,One year,Fiber,Cash,3,1,0
CUST102018,Male,20,0,9,49,371.52,Two year,Fiber,Bank Transfer,2,4,0
CUST102019,Female,21,0,57,107,6078.88,Month-to-month,Fiber,UPI,2,4,0
CUST102020,Female,74,1,38,26,972.5,Month-to-month,DSL,Credit Card,3,5,0
CUST102021,Male,54,0,4,55,186.02,Month-to-month,Fiber,Cash,2,2,0
CUST102022,Male,57,0,64,57,3646.0,Month-to-month,DSL,Bank Transfer,1,3,0
CUST102023,Female,65,1,12,71,959.55,Month-to-month,Fiber,Cash,2,2,0
CUST102024,Female,71,1,52,162,8437.08,One year,None,Bank Transfer,2,1,0
CUST102025,Female,52,0,44,193,8541.0,Month-to-month,Fiber,Credit Card,0,4,0
CUST102026,Male,48,0,31,170,5275.16,One year,DSL,Bank Transfer,0,5,0
CUST102027,Female,73,1,35,159,5481.26,Month-to-month,Fiber,Credit Card,2,4,0
CUST102028,Female,61,1,59,191,11237.46,Month-to-month,DSL,Bank Transfer,4,3,0
CUST102029,Male,42,0,10,162,1593.25,Month-to-month,DSL,Cash,2,2,1
CUST102030,Female,57,0,62,112,6941.88,Month-to-month,Fiber,Cash,2,2,0
CUST102031,Male,30,0,20,126,2550.22,Month-to-month,Fiber,Credit Card,4,1,0
CUST102032,Female,21,0,51,145,7438.07,One year,Fiber,UPI,2,5,0
CUST102033,Male,63,1,54,68,3689.44,One year,Fiber,Credit Card,3,3,0
CUST102034,Male,31,0,25,40,1053.02,Month-to-month,DSL,Cash,2,3,1
CUST102035,Male,30,0,67,34,2245.38,One year,DSL,Bank Transfer,2,5,0
CUST102036,Male,44,0,33,33,1117.07,Month-to-month,DSL,UPI,0,1,0
CUST102037,Male,23,0,51,61,3136.02,Month-to-month,Fiber,Cash,3,3,0
CUST102038,Female,34,0,51,34,1779.05,Two year,Fiber,UPI,1,1,0
CUST102039,Male,53,0,28,82,2259.35,Two year,None,Credit Card,1,5,1
CUST102040,Female,57,0,37,46,1794.06,Two year,Fiber,Cash,1,5,0
CUST102041,Male,66,1,41,112,4552.61,Month-to-month,Fiber,Credit Card,4,5,0
CUST102042,Female,52,0,20,124,2456.82,Two year,DSL,Cash,1,3,0
CUST102043,Female,34,0,41,72,2989.3,One year,DSL,Cash,2,5,0
CUST102044,Female,58,0,12,71,773.51,Month-to-month,Fiber,Credit Card,0,3,0
CUST102045,Male,19,0,63,82,5119.31,Two year,Fiber,Cash,2,1,0
CUST102046,Female,74,1,16,200,3204.33,Two year,Fiber,UPI,0,4,0
CUST102047,Female,30,0,8,76,516.83,One year,Fiber,UPI,4,1,0
CUST102048,Male,69,1,40,139,5520.15,Two year,None,Credit Card,1,3,0
CUST102049,Female,19,0,0,71,4.4,Month-to-month,DSL,Bank Transfer,5,2,0
CUST102050,Female,69,1,1,126,84.87,One year,DSL,UPI,2,2,1
CUST102051,Male,45,0,59,62,3747.1,Month-to-month,Fiber,Cash,2,4,1
CUST102052,Male,60,1,47,154,7274.26,Two year,DSL,Credit Card,4,5,1
CUST102053,Male,43,0,28,136,3830.56,One year,Fiber,Bank Transfer,0,1,0
CUST102054,Male,39,0,9,189,1708.02,Two year,DSL,Credit Card,1,1,0
CUST102055,Female,64,1,57,23,1349.34,Month-to-month,Fiber,UPI,5,3,0
CUST102056,Female,60,1,59,152,8970.89,One year,DSL,Cash,1,4,0
CUST102057,Male,72,1,20,99,1930.44,Month-to-month,DSL,UPI,1,5,0
CUST102058,Female,20,0,27,60,1637.09,One year,Fiber,Credit Card,1,4,0
CUST102059,Female,52,0,33,151,4947.22,One year,DSL,Cash,1,2,0
CUST102060,Male,75,1,7,21,168.42,Month-to-month,DSL,Bank Transfer,1,4,0
CUST102061,Female,29,0,58,168,9758.77,Month-to-month,Fiber,UPI,1,5,0
CUST102062,Female,41,0,71,62,4370.43,Month-to-month,None,Credit Card,3,5,1
CUST102063,Male,22,0,48,101,4950.92,Month-to-month,DSL,Cash,3,1,0
CUST102064,Female,37,0,16,127,2095.73,Month-to-month,DSL,Credit Card,1,1,0
CUST102065,Male,56,0,59,156,9201.25,Month-to-month,Fiber,Bank Transfer,2,5,1
CUST102066,Female,56,0,44,175,7725.37,Month-to-month,Fiber,Bank Transfer,3,1,0
CUST102067,Female,30,0,68,45,3076.7,Two year,None,UPI,3,1,0
CUST102068,Male,58,0,31,101,3103.95,Two year,DSL,Bank Transfer,1,1,1
CUST102069,Female,74,1,43,102,4414.56,One year,Fiber,Bank Transfer,2,5,0
CUST102070,Male,70,1,64,150,9590.17,Month-to-month,DSL,UPI,3,1,0
CUST102071,Male,62,1,7,92,573.82,One year,DSL,Credit Card,5,2,0
CUST102072,Male,29,0,71,119,8423.43,Month-to-month,DSL,UPI,2,5,0
CUST102073,Female,30,0,42,68,2830.73,One year,DSL,UPI,5,4,0
CUST102074,Female,73,1,0,164,-96.74,Month-to-month,Fiber,Cash,2,3,1
CUST102075,Male,27,0,50,82,4166.75,Month-to-month,DSL,Bank Transfer,4,3,0
CUST102076,Male,50,0,23,74,1675.71,One year,Fiber,Bank Transfer,2,2,0
CUST102077,Male,74,1,23,170,3891.13,Month-to-month,Fiber,Credit Card,2,5,0
CUST102078,Female,57,0,16,53,960.54,Two year,DSL,Bank Transfer,1,4,0
CUST102079,Male,71,1,4,124,447.27,One year,Fiber,Credit Card,2,5,0
CUST102080,Female,33,0,19,124,2351.28,Month-to-month,None,Cash,1,4,1
CUST102081,Male,62,1,20,88,1680.53,One year,Fiber,Credit Card,1,4,0
CUST102082,Female,52,0,57,34,1905.99,Month-to-month,DSL,Credit Card,0,5,0
CUST102083,Female,20,0,30,194,5793.94,Month-to-month,DSL,Cash,2,1,0
CUST102084,Female,73,1,10,22,276.0,Month-to-month,DSL,UPI,5,3,0
CUST102085,Female,22,0,51,175,8883.3,Month-to-month,Fiber,Cash,3,1,1
CUST102086,Female,43,0,14,22,350.52,Month-to-month,DSL,Bank Transfer,1,3,0
CUST102087,Female,28,0,6,121,861.0,Month-to-month,Fiber,Bank Transfer,2,1,0
CUST102088,Male,24,0,27,23,708.51,Month-to-month,DSL,Cash,2,5,1
CUST102089,Male,70,1,50,107,5207.39,Month-to-month,Fiber,Credit Card,2,5,0
CUST102090,Male,73,1,57,178,10170.71,One year,Fiber,Cash,3,4,0
CUST102091,Female,27,0,4,64,334.57,Month-to-month,DSL,Bank Transfer,6,2,0
CUST102092,Female,59,0,4,64,214.59,Month-to-month,Fiber,Cash,3,5,0
CUST102093,Female,69,1,7,94,653.74,Month-to-month,Fiber,Credit Card,3,3,1
CUST102094,Male,51,0,63,184,11576.35,Month-to-month,Fiber,Bank Transfer,3,4,0
CUST102095,Female,20,0,9,28,299.73,Two year,Fiber,UPI,1,3,0
CUST102096,Male,25,0,37,164,6044.17,One year,Fiber,Cash,2,1,0
CUST102097,Male,48,0,7,137,1054.55,Two year,None,Cash,2,2,1
CUST102098,Male,28,0,24,84,2077.46,Month-to-month,Fiber,Cash,0,5,0
CUST102099,Female,62,1,72,150,10721.58,One year,DSL,Cash,2,1,0
CUST102100,Male,24,0,65,45,2847.21,Two year,DSL,Bank Transfer,3,4,0
CUST102101,Male,62,1,49,200,9810.5,Month-to-month,DSL,Credit Card,2,3,1
CUST102102,Female,19,0,66,178,11737.28,Month-to-month,DSL,UPI,1,2,0
CUST102103,Male,23,0,48,45,2156.23,Month-to-month,Fiber,Cash,2,5,0
CUST102104,Male,58,0,35,42,1441.53,Two year,Fiber,Bank Transfer,1,3,0
CUST102105,Male,49,0,67,49,3229.86,Month-to-month,Fiber,Cash,2,5,0
CUST102106,Female,37,0,40,29,1161.35,One year,DSL,UPI,0,5,0
CUST102107,Female,74,1,61,91,5574.57,Month-to-month,Fiber,Cash,0,3,0
CUST102108,Female,51,0,9,83,799.04,Two year,Fiber,Credit Card,4,5,0
CUST102109,Female,67,1,20,169,3440.2,One year,None,Cash,3,4,1
CUST102110,Male,33,0,35,162,5672.07,Two year,DSL,Cash,0,2,1
CUST102111,Female,42,0,11,142,1579.86,Two year,DSL,Cash,0,1,0
CUST102112,Female,29,0,1,124,40.1,One year,DSL,Credit Card,3,2,1
CUST102113,Male,24,0,12,93,1151.88,One year,Fiber,Bank Transfer,2,1,0
CUST102114,Male,56,0,52,167,8750.94,One year,DSL,Credit Card,4,4,1
CUST102115,Female,34,0,31,124,3876.76,Month-to-month,Fiber,Bank Transfer,4,2,0
CUST102116,Male,62,1,15,66,987.6,Month-to-month,DSL,Credit Card,1,4,0
CUST102117,Male,28,0,31,106,3238.1,Month-to-month,DSL,Credit Card,0,3,0
CUST102118,Female,23,0,31,72,2184.21,Month-to-month,DSL,Cash,3,1,0
CUST102119,Female,40,0,10,200,1990.34,Two year,Fiber,Credit Card,3,3,0
CUST102120,Male,44,0,9,148,1354.94,Month-to-month,Fiber,Bank Transfer,1,3,1
CUST102121,Male,63,1,14,21,190.51,One year,Fiber,Bank Transfer,1,2,0
CUST102122,Female,23,0,16,77,1165.85,Month-to-month,DSL,Bank Transfer,4,5,1
CUST102123,Female,55,0,39,166,6520.96,Month-to-month,DSL,Bank Transfer,2,5,1
CUST102124,Female,19,0,17,91,1633.38,Month-to-month,Fiber,Credit Card,1,4,1
CUST102125,Male,39,0,54,159,8577.25,Month-to-month,DSL,Cash,1,2,0
CUST102126,Male,37,0,72,173,12488.77,Month-to-month,DSL,UPI,1,3,0
CUST102127,Male,42,0,24,46,1098.22,One year,DSL,Bank Transfer,3,4,1
CUST102128,Female,32,0,58,48,2790.17,One year,DSL,Credit Card,1,3,0
CUST102129,Female,66,1,21,34,659.21,One year,DSL,Cash,2,4,1
CUST102130,Female,46,0,29,193,5624.82,One year,DSL,Credit Card,2,1,0
CUST102131,Female,25,0,43,148,6326.88,Two year,Fiber,Bank Transfer,1,4,0
CUST102132,Female,54,0,31,79,2461.19,One year,Fiber,Bank Transfer,2,4,0
CUST102133,Male,66,1,50,126,6337.63,Month-to-month,Fiber,Cash,1,3,0
CUST102134,Male,69,1,45,22,1021.4,Month-to-month,DSL,Credit Card,0,5,0
CUST102135,Male,50,0,20,134,2639.67,Month-to-month,Fiber,Bank Transfer,0,3,0
CUST102136,Male,39,0,31,165,5128.5,Month-to-month,DSL,Bank Transfer,5,2,1
CUST102137,Male,67,1,38,71,2669.25,Month-to-month,Fiber,UPI,1,3,0
CUST102138,Male,64,1,11,79,905.98,Two year,Fiber,UPI,0,5,0
CUST102139,Female,22,0,46,53,2479.8,Month-to-month,Fiber,Bank Transfer,5,2,0
CUST102140,Female,56,0,17,115,1994.02,One year,Fiber,UPI,2,5,0
CUST102141,Female,35,0,20,108,2234.89,Month-to-month,DSL,UPI,2,2,0
CUST102142,Female,55,0,12,79,974.83,Month-to-month,Fiber,Bank Transfer,3,3,0
CUST102143,Male,71,1,20,173,3537.75,Two year,Fiber,Credit Card,2,5,0
CUST102144,Male,70,1,7,38,303.51,Month-to-month,Fiber,Credit Card,0,5,1
CUST102145,Male,54,0,45,130,5816.48,Two year,Fiber,Credit Card,1,1,1
CUST102146,Female,47,0,6,41,259.62,Month-to-month,DSL,Cash,2,1,0
CUST102147,Female,68,1,22,180,4015.28,Two year,DSL,Credit Card,0,4,0
CUST102148,Female,48,0,21,185,3944.02,One year,Fiber,Cash,0,1,1
CUST102149,Male,27,0,21,147,3067.85,One year,DSL,Cash,0,5,0
CUST102150,Male,32,0,28,54,1492.25,Two year,DSL,UPI,1,4,0
CUST102151,Female,59,0,12,126,1545.65,Month-to-month,None,Cash,2,3,0
CUST102152,Female,65,1,1,147,111.27,Month-to-month,DSL,Cash,2,4,1
CUST102153,Female,61,1,28,102,2849.16,Month-to-month,Fiber,Cash,1,2,0
CUST102154,Female,35,0,51,157,8015.83,Month-to-month,Fiber,Cash,0,4,0
CUST102155,Female,40,0,26,162,4207.96,Month-to-month,DSL,UPI,3,1,0
CUST102156,Female,50,0,49,158,7786.51,Two year,None,Bank Transfer,3,3,1
CUST102157,Male,33,0,22,130,2900.88,Month-to-month,DSL,Cash,3,2,0
CUST102158,Female,71,1,43,109,4698.35,Two year,DSL,Bank Transfer,1,4,0
CUST102159,Male,55,0,21,43,850.3,Two year,DSL,Credit Card,2,3,0
CUST102160,Male,52,0,42,96,4105.22,One year,Fiber,Credit Card,1,1,0
CUST102161,Female,51,0,36,120,4285.24,Two year,None,Bank Transfer,2,3,0
CUST102162,Male,45,0,60,151,9035.57,One year,Fiber,Bank Transfer,2,3,0
CUST102163,Female,19,0,55,32,1721.58,Month-to-month,Fiber,Credit Card,1,2,0
CUST102164,Female,47,0,2,117,161.84,One year,DSL,UPI,0,5,0
CUST102165,Female,30,0,62,139,8669.69,One year,Fiber,UPI,0,1,1
CUST102166,Female,58,0,18,56,1100.71,Month-to-month,Fiber,Cash,3,2,0
CUST102167,Male,33,0,22,67,1412.53,Month-to-month,DSL,UPI,2,2,0
CUST102168,Male,22,0,28,20,470.1,Month-to-month,Fiber,UPI,0,2,1
CUST102169,Female,72,1,29,79,2299.37,Month-to-month,Fiber,Cash,1,5,0
CUST102170,Male,45,0,38,159,6060.3,Two year,Fiber,Cash,0,5,0
CUST102171,Female,70,1,24,168,3926.09,Month-to-month,DSL,UPI,1,4,0
CUST102172,Female,56,0,7,158,1054.74,Month-to-month,None,Bank Transfer,2,4,1
CUST102173,Female,62,1,57,63,3657.7,Month-to-month,DSL,Cash,1,1,0
CUST102174,Female,37,0,15,134,2041.01,Month-to-month,Fiber,Bank Transfer,3,1,0
CUST102175,Female,41,0,71,127,9083.3,Month-to-month,DSL,Credit Card,3,5,0
CUST102176,Male,44,0,0,63,-51.72,Month-to-month,None,Cash,3,5,0
CUST102177,Male,47,0,4,97,388.27,Two year,DSL,Bank Transfer,1,5,0
CUST102178,Male,75,1,2,181,359.2,Month-to-month,Fiber,Cash,2,2,1
CUST102179,Female,62,1,64,44,2870.13,One year,DSL,Cash,2,5,0
CUST102180,Female,44,0,3,151,421.52,Month-to-month,Fiber,Cash,1,2,0
CUST102181,Male,43,0,63,135,8479.81,Two year,None,Cash,1,2,0
CUST102182,Male,24,0,9,138,1267.68,One year,None,Bank Transfer,0,1,1
CUST102183,Female,59,0,20,163,3299.42,One year,DSL,Bank Transfer,1,3,0
CUST102184,Female,64,1,45,29,1282.41,One year,DSL,Bank Transfer,0,4,0
CUST102185,Female,70,1,26,128,3339.87,One year,DSL,Credit Card,1,4,0
CUST102186,Female,55,0,65,54,3557.26,Month-to-month,Fiber,Cash,0,1,1
CUST102187,Male,22,0,40,153,6135.93,Month-to-month,Fiber,Cash,3,1,0
CUST102188,Male,40,0,12,38,433.99,Month-to-month,Fiber,Bank Transfer,3,5,0
CUST102189,Female,45,0,8,200,1615.33,Month-to-month,DSL,Bank Transfer,3,5,1
CUST102190,Male,51,0,35,27,977.66,Month-to-month,DSL,Cash,1,5,0
CUST102191,Male,70,1,57,29,1657.18,Two year,Fiber,Cash,0,2,0
CUST102192,Female,32,0,53,185,9831.91,Month-to-month,DSL,Credit Card,2,2,0
CUST102193,Male,49,0,11,48,575.96,Month-to-month,DSL,Cash,2,5,1
CUST102194,Female,43,0,13,34,463.09,Two year,DSL,Bank Transfer,1,2,0
CUST102195,Male,65,1,33,106,3541.37,Two year,DSL,Credit Card,2,1,0
CUST102196,Female,48,0,52,42,2176.01,Two year,DSL,UPI,1,5,0
CUST102197,Female,36,0,19,65,1211.16,One year,None,UPI,6,4,0
CUST102198,Male,26,0,15,47,776.14,Month-to-month,DSL,Cash,0,4,0
CUST102199,Female,46,0,69,45,2993.21,Two year,Fiber,Bank Transfer,0,2,1
CUST102200,Female,71,1,55,29,1616.21,Month-to-month,Fiber,Cash,1,4,0
CUST102201,Female,75,1,57,194,11042.96,Month-to-month,Fiber,Bank Transfer,3,5,1
CUST102202,Female,68,1,3,23,103.29,Month-to-month,DSL,Bank Transfer,1,4,0
CUST102203,Male,56,0,3,74,162.97,One year,DSL,Bank Transfer,2,1,0
CUST102204,Female,21,0,19,85,1633.33,Month-to-month,DSL,UPI,3,2,0
CUST102205,Male,20,0,9,86,803.66,One year,Fiber,Cash,1,4,0
CUST102206,Male,73,1,23,154,3562.11,Month-to-month,Fiber,Cash,2,2,0
CUST102207,Male,46,0,25,74,1806.53,Month-to-month,None,UPI,1,1,0
CUST102208,Female,69,1,36,50,1770.03,Month-to-month,DSL,Bank Transfer,2,4,0
CUST102209,Male,28,0,53,93,4964.16,Month-to-month,Fiber,Credit Card,5,5,0
CUST102210,Female,50,0,20,38,754.75,Two year,Fiber,Credit Card,0,3,1
CUST102211,Female,55,0,37,175,6375.26,Two year,DSL,UPI,2,4,0
CUST102212,Female,75,1,45,100,4476.3,Month-to-month,DSL,Credit Card,3,1,0
CUST102213,Male,28,0,3,175,584.29,Two year,Fiber,Bank Transfer,0,3,0
CUST102214,Female,44,0,59,166,9786.78,One year,DSL,Bank Transfer,1,4,0
CUST102215,Male,50,0,56,106,5870.06,Month-to-month,Fiber,Cash,4,2,0
CUST102216,Female,38,0,44,39,1698.2,One year,DSL,Bank Transfer,1,1,0
CUST102217,Female,56,0,19,32,607.14,Two year,DSL,Bank Transfer,2,4,0
CUST102218,Male,48,0,16,96,1498.56,Month-to-month,Fiber,Bank Transfer,3,1,0
CUST102219,Female,55,0,70,62,4407.4,Month-to-month,DSL,Credit Card,1,5,0
CUST102220,Female,63,1,3,158,459.05,Month-to-month,None,Credit Card,1,3,0
CUST102221,Male,19,0,13,195,2523.84,Month-to-month,Fiber,UPI,1,3,0
CUST102222,Male,44,0,2,162,316.37,Month-to-month,Fiber,UPI,1,5,1
CUST102223,Male,53,0,57,164,9257.78,One year,None,Credit Card,2,3,0
CUST102224,Male,28,0,54,69,3744.86,Two year,DSL,Cash,2,3,0
CUST102225,Male,64,1,3,47,111.46,Month-to-month,Fiber,Cash,0,5,0
CUST102226,Female,35,0,23,23,407.0,Month-to-month,Fiber,Credit Card,3,2,0
CUST102227,Female,18,0,33,41,1278.04,One year,Fiber,UPI,4,3,0
CUST102228,Male,52,0,29,138,3999.41,Month-to-month,DSL,Cash,2,2,1
CUST102229,Male,52,0,18,120,2221.49,Two year,DSL,Bank Transfer,1,1,0
CUST102230,Female,48,0,30,58,1775.9,Two year,Fiber,Cash,0,1,0
CUST102231,Male,45,0,59,53,3154.77,Two year,Fiber,Cash,1,3,0
CUST102232,Female,56,0,59,116,6849.09,One year,DSL,Cash,5,1,1
CUST102233,Male,18,0,18,63,1153.12,Month-to-month,Fiber,UPI,1,5,0
CUST102234,Female,42,0,48,189,9076.92,Month-to-month,DSL,UPI,2,3,0
CUST102235,Female,60,1,62,59,3621.18,One year,Fiber,Credit Card,2,5,0
CUST102236,Male,55,0,21,116,2401.07,Two year,Fiber,Cash,1,2,0
CUST102237,Male,37,0,23,159,3657.75,Month-to-month,Fiber,UPI,3,4,0
CUST102238,Female,20,0,29,149,4282.82,Month-to-month,Fiber,UPI,3,4,0
CUST102239,Female,68,1,57,175,9890.79,Two year,DSL,Credit Card,3,3,0
CUST102240,Male,19,0,30,93,2820.0,Month-to-month,DSL,Bank Transfer,2,5,0
CUST102241,Male,35,0,63,105,6636.92,Month-to-month,DSL,Bank Transfer,5,4,1
CUST102242,Female,61,1,18,109,1876.71,Two year,Fiber,Cash,2,3,0
CUST102243,Female,27,0,47,86,3980.42,Month-to-month,DSL,Bank Transfer,1,4,0
CUST102244,Female,22,0,44,95,4196.86,Month-to-month,DSL,Credit Card,0,4,0
CUST102245,Male,26,0,54,111,5936.7,One year,Fiber,UPI,1,1,0
CUST102246,Male,19,0,54,29,1567.38,One year,Fiber,Bank Transfer,2,3,0
CUST102247,Male,51,0,17,105,1827.08,Month-to-month,Fiber,Cash,1,4,0
CUST102248,Male,55,0,62,121,7478.92,Month-to-month,Fiber,Cash,3,3,0
CUST102249,Male,48,0,46,127,5875.09,One year,DSL,UPI,0,1,0
CUST102250,Female,27,0,56,184,10278.73,Month-to-month,DSL,Cash,1,3,0
CUST102251,Female,67,1,44,110,4823.51,Month-to-month,Fiber,Credit Card,1,1,0
CUST102252,Male,29,0,32,98,3156.81,Month-to-month,DSL,Bank Transfer,1,4,0
CUST102253,Female,53,0,16,105,1713.62,One year,DSL,Cash,2,4,0
CUST102254,Female,71,1,69,126,8631.3,One year,Fiber,Bank Transfer,2,4,0
CUST102255,Female,38,0,3,187,495.07,One year,Fiber,UPI,1,1,0
CUST102256,Female,66,1,19,120,2203.75,One year,DSL,Bank Transfer,1,2,0
CUST102257,Female,64,1,46,127,5925.83,One year,DSL,Credit Card,1,1,0
CUST102258,Male,23,0,14,79,1084.23,Month-to-month,Fiber,UPI,1,1,0
CUST102259,Female,65,1,69,67,4588.06,Two year,DSL,Cash,1,5,0
CUST102260,Male,66,1,46,136,6270.61,Two year,DSL,UPI,4,4,0
CUST102261,Male,20,0,8,125,917.24,Month-to-month,Fiber,Bank Transfer,0,4,1
CUST102262,Female,27,0,15,166,2471.29,Month-to-month,DSL,Bank Transfer,1,5,0
CUST102263,Female,22,0,68,52,3536.36,One year,DSL,Bank Transfer,2,2,0
CUST102264,Female,63,1,60,63,3731.4,One year,Fiber,Bank Transfer,2,3,0
CUST102265,Female,43,0,9,184,1598.2,Month-to-month,Fiber,UPI,1,4,1
CUST102266,Male,38,0,49,131,6400.14,One year,Fiber,UPI,3,4,0
CUST102267,Female,62,1,2,108,191.47,One year,Fiber,Bank Transfer,1,1,0
CUST102268,Male,43,0,69,55,3769.04,Two year,Fiber,Cash,3,2,0
CUST102269,Male,55,0,50,100,4925.33,Month-to-month,Fiber,UPI,1,2,0
CUST102270,Female,61,1,18,107,1850.97,Month-to-month,Fiber,Credit Card,0,2,1
CUST102271,Male,43,0,41,168,6950.92,One year,Fiber,UPI,2,2,0
CUST102272,Male,25,0,34,149,5000.48,Two year,DSL,Credit Card,4,5,0
CUST102273,Male,22,0,45,50,2239.67,Month-to-month,Fiber,Cash,5,1,0
CUST102274,Female,32,0,25,127,3166.79,One year,None,Credit Card,2,5,0
CUST102275,Male,33,0,68,49,3308.0,Month-to-month,None,Credit Card,2,5,1
CUST102276,Female,18,0,63,191,12024.85,One year,DSL,Cash,0,3,0
CUST102277,Male,33,0,36,31,1098.19,Two year,None,Bank Transfer,0,1,0
CUST102278,Male,54,0,48,70,3339.24,One year,Fiber,UPI,3,2,0
CUST102279,Female,20,0,20,140,2852.67,Two year,DSL,Cash,3,1,0
CUST102280,Male,69,1,63,196,12300.33,One year,None,Credit Card,2,2,0
CUST102281,Female,64,1,4,171,652.22,Two year,Fiber,Bank Transfer,1,3,0
CUST102282,Male,48,0,69,171,11844.64,Month-to-month,Fiber,UPI,3,4,0
CUST102283,Male,30,0,3,158,444.49,Month-to-month,Fiber,Cash,2,5,1
CUST102284,Female,73,1,38,32,1193.58,Month-to-month,Fiber,UPI,3,3,0
CUST102285,Male,33,0,34,110,3709.83,Month-to-month,Fiber,Bank Transfer,1,5,0
CUST102286,Female,72,1,0,93,52.41,Month-to-month,None,UPI,3,2,1
CUST102287,Male,60,1,23,39,941.4,One year,None,Bank Transfer,4,2,0
CUST102288,Female,38,0,56,91,5036.7,Two year,DSL,Cash,2,3,0
CUST102289,Male,19,0,69,92,6418.68,One year,DSL,Bank Transfer,1,4,0
CUST102290,Female,71,1,40,90,3491.74,Month-to-month,DSL,Cash,1,4,1
CUST102291,Female,44,0,53,97,5057.24,Two year,Fiber,Bank Transfer,0,5,0
CUST102292,Female,55,0,45,47,2035.82,Month-to-month,Fiber,UPI,3,2,0
CUST102293,Male,43,0,59,149,8735.87,One year,None,Bank Transfer,5,2,0
CUST102294,Female,75,1,59,140,8238.4,Two year,Fiber,Bank Transfer,3,4,1
CUST102295,Male,55,0,56,62,3418.4,Two year,Fiber,UPI,0,2,0
CUST102296,Female,63,1,30,27,749.53,Month-to-month,Fiber,Credit Card,0,2,0
CUST102297,Female,42,0,23,32,759.1,Two year,DSL,Bank Transfer,3,3,0
CUST102298,Female,28,0,35,130,4531.78,One year,Fiber,Cash,2,4,0
CUST102299,Male,25,0,29,54,1602.67,Month-to-month,Fiber,Bank Transfer,0,4,0
CUST102300,Female,25,0,23,42,1009.09,Month-to-month,Fiber,Credit Card,1,1,0
CUST102301,Male,50,0,29,65,1889.78,Month-to-month,Fiber,Cash,1,4,0
CUST102302,Female,70,1,6,34,235.64,Month-to-month,Fiber,UPI,3,4,0
CUST102303,Female,24,0,34,149,5053.34,One year,DSL,UPI,5,1,0
CUST102304,Female,55,0,54,80,4254.53,Month-to-month,DSL,UPI,3,2,0
CUST102305,Male,38,0,13,134,1668.21,One year,Fiber,Cash,3,2,0
CUST102306,Female,25,0,9,83,646.66,One year,DSL,Bank Transfer,1,5,0
CUST102307,Male,68,1,15,71,1099.77,Two year,DSL,Cash,1,2,0
CUST102308,Female,71,1,53,183,9703.01,Month-to-month,DSL,Cash,2,4,0
CUST102309,Male,38,0,69,88,5920.33,Two year,DSL,Credit Card,1,5,0
CUST102310,Male,73,1,43,86,3726.42,Two year,Fiber,Cash,2,5,0
CUST102311,Female,37,0,72,194,13967.45,One year,Fiber,UPI,2,2,0
CUST102312,Female,25,0,44,102,4438.87,One year,Fiber,Cash,1,5,0
CUST102313,Male,75,1,55,21,1105.24,Month-to-month,Fiber,Credit Card,5,1,0
CUST102314,Male,63,1,56,191,10678.17,Two year,DSL,Cash,1,5,1
CUST102315,Male,48,0,20,97,1995.8,One year,DSL,Cash,1,3,0
CUST102316,Female,67,1,67,47,3147.26,Month-to-month,Fiber,UPI,4,1,0
CUST102317,Male,74,1,49,73,3537.37,Month-to-month,Fiber,Cash,1,4,0
CUST102318,Female,46,0,32,86,2859.37,One year,DSL,Bank Transfer,0,2,0
CUST102319,Female,65,1,6,183,1143.82,Month-to-month,Fiber,UPI,1,2,1
CUST102320,Male,26,0,69,121,8393.91,One year,DSL,Credit Card,3,3,0
CUST102321,Male,32,0,14,139,1994.35,Month-to-month,DSL,Credit Card,5,2,0
CUST102322,Male,47,0,31,172,5391.09,One year,DSL,Credit Card,5,4,0
CUST102323,Male,43,0,19,67,1294.03,One year,None,Cash,2,5,0
CUST102324,Male,27,0,14,186,2605.02,Two year,Fiber,Bank Transfer,4,2,0
CUST102325,Male,46,0,47,66,3107.34,One year,DSL,UPI,1,4,0
CUST102326,Male,71,1,70,40,2730.97,One year,Fiber,Bank Transfer,3,1,1
CUST102327,Female,33,0,20,177,3427.94,Two year,Fiber,Bank Transfer,3,4,1
CUST102328,Male,53,0,41,111,4586.47,One year,Fiber,Credit Card,2,3,0
CUST102329,Male,37,0,25,178,4541.0,Two year,DSL,Credit Card,2,4,0
CUST102330,Male,62,1,13,140,1801.09,Month-to-month,DSL,Bank Transfer,1,2,0
CUST102331,Female,71,1,56,135,7629.4,Two year,DSL,Bank Transfer,4,5,0
CUST102332,Female,54,0,36,173,6304.77,Month-to-month,Fiber,UPI,3,4,0
CUST102333,Male,39,0,57,169,9607.2,Two year,Fiber,Credit Card,1,3,0
CUST102334,Female,24,0,20,168,3420.46,Month-to-month,DSL,Credit Card,2,1,0
CUST102335,Male,40,0,68,20,1391.64,Month-to-month,Fiber,Cash,1,3,0
CUST102336,Male,58,0,2,184,351.75,Month-to-month,Fiber,Credit Card,1,1,1
CUST102337,Male,57,0,36,96,3482.59,Month-to-month,None,UPI,0,4,0
CUST102338,Female,46,0,48,104,5006.3,Month-to-month,Fiber,Cash,2,5,0
CUST102339,Female,33,0,18,65,1071.84,Month-to-month,Fiber,UPI,1,3,1
CUST102340,Female,55,0,11,156,1840.45,Two year,Fiber,Credit Card,1,5,0
CUST102341,Female,45,0,60,164,9786.3,Month-to-month,DSL,Credit Card,0,4,0
CUST102342,Female,65,1,40,66,2649.8,Month-to-month,DSL,Bank Transfer,1,5,0
CUST102343,Female,55,0,32,78,2587.72,One year,Fiber,Bank Transfer,0,5,0
CUST102344,Male,48,0,49,73,3563.39,Month-to-month,Fiber,UPI,3,3,0
CUST102345,Female,31,0,67,105,6997.9,Two year,Fiber,Cash,2,4,0
CUST102346,Male,70,1,70,31,2176.49,Month-to-month,Fiber,Credit Card,0,5,0
CUST102347,Female,50,0,32,25,782.71,One year,Fiber,Bank Transfer,1,1,0
CUST102348,Male,74,1,23,72,1717.19,Month-to-month,Fiber,Bank Transfer,2,2,0
CUST102349,Male,26,0,60,163,9738.19,Month-to-month,Fiber,Credit Card,2,1,1
CUST102350,Female,74,1,60,109,6511.4,One year,DSL,Credit Card,2,5,0
CUST102351,Male,44,0,27,24,643.58,Month-to-month,Fiber,Cash,5,4,0
CUST102352,Female,41,0,57,92,5179.57,Two year,None,Bank Transfer,3,1,0
CUST102353,Male,30,0,42,193,8078.43,Month-to-month,Fiber,Cash,3,4,0
CUST102354,Male,43,0,40,33,1292.85,Two year,Fiber,Cash,5,1,0
CUST102355,Female,46,0,38,191,7194.62,Two year,Fiber,Credit Card,1,4,0
CUST102356,Male,68,1,48,125,5968.98,Month-to-month,DSL,Cash,0,5,0
CUST102357,Male,66,1,16,71,1172.98,Two year,DSL,Credit Card,0,3,0
CUST102358,Male,60,1,69,135,9214.95,Month-to-month,Fiber,UPI,6,1,0
CUST102359,Female,45,0,69,45,3155.73,One year,Fiber,Cash,1,4,0
CUST102360,Male,45,0,64,72,4581.78,One year,Fiber,Bank Transfer,1,1,0
CUST102361,Male,25,0,4,128,528.35,Month-to-month,None,Bank Transfer,2,4,1
CUST102362,Female,40,0,1,48,98.12,Month-to-month,DSL,UPI,2,4,0
CUST102363,Male,46,0,21,38,751.03,One year,DSL,UPI,2,3,0
CUST102364,Male,22,0,56,66,3718.5,Two year,Fiber,Cash,3,4,0
CUST102365,Female,59,0,65,155,10009.54,Two year,None,Bank Transfer,3,1,0
CUST102366,Male,24,0,15,42,560.11,One year,Fiber,Bank Transfer,1,5,0
CUST102367,Male,59,0,50,136,6787.71,Month-to-month,Fiber,Credit Card,1,2,0
CUST102368,Female,53,0,38,125,4741.99,Two year,Fiber,Credit Card,3,4,0
CUST102369,Female,58,0,39,182,7146.23,Two year,Fiber,Bank Transfer,1,2,0
CUST102370,Female,44,0,37,72,2590.25,Month-to-month,DSL,Credit Card,1,5,0
CUST102371,Male,75,1,59,115,6814.52,Month-to-month,DSL,Credit Card,2,2,0
CUST102372,Male,63,1,58,24,1371.15,Two year,DSL,Credit Card,4,4,1
CUST102373,Male,19,0,9,35,307.92,Two year,DSL,UPI,2,1,0
CUST102374,Male,42,0,63,36,2160.72,Month-to-month,DSL,Bank Transfer,0,3,1
CUST102375,Male,26,0,62,179,11086.39,Two year,Fiber,Bank Transfer,4,4,1
CUST102376,Male,70,1,48,121,5844.77,Month-to-month,DSL,Bank Transfer,4,4,0
CUST102377,Male,44,0,63,199,12520.92,Two year,DSL,Credit Card,2,3,0
CUST102378,Male,18,0,31,39,1189.81,Month-to-month,Fiber,Cash,1,3,0
CUST102379,Male,40,0,6,131,877.59,Month-to-month,DSL,Cash,6,3,1
CUST102380,Male,27,0,20,139,2776.5,Month-to-month,DSL,Credit Card,3,3,0
CUST102381,Female,59,0,19,130,2379.78,Two year,None,UPI,0,3,0
CUST102382,Male,69,1,25,20,420.17,Month-to-month,DSL,UPI,2,4,0
CUST102383,Female,42,0,67,77,5231.49,Two year,DSL,Bank Transfer,2,2,0
CUST102384,Male,71,1,14,112,1541.68,Month-to-month,DSL,Cash,2,1,0
CUST102385,Female,20,0,13,191,2522.28,One year,Fiber,UPI,3,4,0
CUST102386,Female,23,0,26,25,629.96,Month-to-month,Fiber,Cash,3,5,0
CUST102387,Female,75,1,39,127,4971.83,Month-to-month,DSL,Cash,1,4,0
CUST102388,Male,23,0,57,122,6930.37,Month-to-month,Fiber,UPI,3,4,0
CUST102389,Male,70,1,27,69,1854.85,Month-to-month,DSL,Credit Card,1,2,1
CUST102390,Female,19,0,25,137,3446.82,One year,Fiber,Bank Transfer,3,3,0
CUST102391,Male,75,1,62,129,7934.24,Month-to-month,Fiber,Bank Transfer,1,5,0
CUST102392,Female,75,1,65,107,6968.52,Month-to-month,DSL,UPI,0,2,0
CUST102393,Male,35,0,24,39,944.6,Month-to-month,Fiber,Credit Card,3,1,0
CUST102394,Female,40,0,2,33,-12.02,Month-to-month,Fiber,UPI,1,5,0
CUST102395,Female,19,0,71,152,10925.26,Month-to-month,None,UPI,5,5,0
CUST102396,Female,29,0,43,188,8065.18,Month-to-month,None,Cash,0,2,1
CUST102397,Female,39,0,41,59,2365.62,One year,Fiber,Cash,3,5,1
CUST102398,Female,54,0,5,53,338.51,Month-to-month,Fiber,Bank Transfer,3,4,0
CUST102399,Male,37,0,38,143,5370.87,One year,Fiber,Cash,2,4,0
CUST102400,Male,56,0,51,64,3232.75,Month-to-month,Fiber,Cash,2,3,0
CUST102401,Female,41,0,22,99,2185.02,Month-to-month,Fiber,Credit Card,2,2,0
CUST102402,Male,65,1,49,90,4379.95,Two year,Fiber,UPI,2,4,1
CUST102403,Male,37,0,42,174,7334.18,Two year,Fiber,UPI,1,5,0
CUST102404,Female,18,0,18,97,1773.08,Month-to-month,None,Credit Card,1,5,0
CUST102405,Male,18,0,68,97,6556.73,Month-to-month,DSL,Cash,4,4,1
CUST102406,Male,34,0,50,191,9623.34,Month-to-month,DSL,Cash,0,2,0
CUST102407,Female,18,0,10,52,504.44,Two year,None,UPI,4,2,0
CUST102408,Male,70,1,11,52,581.96,One year,Fiber,Bank Transfer,3,1,0
CUST102409,Female,69,1,7,63,421.46,Two year,None,UPI,1,2,0
CUST102410,Female,62,1,23,39,874.7,Month-to-month,Fiber,Bank Transfer,1,4,0
CUST102411,Male,47,0,40,130,5196.39,One year,Fiber,Cash,4,1,0
CUST102412,Female,58,0,35,183,6497.31,One year,DSL,Bank Transfer,4,5,0
CUST102413,Male,64,1,71,26,1866.94,One year,DSL,Bank Transfer,2,4,0
CUST102414,Female,20,0,54,179,9613.3,Month-to-month,Fiber,Bank Transfer,0,3,0
CUST102415,Female,63,1,8,186,1491.95,One year,Fiber,Bank Transfer,0,3,0
CUST102416,Female,72,1,46,43,1949.9,Two year,Fiber,Bank Transfer,0,2,0
CUST102417,Female,28,0,14,89,1294.54,Two year,Fiber,UPI,1,1,0
CUST102418,Male,41,0,47,131,6151.39,Month-to-month,Fiber,Credit Card,0,1,0
CUST102419,Male,39,0,41,123,4971.88,One year,Fiber,Cash,1,5,1
CUST102420,Male,61,1,59,73,4327.34,Two year,None,UPI,3,2,0
CUST102421,Male,62,1,69,57,3891.5,Month-to-month,DSL,Credit Card,1,1,0
CUST102422,Male,43,0,11,93,1043.16,Month-to-month,DSL,UPI,3,4,0
CUST102423,Male,30,0,1,99,146.83,Month-to-month,Fiber,Credit Card,2,5,1
CUST102424,Female,18,0,6,51,291.71,Month-to-month,DSL,UPI,4,1,0
CUST102425,Male,41,0,2,64,119.92,Two year,None,Cash,5,3,0
CUST102426,Male,27,0,2,80,168.53,Month-to-month,DSL,Cash,1,3,0
CUST102427,Male,52,0,26,72,1838.88,One year,None,Bank Transfer,2,1,1
CUST102428,Male,41,0,39,147,5737.49,Month-to-month,None,Credit Card,0,3,0
CUST102429,Male,45,0,32,198,6346.42,Month-to-month,DSL,UPI,2,4,0
CUST102430,Male,53,0,0,95,-44.34,Two year,Fiber,Bank Transfer,0,5,0
CUST102431,Male,33,0,7,46,381.9,One year,Fiber,UPI,2,4,1
CUST102432,Male,57,0,31,185,5648.95,Month-to-month,Fiber,Cash,2,3,0
CUST102433,Female,33,0,47,81,3847.37,Two year,DSL,Cash,0,1,0
CUST102434,Male,34,0,3,37,179.97,Month-to-month,None,Credit Card,3,1,0
CUST102435,Female,68,1,69,146,10113.45,Month-to-month,Fiber,UPI,2,5,0
CUST102436,Male,71,1,18,128,2251.12,One year,Fiber,UPI,1,3,0
CUST102437,Male,32,0,31,122,3825.25,Month-to-month,Fiber,Bank Transfer,3,3,0
CUST102438,Male,33,0,8,96,873.21,One year,Fiber,Cash,0,3,0
CUST102439,Male,32,0,11,136,1487.0,One year,DSL,Bank Transfer,4,2,0
CUST102440,Male,74,1,10,123,1229.97,Month-to-month,DSL,Bank Transfer,1,1,1
CUST102441,Male,51,0,45,177,8003.55,One year,Fiber,Credit Card,0,3,0
CUST102442,Male,28,0,15,68,976.37,Month-to-month,Fiber,Bank Transfer,5,5,1
CUST102443,Male,18,0,0,188,-76.7,One year,DSL,Credit Card,5,2,1
CUST102444,Female,32,0,62,135,8391.06,Month-to-month,None,Cash,2,3,0
CUST102445,Female,43,0,20,160,3201.83,Two year,Fiber,Bank Transfer,1,1,0
CUST102446,Female,68,1,29,181,5197.18,Two year,DSL,Bank Transfer,1,2,0
CUST102447,Male,21,0,12,119,1447.26,Month-to-month,DSL,Bank Transfer,0,4,0
CUST102448,Male,60,1,33,144,4734.56,Two year,None,Bank Transfer,2,5,0
CUST102449,Male,22,0,3,44,150.78,One year,DSL,Cash,2,1,0
CUST102450,Female,52,0,27,147,3978.43,One year,DSL,Credit Card,1,4,1
CUST102451,Female,30,0,58,119,6908.72,Two year,DSL,Cash,1,1,0
CUST102452,Male,27,0,26,165,4289.29,Month-to-month,None,Credit Card,2,5,0
CUST102453,Female,28,0,68,24,1544.33,Month-to-month,Fiber,Credit Card,2,3,1
CUST102454,Female,35,0,24,38,836.84,Month-to-month,DSL,Bank Transfer,0,4,0
CUST102455,Male,51,0,2,189,467.87,Month-to-month,DSL,Bank Transfer,0,4,1
CUST102456,Female,56,0,67,37,2548.22,Month-to-month,Fiber,Bank Transfer,1,2,0
CUST102457,Female,58,0,24,140,3346.14,Month-to-month,DSL,Credit Card,1,3,0
CUST102458,Male,59,0,19,51,990.45,Month-to-month,Fiber,UPI,1,5,0
CUST102459,Female,67,1,33,168,5460.48,One year,Fiber,UPI,1,2,0
CUST102460,Male,40,0,25,29,650.66,Month-to-month,Fiber,UPI,2,4,0
CUST102461,Male,24,0,4,56,76.63,Month-to-month,DSL,Cash,4,1,0
CUST102462,Female,56,0,60,196,11706.04,Month-to-month,Fiber,Credit Card,1,5,0
CUST102463,Male,20,0,8,105,807.49,One year,DSL,UPI,2,2,1
CUST102464,Female,29,0,49,32,1603.35,Two year,Fiber,Credit Card,4,3,0
CUST102465,Female,24,0,5,164,808.34,Month-to-month,Fiber,Credit Card,1,1,0
CUST102466,Male,66,1,59,28,1665.29,One year,DSL,Cash,3,2,0
CUST102467,Female,43,0,43,107,4582.5,Two year,DSL,Bank Transfer,0,5,1
CUST102468,Male,50,0,10,191,1903.26,Two year,Fiber,Bank Transfer,1,1,0
CUST102469,Female,54,0,65,65,4206.74,One year,DSL,Cash,3,2,0
CUST102470,Male,65,1,46,155,7142.96,Month-to-month,Fiber,Cash,0,2,0
CUST102471,Male,32,0,72,138,9799.11,Month-to-month,Fiber,Credit Card,1,5,0
CUST102472,Male,19,0,2,184,367.79,Month-to-month,DSL,UPI,6,3,1
CUST102473,Male,58,0,29,38,1094.22,One year,Fiber,Credit Card,2,1,0
CUST102474,Male,24,0,20,193,3943.35,Month-to-month,Fiber,Credit Card,1,2,1
CUST102475,Male,49,0,27,113,3062.37,One year,Fiber,UPI,3,5,0
CUST102476,Male,21,0,61,45,2824.49,Month-to-month,DSL,Bank Transfer,2,2,0
CUST102477,Male,37,0,32,65,2040.66,Month-to-month,Fiber,Credit Card,3,5,0
CUST102478,Female,67,1,34,137,4620.29,Two year,DSL,Bank Transfer,4,5,0
CUST102479,Female,70,1,51,65,3398.92,Two year,Fiber,Bank Transfer,1,2,0
CUST102480,Female,53,0,33,33,1077.14,One year,DSL,Bank Transfer,2,5,0
CUST102481,Female,49,0,40,104,4119.6,Month-to-month,Fiber,Credit Card,1,1,0
CUST102482,Female,45,0,50,82,4101.07,Two year,DSL,UPI,1,5,0
CUST102483,Female,30,0,46,91,4195.53,Month-to-month,Fiber,UPI,1,3,0
CUST102484,Female,18,0,57,22,1315.7,One year,Fiber,Bank Transfer,3,3,0
CUST102485,Female,73,1,56,47,2591.86,Month-to-month,Fiber,Bank Transfer,5,5,0
CUST102486,Male,52,0,22,144,3205.05,One year,Fiber,UPI,2,1,0
CUST102487,Female,65,1,47,176,8359.61,One year,Fiber,Cash,3,4,0
CUST102488,Female,47,0,21,106,2281.88,Two year,Fiber,Cash,1,4,0
CUST102489,Female,71,1,16,165,2730.41,One year,Fiber,Bank Transfer,2,1,0
CUST102490,Female,53,0,68,182,12376.6,Two year,Fiber,UPI,2,3,0
CUST102491,Male,74,1,10,96,990.21,Month-to-month,DSL,Cash,4,5,0
CUST102492,Male,72,1,14,95,1291.31,One year,Fiber,UPI,5,2,0
CUST102493,Female,42,0,34,194,6719.12,Month-to-month,Fiber,Credit Card,2,5,1
CUST102494,Female,33,0,32,133,4300.86,Month-to-month,Fiber,Bank Transfer,4,5,0
CUST102495,Male,75,1,15,152,2291.5,One year,Fiber,Cash,2,4,0
CUST102496,Male,36,0,33,94,3099.27,Two year,Fiber,Bank Transfer,0,5,0
CUST102497,Male,18,0,65,78,4963.38,Month-to-month,None,Credit Card,1,4,0
CUST102498,Female,22,0,39,78,2933.48,Month-to-month,DSL,UPI,4,2,1
CUST102499,Male,68,1,27,66,1727.34,Month-to-month,DSL,Bank Transfer,2,5,0
CUST102500,Male,39,0,46,114,5216.92,Two year,DSL,Cash,2,1,0
CUST102501,Male,41,0,38,160,6112.44,Month-to-month,None,Credit Card,3,5,0
CUST102502,Male,60,1,69,97,6733.42,Month-to-month,DSL,Cash,5,1,0
CUST102503,Male,62,1,72,132,9503.99,Month-to-month,Fiber,UPI,1,4,0
CUST102504,Male,69,1,19,128,2448.17,Month-to-month,DSL,Cash,0,5,0
CUST102505,Female,54,0,0,125,-8.99,One year,DSL,Cash,0,4,0
CUST102506,Female,70,1,71,108,7722.81,Two year,Fiber,Cash,2,1,0
CUST102507,Male,53,0,62,52,3187.49,Month-to-month,Fiber,Credit Card,1,4,0
CUST102508,Male,53,0,66,116,7640.29,Month-to-month,DSL,Cash,4,3,0
CUST102509,Male,21,0,3,98,303.56,Two year,Fiber,Cash,1,1,0
CUST102510,Female,53,0,57,35,1956.39,Two year,DSL,Credit Card,0,4,0
CUST102511,Female,69,1,24,63,1437.43,Month-to-month,Fiber,Credit Card,2,5,0
CUST102512,Female,70,1,46,139,6411.85,Month-to-month,DSL,Credit Card,2,4,0
CUST102513,Female,35,0,37,153,5773.64,Two year,Fiber,UPI,0,2,0
CUST102514,Male,67,1,14,127,1783.63,One year,DSL,Credit Card,5,1,0
CUST102515,Female,33,0,62,162,10081.37,Two year,Fiber,UPI,5,4,1
CUST102516,Male,58,0,20,23,443.07,Month-to-month,DSL,Credit Card,1,3,0
CUST102517,Male,35,0,56,75,4219.93,One year,Fiber,Credit Card,3,2,1
CUST102518,Male,39,0,52,83,4245.27,One year,DSL,Bank Transfer,3,1,0
CUST102519,Male,19,0,45,181,8091.03,Two year,Fiber,Bank Transfer,2,2,1
CUST102520,Male,38,0,13,114,1512.51,Two year,Fiber,Bank Transfer,3,5,0
CUST102521,Male,53,0,16,75,1188.14,Month-to-month,None,Bank Transfer,1,3,1
CUST102522,Male,61,1,38,51,1854.75,One year,None,Credit Card,1,5,1
CUST102523,Male,56,0,8,135,1059.04,Month-to-month,Fiber,Credit Card,1,4,1
CUST102524,Female,64,1,5,28,186.14,Two year,Fiber,UPI,4,2,0
CUST102525,Male,56,0,22,124,2696.72,One year,Fiber,Credit Card,1,5,0
CUST102526,Female,46,0,58,97,5512.59,Two year,Fiber,UPI,0,4,0
CUST102527,Male,71,1,45,180,8187.83,Month-to-month,Fiber,Cash,0,3,1
CUST102528,Male,43,0,37,106,3927.73,Month-to-month,DSL,Cash,2,5,1
CUST102529,Male,38,0,13,40,601.44,Month-to-month,DSL,Credit Card,2,2,1
CUST102530,Male,34,0,71,74,5271.62,Month-to-month,Fiber,Cash,1,5,0
CUST102531,Male,33,0,61,95,5762.51,Month-to-month,Fiber,Credit Card,1,3,0
CUST102532,Female,48,0,34,149,5083.73,Two year,Fiber,UPI,2,4,0
CUST102533,Male,68,1,18,160,2895.87,Month-to-month,DSL,Bank Transfer,1,5,0
CUST102534,Female,26,0,29,145,4296.71,One year,Fiber,Cash,1,5,0
CUST102535,Male,48,0,24,151,3688.26,Two year,None,Credit Card,1,1,0
CUST102536,Female,31,0,39,103,4051.28,Two year,DSL,Bank Transfer,2,4,0
CUST102537,Female,66,1,13,197,2580.18,Month-to-month,Fiber,UPI,1,1,1
CUST102538,Female,54,0,25,134,3354.03,Month-to-month,None,Credit Card,2,1,1
CUST102539,Male,19,0,21,67,1378.01,Month-to-month,DSL,Cash,1,3,0
CUST102540,Female,69,1,47,142,6727.81,Month-to-month,Fiber,UPI,2,3,1
CUST102541,Female,65,1,50,97,4828.86,One year,Fiber,Credit Card,2,2,0
CUST102542,Male,63,1,2,49,85.86,One year,DSL,Cash,0,4,0
CUST102543,Male,31,0,41,48,1971.43,One year,DSL,UPI,4,4,0
CUST102544,Male,50,0,18,155,2758.7,Two year,DSL,UPI,5,3,0
CUST102545,Female,52,0,72,159,11425.63,Two year,DSL,Bank Transfer,1,3,1
CUST102546,Male,75,1,27,60,1620.12,Two year,None,Bank Transfer,4,1,0
CUST102547,Male,56,0,44,45,1976.05,Two year,DSL,Bank Transfer,3,3,0
CUST102548,Female,75,1,70,69,4902.79,Month-to-month,None,Credit Card,3,5,0
CUST102549,Male,64,1,62,21,1225.61,Month-to-month,DSL,UPI,1,4,0
CUST102550,Male,68,1,72,74,5356.12,Month-to-month,None,Bank Transfer,1,2,1
CUST102551,Male,37,0,18,123,2189.91,One year,DSL,Cash,2,1,0
CUST102552,Male,19,0,46,33,1500.61,One year,Fiber,Credit Card,1,5,1
CUST102553,Female,68,1,13,153,1870.13,Month-to-month,DSL,Bank Transfer,2,3,1
CUST102554,Male,58,0,37,147,5401.73,Two year,DSL,Credit Card,2,2,0
CUST102555,Female,36,0,52,123,6421.95,Month-to-month,DSL,UPI,2,3,0
CUST102556,Male,54,0,60,114,6805.4,Two year,DSL,Cash,1,5,0
CUST102557,Female,35,0,35,100,3476.18,Month-to-month,DSL,UPI,1,2,0
CUST102558,Female,33,0,39,80,3104.79,Month-to-month,Fiber,Cash,3,3,0
CUST102559,Male,21,0,29,31,909.13,Month-to-month,DSL,UPI,0,5,0
CUST102560,Male,29,0,8,32,339.14,Month-to-month,Fiber,Credit Card,1,5,0
CUST102561,Male,46,0,63,166,10454.34,Month-to-month,Fiber,UPI,3,2,0
CUST102562,Female,24,0,32,191,6256.52,One year,Fiber,Cash,1,5,0
CUST102563,Female,31,0,51,108,5637.28,Month-to-month,Fiber,Credit Card,4,3,0
CUST102564,Male,72,1,13,114,1563.95,Two year,Fiber,Credit Card,1,2,0
CUST102565,Female,29,0,52,78,4106.88,Month-to-month,Fiber,Cash,4,1,1
CUST102566,Male,52,0,58,56,3265.32,Month-to-month,DSL,Cash,2,5,1
CUST102567,Male,22,0,40,44,1835.93,Two year,Fiber,Credit Card,2,3,0
CUST102568,Male,34,0,67,35,2450.61,Month-to-month,Fiber,Cash,3,2,0
CUST102569,Male,75,1,67,185,12400.58,One year,DSL,UPI,1,1,0
CUST102570,Female,59,0,7,190,1343.35,Month-to-month,Fiber,UPI,1,1,1
CUST102571,Male,49,0,1,106,144.56,Month-to-month,DSL,UPI,3,4,1
CUST102572,Female,27,0,40,161,6434.95,Month-to-month,DSL,Credit Card,2,4,0
CUST102573,Male,60,1,54,153,8335.87,Month-to-month,Fiber,UPI,4,2,0
CUST102574,Male,34,0,15,42,568.42,Month-to-month,DSL,Credit Card,2,5,0
CUST102575,Female,22,0,61,145,8862.25,One year,DSL,Cash,5,3,0
CUST102576,Female,62,1,47,79,3653.62,Two year,DSL,UPI,0,5,0
CUST102577,Male,59,0,29,159,4609.06,Month-to-month,DSL,Credit Card,3,3,0
CUST102578,Male,26,0,11,160,1723.19,Two year,DSL,Bank Transfer,1,3,0
CUST102579,Female,66,1,34,119,4043.21,Month-to-month,DSL,UPI,2,4,1
CUST102580,Female,50,0,10,122,1136.2,Two year,DSL,UPI,2,4,0
CUST102581,Female,53,0,63,153,9668.95,Two year,DSL,Credit Card,2,5,0
CUST102582,Male,53,0,49,82,3998.76,Month-to-month,DSL,Credit Card,3,2,0
CUST102583,Male,35,0,20,57,1193.12,Two year,Fiber,Cash,0,3,0
CUST102584,Male,26,0,68,147,9993.27,Month-to-month,DSL,Credit Card,2,4,0
CUST102585,Male,74,1,47,69,3285.05,Month-to-month,Fiber,Cash,0,2,0
CUST102586,Female,46,0,19,199,3757.73,One year,Fiber,Bank Transfer,2,4,0
CUST102587,Female,67,1,66,59,3934.04,Two year,Fiber,Cash,2,3,1
CUST102588,Female,31,0,43,27,1266.45,Two year,Fiber,UPI,2,1,0
CUST102589,Female,42,0,32,27,825.82,Month-to-month,DSL,Credit Card,0,4,0
CUST102590,Female,32,0,72,123,8896.55,One year,None,Bank Transfer,1,2,0
CUST102591,Female,23,0,60,53,3117.8,Month-to-month,DSL,Bank Transfer,2,5,0
CUST102592,Male,73,1,8,76,601.14,Month-to-month,DSL,Credit Card,2,5,0
CUST102593,Male,59,0,67,193,12838.62,Month-to-month,DSL,UPI,3,3,1
CUST102594,Female,46,0,34,41,1427.19,Month-to-month,Fiber,Credit Card,1,1,0
CUST102595,Female,32,0,64,106,6754.45,Month-to-month,None,Credit Card,0,4,0
CUST102596,Male,46,0,7,59,450.36,Two year,Fiber,Credit Card,1,4,0
CUST102597,Female,21,0,44,192,8463.23,Month-to-month,Fiber,Cash,3,1,0
CUST102598,Male,35,0,46,198,9095.96,Two year,None,Bank Transfer,1,3,1
CUST102599,Male,67,1,39,105,4133.88,Month-to-month,DSL,Bank Transfer,3,3,0
CUST102600,Female,74,1,53,152,8109.11,Two year,Fiber,UPI,1,2,0
CUST102601,Female,66,1,45,114,5109.05,Month-to-month,None,Bank Transfer,2,2,0
CUST102602,Male,61,1,46,32,1527.02,One year,Fiber,Credit Card,3,2,0
CUST102603,Male,56,0,14,47,646.67,One year,DSL,Bank Transfer,0,3,0
CUST102604,Female,33,0,18,103,1716.94,Two year,Fiber,UPI,1,4,0
CUST102605,Male,28,0,25,81,2035.8,Month-to-month,DSL,Cash,4,5,0
CUST102606,Female,31,0,51,112,5679.61,Month-to-month,DSL,Cash,3,3,0
CUST102607,Male,20,0,21,106,2206.84,One year,Fiber,Credit Card,3,1,1
CUST102608,Female,68,1,20,43,759.11,Month-to-month,DSL,Credit Card,2,5,1
CUST102609,Male,67,1,50,117,5864.95,One year,DSL,Bank Transfer,1,3,0
CUST102610,Female,59,0,37,26,927.52,Month-to-month,Fiber,Bank Transfer,2,3,1
CUST102611,Female,55,0,19,185,3488.85,Month-to-month,Fiber,UPI,2,2,0
CUST102612,Female,62,1,28,56,1620.85,Month-to-month,DSL,Credit Card,3,4,0
CUST102613,Female,59,0,50,87,4244.64,Month-to-month,DSL,UPI,2,4,0
CUST102614,Female,35,0,3,189,585.59,Two year,Fiber,Cash,0,5,0
CUST102615,Male,75,1,54,105,5689.57,Month-to-month,DSL,Bank Transfer,3,3,0
CUST102616,Male,37,0,70,152,10651.87,One year,Fiber,Credit Card,5,2,0
CUST102617,Female,75,1,27,197,5374.29,Month-to-month,None,Bank Transfer,2,1,0
CUST102618,Male,65,1,3,106,362.21,Month-to-month,Fiber,Credit Card,3,3,1
CUST102619,Male,42,0,21,34,720.5,Month-to-month,DSL,Cash,1,2,0
CUST102620,Female,74,1,44,142,6210.41,Month-to-month,DSL,UPI,4,1,0
CUST102621,Male,55,0,66,126,8293.58,Two year,Fiber,Credit Card,3,1,0
CUST102622,Male,30,0,65,200,12998.84,Two year,Fiber,Bank Transfer,5,5,0
CUST102623,Male,21,0,33,172,5559.35,Two year,Fiber,Credit Card,2,4,0
CUST102624,Female,72,1,54,108,5806.98,Month-to-month,DSL,UPI,0,4,0
CUST102625,Male,31,0,0,144,59.78,One year,DSL,Cash,3,5,0
CUST102626,Male,50,0,71,132,9352.44,Two year,DSL,Bank Transfer,1,3,0
CUST102627,Female,45,0,37,156,5812.36,Month-to-month,Fiber,Cash,0,2,0
CUST102628,Male,69,1,5,185,968.63,One year,Fiber,Cash,3,4,0
CUST102629,Female,54,0,24,169,4116.58,One year,DSL,UPI,2,5,0
CUST102630,Male,25,0,16,126,2000.1,One year,Fiber,Credit Card,2,4,0
CUST102631,Female,61,1,60,106,6347.36,One year,Fiber,Credit Card,2,4,0
CUST102632,Female,51,0,11,196,2171.46,One year,Fiber,Credit Card,1,4,0
CUST102633,Female,61,1,5,87,395.22,One year,Fiber,Credit Card,3,3,0
CUST102634,Male,22,0,26,34,848.95,Two year,Fiber,Bank Transfer,2,5,1
CUST102635,Female,71,1,7,84,638.04,Month-to-month,Fiber,Cash,3,4,0
CUST102636,Male,22,0,64,73,4637.24,One year,Fiber,Credit Card,5,4,0
CUST102637,Male,48,0,56,177,9937.53,Month-to-month,Fiber,Cash,0,5,0
CUST102638,Male,62,1,39,112,4387.87,Two year,Fiber,Bank Transfer,0,1,0
CUST102639,Male,26,0,13,39,506.52,Month-to-month,DSL,Bank Transfer,2,3,0
CUST102640,Female,59,0,34,52,1781.35,Month-to-month,Fiber,Bank Transfer,3,3,0
CUST102641,Female,49,0,47,119,5627.1,Two year,DSL,Cash,2,2,0
CUST102642,Female,50,0,55,96,5351.9,One year,Fiber,Credit Card,2,2,0
CUST102643,Male,20,0,48,154,7344.99,Month-to-month,DSL,Cash,3,1,0
CUST102644,Female,47,0,12,155,1811.22,Month-to-month,DSL,Credit Card,0,2,1
CUST102645,Male,67,1,60,175,10495.05,Two year,DSL,UPI,1,4,0
CUST102646,Male,29,0,48,192,9233.69,Month-to-month,DSL,Credit Card,2,4,0
CUST102647,Female,46,0,45,126,5684.09,Month-to-month,DSL,Credit Card,3,2,1
CUST102648,Female,20,0,61,139,8564.98,One year,DSL,Credit Card,4,3,0
CUST102649,Male,43,0,7,93,603.07,One year,DSL,Bank Transfer,4,1,0
CUST102650,Male,74,1,42,30,1177.4,One year,DSL,UPI,4,4,0
CUST102651,Female,47,0,19,50,975.69,One year,Fiber,Credit Card,1,1,0
CUST102652,Female,26,0,38,31,1189.15,Two year,DSL,UPI,2,2,1
CUST102653,Female,43,0,48,143,6857.17,Two year,None,Cash,4,5,0
CUST102654,Male,19,0,63,97,6151.37,One year,Fiber,Cash,1,1,1
CUST102655,Male,20,0,61,198,11996.32,Month-to-month,DSL,Bank Transfer,1,1,0
CUST102656,Female,63,1,53,191,10036.42,Month-to-month,DSL,Cash,1,2,1
CUST102657,Male,21,0,8,115,819.93,One year,DSL,UPI,0,2,0
CUST102658,Male,42,0,36,69,2448.52,Month-to-month,Fiber,UPI,3,4,0
CUST102659,Female,68,1,48,136,6589.09,Month-to-month,Fiber,UPI,2,5,0
CUST102660,Female,30,0,40,36,1365.84,One year,DSL,UPI,2,5,0
CUST102661,Male,56,0,16,182,2913.94,Two year,DSL,UPI,1,1,1
CUST102662,Male,61,1,20,148,2975.25,Month-to-month,Fiber,Bank Transfer,3,5,1
CUST102663,Female,52,0,50,176,8877.35,One year,DSL,Credit Card,1,2,0
CUST102664,Female,72,1,58,198,11440.9,One year,None,Cash,2,2,0
CUST102665,Female,40,0,38,83,3108.9,Month-to-month,DSL,UPI,3,2,0
CUST102666,Female,26,0,54,151,8205.75,One year,DSL,Cash,2,1,0
CUST102667,Female,19,0,40,106,4186.39,Month-to-month,DSL,Bank Transfer,3,3,0
CUST102668,Male,71,1,38,175,6710.47,Month-to-month,Fiber,Bank Transfer,0,2,0
CUST102669,Female,58,0,12,35,437.85,One year,DSL,Credit Card,2,5,0
CUST102670,Female,61,1,63,82,5077.72,One year,DSL,Bank Transfer,2,5,0
CUST102671,Male,48,0,10,95,982.66,Month-to-month,DSL,Credit Card,1,2,1
CUST102672,Female,61,1,18,200,3622.58,Month-to-month,DSL,UPI,2,3,0
CUST102673,Male,64,1,10,104,1027.9,One year,Fiber,Bank Transfer,1,1,0
CUST102674,Female,19,0,45,128,5728.7,Month-to-month,DSL,Cash,4,2,0
CUST102675,Male,49,0,44,36,1664.78,Month-to-month,Fiber,Bank Transfer,0,1,0
CUST102676,Male,35,0,0,187,-122.43,Month-to-month,DSL,Bank Transfer,0,3,1
CUST102677,Female,30,0,39,160,6164.37,One year,Fiber,UPI,3,2,0
CUST102678,Female,63,1,18,199,3555.57,Two year,Fiber,Credit Card,1,2,1
CUST102679,Male,22,0,71,77,5491.18,Two year,Fiber,Credit Card,3,2,0
CUST102680,Male,75,1,71,184,13063.88,Month-to-month,Fiber,Bank Transfer,1,4,0
CUST102681,Female,59,0,60,98,5844.67,Month-to-month,DSL,Cash,2,2,0
CUST102682,Male,61,1,11,80,906.5,One year,None,Bank Transfer,1,2,0
CUST102683,Male,27,0,60,132,7833.12,Two year,Fiber,Cash,3,3,0
CUST102684,Male,73,1,32,140,4498.17,Month-to-month,DSL,UPI,0,3,0
CUST102685,Female,60,1,44,53,2317.0,Month-to-month,DSL,UPI,2,4,0
CUST102686,Male,42,0,68,89,6085.55,Month-to-month,DSL,Credit Card,1,2,0
CUST102687,Female,51,0,7,36,276.68,One year,Fiber,Cash,4,5,1
CUST102688,Male,54,0,24,39,974.09,Month-to-month,DSL,Bank Transfer,1,1,0
CUST102689,Male,47,0,45,78,3479.47,Two year,None,Bank Transfer,4,2,0
CUST102690,Female,24,0,29,88,2515.16,Month-to-month,DSL,Bank Transfer,5,4,0
CUST102691,Female,23,0,46,180,8289.72,Month-to-month,Fiber,Bank Transfer,3,5,0
CUST102692,Female,71,1,48,121,5735.11,Month-to-month,Fiber,UPI,0,3,0
CUST102693,Male,72,1,46,139,6504.76,Month-to-month,Fiber,Cash,3,1,0
CUST102694,Male,20,0,17,164,2868.39,One year,DSL,UPI,0,4,0
CUST102695,Female,30,0,65,76,4862.18,One year,None,Cash,1,3,0
CUST102696,Male,20,0,67,102,6845.41,Month-to-month,None,Credit Card,4,2,1
CUST102697,Female,43,0,32,148,4795.11,One year,None,Cash,2,4,0
CUST102698,Male,74,1,35,32,1100.38,One year,Fiber,Bank Transfer,1,2,0
CUST102699,Female,41,0,18,174,3094.5,Month-to-month,Fiber,UPI,1,4,0
CUST102700,Female,70,1,27,25,734.03,Month-to-month,Fiber,Bank Transfer,0,4,0
CUST102701,Male,23,0,39,116,4591.65,Month-to-month,Fiber,Cash,3,2,0
CUST102702,Female,60,1,14,113,1501.4,Month-to-month,Fiber,Cash,1,4,0
CUST102703,Female,75,1,40,129,5165.87,Month-to-month,Fiber,Credit Card,2,3,0
CUST102704,Female,66,1,38,170,6453.96,Month-to-month,Fiber,Cash,4,3,0
CUST102705,Female,59,0,1,157,69.08,Month-to-month,None,Cash,1,1,1
CUST102706,Female,29,0,62,70,4259.67,Two year,DSL,Bank Transfer,1,1,0
CUST102707,Male,66,1,28,166,4601.96,Month-to-month,Fiber,Cash,4,4,0
CUST102708,Female,53,0,65,70,4550.79,Month-to-month,DSL,Cash,1,3,0
CUST102709,Male,19,0,50,106,5364.58,One year,DSL,UPI,5,2,0
CUST102710,Female,28,0,9,87,643.92,Month-to-month,DSL,UPI,3,4,0
CUST102711,Male,56,0,13,103,1344.93,Month-to-month,DSL,Credit Card,2,2,0
CUST102712,Female,51,0,50,61,3002.38,Month-to-month,None,Credit Card,0,5,0
CUST102713,Male,43,0,72,76,5498.56,Two year,DSL,Bank Transfer,2,1,0
CUST102714,Female,35,0,38,185,7080.91,Month-to-month,Fiber,Bank Transfer,3,4,0
CUST102715,Female,38,0,27,81,2239.4,Two year,DSL,UPI,3,4,1
CUST102716,Male,53,0,2,26,47.12,One year,None,UPI,1,2,0
CUST102717,Male,57,0,69,131,9022.21,One year,Fiber,UPI,2,1,0
CUST102718,Male,69,1,26,197,5188.64,One year,DSL,Credit Card,0,2,0
CUST102719,Female,63,1,1,199,182.44,Month-to-month,DSL,Credit Card,1,2,1
CUST102720,Male,61,1,37,45,1667.8,Month-to-month,Fiber,Cash,4,1,0
CUST102721,Female,39,0,2,173,322.89,Month-to-month,Fiber,Credit Card,3,5,1
CUST102722,Male,70,1,15,38,586.76,Month-to-month,DSL,Cash,1,3,0
CUST102723,Female,47,0,39,28,1023.66,Two year,None,Bank Transfer,1,3,0
CUST102724,Female,67,1,1,80,65.32,One year,Fiber,Credit Card,0,5,0
CUST102725,Male,60,1,40,39,1564.61,Month-to-month,DSL,Bank Transfer,3,1,0
CUST102726,Female,47,0,11,125,1426.69,One year,None,Cash,1,4,0
CUST102727,Female,25,0,34,69,2337.41,Two year,DSL,Bank Transfer,1,1,0
CUST102728,Male,51,0,64,100,6277.3,Two year,Fiber,Bank Transfer,1,2,0
CUST102729,Male,74,1,54,169,9096.48,One year,Fiber,Credit Card,1,1,0
CUST102730,Male,64,1,44,160,7112.95,Month-to-month,DSL,Cash,0,3,1
CUST102731,Male,26,0,61,159,9706.85,Month-to-month,DSL,Cash,1,4,0
CUST102732,Male,68,1,48,29,1355.79,Month-to-month,DSL,UPI,2,5,0
CUST102733,Female,37,0,24,84,1965.55,Month-to-month,Fiber,Credit Card,0,1,1
CUST102734,Female,57,0,22,177,3912.68,Month-to-month,None,Credit Card,2,4,0
CUST102735,Female,42,0,23,27,586.64,Two year,Fiber,Cash,2,4,0
CUST102736,Female,36,0,37,168,6217.37,Two year,Fiber,Credit Card,0,3,0
CUST102737,Male,22,0,27,41,1068.68,One year,Fiber,Bank Transfer,4,2,0
CUST102738,Male,28,0,20,37,695.39,One year,DSL,UPI,1,4,1
CUST102739,Female,32,0,53,195,10315.72,Month-to-month,Fiber,Cash,2,4,0
CUST102740,Female,25,0,17,191,3240.85,Month-to-month,Fiber,Credit Card,3,1,0
CUST102741,Female,36,0,35,28,977.21,Two year,DSL,Credit Card,2,5,0
CUST102742,Female,40,0,44,73,3198.08,Month-to-month,DSL,Bank Transfer,1,1,0
CUST102743,Female,44,0,72,45,3294.87,One year,None,Credit Card,2,3,0
CUST102744,Male,57,0,52,113,5855.58,Month-to-month,DSL,Credit Card,3,4,0
CUST102745,Female,49,0,29,119,3522.99,Two year,None,Bank Transfer,1,2,0
CUST102746,Female,43,0,59,45,2646.91,One year,DSL,Credit Card,1,4,0
CUST102747,Female,44,0,31,53,1609.91,One year,Fiber,UPI,1,2,0
CUST102748,Female,36,0,66,27,1796.83,Month-to-month,DSL,Bank Transfer,1,2,0
CUST102749,Male,67,1,66,157,10399.41,Month-to-month,Fiber,Cash,0,2,0
CUST102750,Male,59,0,27,67,1768.12,Month-to-month,Fiber,UPI,3,5,1
CUST102751,Female,46,0,43,126,5346.28,Month-to-month,DSL,Credit Card,2,1,0
CUST102752,Female,56,0,40,73,2969.83,Two year,DSL,Bank Transfer,2,3,1
CUST102753,Male,58,0,62,187,11660.98,Two year,DSL,Bank Transfer,0,5,1
CUST102754,Male,50,0,22,138,3062.89,Month-to-month,Fiber,Credit Card,3,5,0
CUST102755,Male,36,0,47,162,7576.73,Month-to-month,Fiber,Cash,0,2,0
CUST102756,Female,54,0,31,100,3092.42,Two year,Fiber,UPI,3,5,0
CUST102757,Female,36,0,56,165,9180.07,Month-to-month,DSL,Credit Card,2,3,0
CUST102758,Female,50,0,32,115,3731.5,Month-to-month,Fiber,Cash,1,3,0
CUST102759,Female,64,1,23,121,2793.94,Month-to-month,None,Bank Transfer,1,4,0
CUST102760,Female,33,0,38,170,6482.45,Month-to-month,Fiber,Bank Transfer,2,5,0
CUST102761,Female,40,0,33,81,2679.48,Month-to-month,DSL,Bank Transfer,1,4,0
CUST102762,Female,24,0,55,65,3575.19,Month-to-month,Fiber,Credit Card,2,3,0
CUST102763,Female,43,0,27,106,2872.45,One year,Fiber,Cash,3,5,0
CUST102764,Female,49,0,36,118,4247.98,One year,Fiber,Credit Card,2,2,0
CUST102765,Female,29,0,6,58,406.37,Month-to-month,DSL,Credit Card,0,2,0
CUST102766,Female,25,0,67,162,10783.87,Month-to-month,DSL,UPI,1,5,0
CUST102767,Male,22,0,36,72,2548.66,Two year,None,UPI,0,4,0
CUST102768,Male,59,0,55,99,5426.86,One year,DSL,UPI,3,4,0
CUST102769,Female,45,0,64,35,2230.74,Month-to-month,DSL,Cash,4,2,0
CUST102770,Female,70,1,64,123,7922.09,Month-to-month,Fiber,Bank Transfer,3,4,0
CUST102771,Female,22,0,46,89,4025.85,Month-to-month,Fiber,UPI,0,2,0
CUST102772,Male,66,1,19,160,3067.12,Month-to-month,None,Bank Transfer,3,1,0
CUST102773,Female,43,0,18,127,2279.05,Two year,DSL,Cash,2,2,0
CUST102774,Female,22,0,28,66,1890.65,Month-to-month,Fiber,UPI,4,1,1
CUST102775,Female,39,0,59,28,1671.71,One year,DSL,UPI,1,5,0
CUST102776,Male,32,0,17,53,894.63,Month-to-month,DSL,Bank Transfer,3,1,0
CUST102777,Female,30,0,34,176,5934.3,Two year,DSL,Credit Card,1,3,0
CUST102778,Male,45,0,42,184,7745.12,Month-to-month,Fiber,Cash,2,4,0
CUST102779,Female,50,0,10,190,1880.2,Month-to-month,Fiber,Cash,2,1,1
CUST102780,Male,60,1,48,105,5034.63,One year,Fiber,UPI,2,3,0
CUST102781,Male,40,0,37,134,4997.13,One year,DSL,Cash,6,3,1
CUST102782,Female,50,0,63,83,5302.78,One year,Fiber,Bank Transfer,1,4,0
CUST102783,Female,60,1,68,171,11546.46,One year,DSL,Credit Card,2,2,0
CUST102784,Male,35,0,7,53,410.34,Month-to-month,DSL,Credit Card,2,3,1
CUST102785,Female,67,1,33,195,6499.92,Month-to-month,Fiber,Cash,1,1,0
CUST102786,Male,70,1,47,31,1448.77,One year,DSL,Credit Card,1,4,1
CUST102787,Male,47,0,55,170,9292.35,One year,Fiber,Bank Transfer,2,1,0
CUST102788,Female,43,0,64,116,7441.97,Month-to-month,Fiber,UPI,1,2,0
CUST102789,Male,33,0,30,140,4190.86,One year,DSL,UPI,5,4,1
CUST102790,Male,30,0,3,160,655.61,Two year,Fiber,Cash,1,3,0
CUST102791,Male,56,0,49,106,5210.71,One year,Fiber,Cash,0,1,0
CUST102792,Female,50,0,68,121,8203.77,Month-to-month,DSL,Cash,4,1,0
CUST102793,Female,43,0,29,115,3261.52,Month-to-month,Fiber,UPI,2,3,0
CUST102794,Male,65,1,58,192,11087.39,Month-to-month,Fiber,Cash,2,3,0
CUST102795,Female,18,0,66,133,8822.28,Month-to-month,Fiber,Credit Card,2,2,0
CUST102796,Female,66,1,44,66,2817.33,Month-to-month,Fiber,UPI,1,2,0
CUST102797,Female,55,0,3,77,146.02,Month-to-month,None,Bank Transfer,1,3,1
CUST102798,Male,19,0,25,152,3849.82,Month-to-month,None,Cash,3,4,0
CUST102799,Female,66,1,26,140,3621.23,Month-to-month,Fiber,UPI,1,3,0
CUST102800,Female,23,0,45,137,6151.7,Month-to-month,Fiber,Cash,0,3,0
CUST102801,Female,63,1,63,24,1540.93,Month-to-month,DSL,UPI,7,5,0
CUST102802,Male,67,1,50,115,5738.03,Month-to-month,Fiber,UPI,2,4,0
CUST102803,Female,55,0,49,40,1880.25,Month-to-month,DSL,UPI,1,4,1
CUST102804,Female,59,0,5,171,822.0,Month-to-month,Fiber,Bank Transfer,2,2,1
CUST102805,Male,41,0,58,147,8549.45,Two year,DSL,UPI,0,2,0
CUST102806,Female,35,0,14,143,2005.34,One year,DSL,Credit Card,2,2,0
CUST102807,Female,44,0,29,165,4859.96,Month-to-month,DSL,Cash,3,1,0
CUST102808,Female,58,0,41,40,1660.59,Two year,DSL,Cash,2,4,1
CUST102809,Male,25,0,36,73,2584.94,Month-to-month,DSL,Cash,1,5,0
CUST102810,Female,45,0,41,157,6507.32,One year,DSL,UPI,1,2,0
CUST102811,Male,27,0,34,171,5887.67,Month-to-month,Fiber,Cash,2,2,0
CUST102812,Female,34,0,5,123,579.79,Two year,Fiber,Credit Card,2,2,0
CUST102813,Male,72,1,67,130,8738.14,Month-to-month,Fiber,Credit Card,5,2,0
CUST102814,Female,46,0,17,135,2328.32,Month-to-month,Fiber,Credit Card,0,2,0
CUST102815,Male,75,1,72,76,5488.99,Month-to-month,Fiber,Bank Transfer,2,1,0
CUST102816,Male,23,0,28,147,4047.13,Two year,Fiber,Credit Card,5,5,0
CUST102817,Female,31,0,58,170,10009.42,Month-to-month,DSL,Credit Card,4,4,0
CUST102818,Male,39,0,46,169,7752.61,Month-to-month,DSL,Cash,4,5,0
CUST102819,Female,71,1,16,181,2914.0,Month-to-month,DSL,UPI,2,3,0
CUST102820,Male,23,0,21,139,2964.95,Two year,None,Cash,1,4,0
CUST102821,Female,43,0,67,89,5942.33,Month-to-month,DSL,Bank Transfer,0,2,0
CUST102822,Male,56,0,68,175,11962.0,One year,Fiber,Bank Transfer,2,3,0
CUST102823,Female,29,0,36,114,4103.96,Month-to-month,DSL,Bank Transfer,3,3,0
CUST102824,Male,52,0,48,118,5632.24,One year,DSL,Credit Card,3,3,0
CUST102825,Male,31,0,12,186,2160.63,Month-to-month,Fiber,Credit Card,0,3,0
CUST102826,Female,39,0,33,61,1994.13,Month-to-month,DSL,Credit Card,4,2,0
CUST102827,Female,68,1,52,170,8858.15,Two year,Fiber,UPI,2,3,0
CUST102828,Male,40,0,50,89,4434.24,One year,None,Cash,4,5,0
CUST102829,Male,65,1,2,21,74.73,Two year,DSL,Credit Card,3,2,0
CUST102830,Male,24,0,41,171,7093.77,One year,Fiber,Bank Transfer,0,3,0
CUST102831,Male,57,0,31,164,5068.82,Month-to-month,DSL,UPI,2,3,0
CUST102832,Female,67,1,50,128,6457.21,One year,None,UPI,1,5,0
CUST102833,Female,42,0,45,84,3788.95,One year,Fiber,Bank Transfer,3,1,0
CUST102834,Male,30,0,20,89,1795.36,Month-to-month,DSL,Credit Card,4,1,0
CUST102835,Female,38,0,43,88,3784.57,Month-to-month,None,UPI,2,5,0
CUST102836,Female,58,0,10,140,1419.71,Month-to-month,DSL,Bank Transfer,2,1,1
CUST102837,Male,27,0,67,128,8535.07,Month-to-month,DSL,Credit Card,3,4,0
CUST102838,Male,70,1,0,79,-36.45,Month-to-month,Fiber,UPI,3,4,0
CUST102839,Male,72,1,62,197,12183.97,Two year,Fiber,UPI,0,4,0
CUST102840,Female,26,0,23,112,2488.52,Two year,Fiber,Cash,6,1,0
CUST102841,Female,32,0,12,31,311.44,One year,Fiber,Cash,2,4,0
CUST102842,Male,69,1,10,122,1215.42,Month-to-month,Fiber,UPI,4,4,1
CUST102843,Male,19,0,50,194,9671.26,Month-to-month,None,UPI,2,1,0
CUST102844,Male,42,0,16,131,2093.71,One year,Fiber,UPI,3,5,0
CUST102845,Female,30,0,23,84,1963.29,Month-to-month,Fiber,Cash,1,2,1
CUST102846,Male,51,0,18,174,3144.42,One year,DSL,Credit Card,5,4,0
CUST102847,Female,68,1,36,67,2406.52,Two year,Fiber,Cash,2,1,1
CUST102848,Female,75,1,7,107,656.65,Month-to-month,Fiber,Bank Transfer,2,2,1
CUST102849,Female,51,0,27,81,2189.48,Month-to-month,None,UPI,1,2,0
CUST102850,Male,52,0,4,63,218.18,Month-to-month,DSL,Bank Transfer,0,3,0
CUST102851,Female,55,0,16,166,2690.63,Month-to-month,Fiber,Bank Transfer,1,2,0
CUST102852,Female,20,0,35,155,5385.14,Month-to-month,None,Bank Transfer,1,4,0
CUST102853,Female,59,0,18,74,1274.76,Two year,Fiber,Cash,1,5,0
CUST102854,Male,73,1,63,127,8072.01,Two year,Fiber,Cash,2,4,0
CUST102855,Male,23,0,10,66,569.84,Two year,None,Credit Card,1,3,0
CUST102856,Female,72,1,53,21,1197.49,Two year,Fiber,Bank Transfer,3,2,0
CUST102857,Female,65,1,44,132,5813.3,Two year,Fiber,Bank Transfer,3,3,1
CUST102858,Female,66,1,46,186,8539.17,Two year,DSL,Cash,3,4,0
CUST102859,Female,36,0,11,192,2090.37,One year,Fiber,Bank Transfer,4,4,0
CUST102860,Female,20,0,20,179,3624.0,Month-to-month,DSL,Cash,3,4,0
CUST102861,Male,35,0,10,185,1860.87,Month-to-month,DSL,UPI,4,5,1
CUST102862,Female,56,0,4,30,128.7,Month-to-month,Fiber,UPI,1,4,0
CUST102863,Male,26,0,55,157,8631.72,Month-to-month,DSL,Bank Transfer,3,4,0
CUST102864,Male,69,1,19,131,2465.96,Two year,None,Credit Card,3,2,0
CUST102865,Female,29,0,40,109,4422.5,Month-to-month,Fiber,Cash,1,5,0
CUST102866,Female,22,0,45,74,3306.26,Month-to-month,Fiber,UPI,2,2,0
CUST102867,Female,20,0,11,167,1772.85,Month-to-month,DSL,UPI,3,3,1
CUST102868,Male,28,0,69,36,2499.29,Month-to-month,DSL,Bank Transfer,1,1,0
CUST102869,Female,74,1,16,87,1320.44,Month-to-month,DSL,Cash,3,2,1
CUST102870,Male,47,0,18,152,2809.7,Month-to-month,DSL,Bank Transfer,3,5,0
CUST102871,Female,21,0,25,170,4270.56,Month-to-month,Fiber,Cash,1,2,0
CUST102872,Female,22,0,47,193,8965.17,Month-to-month,Fiber,Credit Card,6,1,0
CUST102873,Male,18,0,51,71,3640.04,Month-to-month,Fiber,Cash,6,2,0
CUST102874,Female,44,0,69,157,10814.34,Month-to-month,Fiber,UPI,1,1,0
CUST102875,Male,45,0,54,193,10485.72,One year,Fiber,Bank Transfer,5,5,0
CUST102876,Female,46,0,32,175,5592.98,Month-to-month,Fiber,Cash,2,2,0
CUST102877,Male,35,0,61,116,7070.1,Month-to-month,DSL,UPI,1,5,0
CUST102878,Male,29,0,22,190,4159.99,One year,Fiber,Bank Transfer,2,5,1
CUST102879,Female,30,0,14,173,2407.22,Month-to-month,DSL,Bank Transfer,0,3,1
CUST102880,Female,58,0,26,67,1637.84,Month-to-month,Fiber,Credit Card,4,3,0
CUST102881,Female,19,0,63,48,2995.54,Two year,DSL,UPI,1,2,0
CUST102882,Male,54,0,50,46,2249.8,One year,Fiber,Cash,1,2,0
CUST102883,Female,62,1,52,165,8559.02,Month-to-month,DSL,UPI,0,5,0
CUST102884,Female,33,0,50,123,6204.62,Two year,DSL,Bank Transfer,1,3,0
CUST102885,Female,65,1,46,79,3714.94,Two year,Fiber,Credit Card,2,2,0
CUST102886,Male,41,0,3,125,385.46,Month-to-month,DSL,Cash,3,2,0
CUST102887,Male,52,0,6,88,497.87,Two year,DSL,Credit Card,2,2,0
CUST102888,Male,39,0,34,133,4451.23,Two year,DSL,Credit Card,2,3,0
CUST102889,Female,53,0,47,40,1855.44,Month-to-month,DSL,UPI,2,2,0
CUST102890,Male,28,0,72,171,12249.59,One year,Fiber,Bank Transfer,4,5,0
CUST102891,Male,72,1,71,121,8579.79,Month-to-month,Fiber,Bank Transfer,1,2,0
CUST102892,Female,75,1,44,150,6597.05,One year,Fiber,Cash,2,4,0
CUST102893,Female,63,1,71,114,8103.35,One year,DSL,Credit Card,3,1,1
CUST102894,Female,46,0,18,124,2237.04,Month-to-month,DSL,Credit Card,2,5,0
CUST102895,Female,52,0,62,144,8831.68,Two year,Fiber,Credit Card,5,2,0
CUST102896,Male,65,1,37,21,729.0,Two year,DSL,UPI,0,4,0
CUST102897,Male,71,1,66,85,5562.94,Two year,DSL,Bank Transfer,5,3,0
CUST102898,Male,32,0,58,132,7633.66,Month-to-month,Fiber,Credit Card,2,5,0
CUST102899,Male,48,0,68,189,12857.09,Month-to-month,Fiber,Credit Card,2,5,0
CUST102900,Female,59,0,12,181,2133.53,Two year,DSL,Bank Transfer,1,2,1
CUST102901,Male,58,0,46,61,2964.04,Month-to-month,DSL,Cash,3,3,0
CUST102902,Female,60,1,60,39,2401.41,Month-to-month,Fiber,UPI,1,2,0
CUST102903,Female,33,0,30,116,3428.16,Two year,DSL,UPI,3,4,0
CUST102904,Male,27,0,21,87,1893.4,Month-to-month,None,UPI,3,1,1
CUST102905,Female,66,1,42,192,8147.24,Month-to-month,None,Bank Transfer,2,3,1
CUST102906,Female,49,0,66,94,6141.47,Month-to-month,Fiber,UPI,3,1,0
CUST102907,Female,68,1,53,144,7572.76,Month-to-month,DSL,Credit Card,1,4,0
CUST102908,Female,19,0,9,189,1707.24,Month-to-month,DSL,UPI,1,5,1
CUST102909,Female,41,0,41,66,2759.01,Month-to-month,None,Bank Transfer,3,4,0
CUST102910,Male,40,0,63,24,1528.34,Month-to-month,DSL,UPI,2,1,0
CUST102911,Female,19,0,20,68,1273.87,Two year,DSL,Cash,3,3,0
CUST102912,Male,55,0,65,143,9255.31,Month-to-month,DSL,Cash,3,2,0
CUST102913,Female,48,0,40,56,2210.58,One year,DSL,Bank Transfer,1,1,0
CUST102914,Female,68,1,23,181,4205.02,Month-to-month,Fiber,Bank Transfer,0,3,0
CUST102915,Male,57,0,34,165,5538.99,One year,None,Cash,3,1,0
CUST102916,Male,43,0,55,38,2026.99,Two year,Fiber,UPI,1,5,0
CUST102917,Female,46,0,29,59,1713.97,One year,Fiber,Credit Card,1,5,0
CUST102918,Male,20,0,56,36,2015.81,One year,DSL,Bank Transfer,1,2,1
CUST102919,Male,75,1,46,118,5473.12,Month-to-month,Fiber,Cash,1,5,1
CUST102920,Male,31,0,34,112,3776.87,Month-to-month,DSL,UPI,3,4,0
CUST102921,Female,42,0,18,61,1152.0,Two year,DSL,Bank Transfer,1,2,0
CUST102922,Male,65,1,7,142,1039.65,Two year,DSL,UPI,3,1,0
CUST102923,Male,18,0,25,126,3144.84,Month-to-month,Fiber,Credit Card,6,4,0
CUST102924,Male,70,1,70,91,6343.06,Two year,DSL,Bank Transfer,0,3,0
CUST102925,Female,20,0,29,84,2520.34,Month-to-month,None,Credit Card,3,1,0
CUST102926,Male,71,1,6,128,791.37,One year,None,Credit Card,2,5,0
CUST102927,Male,43,0,66,72,4737.59,Month-to-month,DSL,Credit Card,1,1,0
CUST102928,Female,35,0,64,154,9807.49,One year,Fiber,Cash,3,5,0
CUST102929,Male,26,0,35,152,5385.12,Month-to-month,Fiber,Credit Card,1,4,0
CUST102930,Female,55,0,24,43,999.71,Two year,None,Credit Card,0,4,0
CUST102931,Female,40,0,36,47,1665.1,One year,Fiber,UPI,1,4,0
CUST102932,Female,38,0,0,81,-37.8,Month-to-month,DSL,Cash,6,2,0
CUST102933,Male,74,1,14,36,485.17,One year,DSL,Cash,1,5,1
CUST102934,Male,18,0,36,39,1424.01,One year,DSL,Cash,4,1,0
CUST102935,Female,38,0,12,22,238.35,Month-to-month,Fiber,Cash,4,1,0
CUST102936,Male,44,0,7,184,1283.09,Month-to-month,DSL,Credit Card,1,1,1
CUST102937,Male,59,0,4,162,612.73,Month-to-month,Fiber,UPI,2,2,1
CUST102938,Female,23,0,59,70,4154.41,Month-to-month,DSL,Credit Card,3,2,0
CUST102939,Male,72,1,72,195,14034.96,One year,Fiber,Credit Card,1,5,0
CUST102940,Male,61,1,0,155,-61.57,Month-to-month,DSL,Cash,3,2,1
CUST102941,Male,53,0,35,160,5593.74,Month-to-month,DSL,Cash,3,4,1
CUST102942,Male,45,0,34,195,6641.65,Month-to-month,Fiber,Bank Transfer,3,1,0
CUST102943,Female,62,1,65,22,1409.36,Two year,DSL,UPI,1,4,0
CUST102944,Male,34,0,62,92,5600.08,One year,Fiber,Cash,3,2,1
CUST102945,Female,57,0,22,178,3978.6,One year,Fiber,Cash,4,1,0
CUST102946,Female,75,1,8,124,941.68,Month-to-month,Fiber,Credit Card,3,3,1
CUST102947,Female,69,1,33,137,4551.81,Month-to-month,None,Credit Card,0,4,0
CUST102948,Male,20,0,45,173,7766.02,Month-to-month,Fiber,Credit Card,5,3,0
CUST102949,Female,29,0,3,53,154.21,One year,Fiber,Cash,2,5,1
CUST102950,Male,56,0,29,156,4514.08,Month-to-month,Fiber,UPI,2,4,0
CUST102951,Female,29,0,71,81,5801.15,Month-to-month,DSL,Cash,1,1,0
CUST102952,Male,19,0,2,139,289.66,Two year,Fiber,Cash,0,1,0
CUST102953,Female,73,1,13,134,1749.24,Month-to-month,None,UPI,3,3,0
CUST102954,Female,63,1,59,32,1827.1,Two year,DSL,Cash,2,1,1
CUST102955,Female,39,0,44,88,3946.89,Two year,Fiber,Cash,2,4,0
CUST102956,Female,40,0,33,188,6128.0,Month-to-month,Fiber,UPI,4,2,1
CUST102957,Female,47,0,44,96,4289.04,Two year,None,Cash,4,2,0
CUST102958,Female,22,0,60,20,1108.69,Month-to-month,DSL,Bank Transfer,1,1,1
CUST102959,Female,26,0,15,108,1710.61,Two year,DSL,Bank Transfer,1,5,0
CUST102960,Female,38,0,65,66,4310.62,Month-to-month,DSL,Credit Card,1,4,0
CUST102961,Female,28,0,39,23,871.22,One year,Fiber,Cash,0,5,0
CUST102962,Male,22,0,16,199,3114.84,One year,DSL,UPI,2,3,0
CUST102963,Male,52,0,33,29,956.2,Month-to-month,DSL,UPI,2,1,0
CUST102964,Male,44,0,15,47,727.94,One year,DSL,Bank Transfer,2,3,0
CUST102965,Female,66,1,59,140,8262.87,Two year,DSL,Credit Card,0,5,0
CUST102966,Male,19,0,65,145,9404.64,Two year,Fiber,Cash,5,4,1
CUST102967,Female,41,0,65,153,9908.64,One year,Fiber,UPI,0,5,1
CUST102968,Male,48,0,12,174,2147.07,One year,None,UPI,3,2,0
CUST102969,Male,50,0,55,159,8729.02,Month-to-month,DSL,Cash,0,5,0
CUST102970,Female,56,0,30,81,2448.51,Two year,Fiber,Credit Card,1,5,0
CUST102971,Male,47,0,33,199,6594.32,One year,Fiber,Bank Transfer,0,5,1
CUST102972,Female,63,1,38,195,7347.92,Two year,DSL,Cash,2,5,1
CUST102973,Male,54,0,66,86,5670.93,One year,Fiber,Cash,0,4,0
CUST102974,Male,68,1,7,193,1416.66,Month-to-month,DSL,Cash,1,1,1
CUST102975,Male,45,0,54,93,5036.53,Month-to-month,Fiber,Bank Transfer,0,4,0
CUST102976,Female,48,0,26,114,2986.29,Month-to-month,Fiber,UPI,1,3,0
CUST102977,Male,28,0,52,162,8402.8,One year,Fiber,Cash,1,2,0
CUST102978,Female,40,0,38,55,2144.39,Month-to-month,DSL,Cash,3,1,0
CUST102979,Male,74,1,64,161,10401.6,One year,Fiber,Cash,4,2,0
CUST102980,Male,19,0,16,131,2057.21,Month-to-month,Fiber,Cash,4,2,0
CUST102981,Female,57,0,29,150,4389.28,Month-to-month,Fiber,Credit Card,1,1,1
CUST102982,Female,58,0,52,132,6795.18,Month-to-month,Fiber,Credit Card,3,1,0
CUST102983,Male,44,0,12,129,1578.42,Month-to-month,Fiber,Credit Card,3,3,1
CUST102984,Male,52,0,20,133,2682.02,Month-to-month,DSL,UPI,1,4,0
CUST102985,Female,19,0,18,86,1490.79,One year,DSL,Cash,0,1,0
CUST102986,Female,56,0,52,145,7586.28,Month-to-month,Fiber,Cash,0,3,0
CUST102987,Male,54,0,18,105,1840.2,Month-to-month,Fiber,Cash,1,5,0
CUST102988,Female,38,0,56,38,2224.64,Two year,DSL,Cash,0,1,0
CUST102989,Male,75,1,24,88,2119.18,Month-to-month,DSL,Bank Transfer,2,4,1
CUST102990,Female,22,0,30,29,862.29,Two year,DSL,Bank Transfer,2,5,0
CUST102991,Female,69,1,54,180,9686.63,Two year,Fiber,Bank Transfer,2,5,0
CUST102992,Male,62,1,22,160,3550.39,Month-to-month,Fiber,Cash,3,5,1
CUST102993,Male,38,0,31,147,4574.06,Month-to-month,Fiber,Bank Transfer,2,5,0
CUST102994,Male,46,0,61,118,7205.12,Month-to-month,DSL,Bank Transfer,1,2,0
CUST102995,Male,37,0,9,198,1744.48,Month-to-month,Fiber,UPI,4,4,1
CUST102996,Female,55,0,71,51,3607.61,Month-to-month,Fiber,UPI,3,3,0
CUST102997,Female,37,0,53,131,6906.11,Month-to-month,DSL,Bank Transfer,0,1,0
CUST102998,Female,67,1,51,43,2107.26,Month-to-month,DSL,Bank Transfer,3,3,0
CUST102999,Female,42,0,19,54,1019.01,Two year,Fiber,UPI,2,2,0
CUST103000,Female,19,0,31,102,3106.32,Month-to-month,Fiber,Bank Transfer,1,5,1
CUST103001,Male,74,1,13,89,1257.93,One year,DSL,Cash,1,1,0
CUST103002,Male,49,0,49,187,9256.85,One year,None,Bank Transfer,2,4,0
CUST103003,Female,43,0,27,128,3473.65,Month-to-month,DSL,Cash,2,1,0
CUST103004,Female,23,0,52,191,9840.49,Month-to-month,DSL,Bank Transfer,5,1,0
CUST103005,Male,58,0,23,118,2736.89,Month-to-month,Fiber,Credit Card,2,3,0
CUST103006,Female,74,1,21,52,1081.09,One year,Fiber,Bank Transfer,3,5,0
CUST103007,Male,20,0,29,75,2230.73,Month-to-month,DSL,Credit Card,1,4,0
CUST103008,Female,50,0,62,183,11396.95,One year,Fiber,Bank Transfer,4,1,1
CUST103009,Female,18,0,3,166,460.16,One year,DSL,Bank Transfer,3,2,0
CUST103010,Female,68,1,58,190,11001.74,Two year,Fiber,Cash,3,2,1
CUST103011,Male,22,0,7,31,195.08,Month-to-month,DSL,UPI,1,5,1
CUST103012,Male,30,0,11,30,309.14,One year,Fiber,UPI,3,1,0
CUST103013,Female,36,0,30,89,2590.8,Month-to-month,Fiber,Cash,3,5,0
CUST103014,Female,29,0,33,159,5266.12,Month-to-month,Fiber,UPI,2,1,0
CUST103015,Male,65,1,48,60,2884.07,Month-to-month,Fiber,Credit Card,0,4,0
CUST103016,Male,42,0,56,172,9615.67,One year,Fiber,Credit Card,1,2,0
CUST103017,Female,74,1,25,125,3138.73,Two year,Fiber,Bank Transfer,1,3,0
CUST103018,Male,68,1,17,22,390.32,Month-to-month,None,Credit Card,1,5,0
CUST103019,Female,52,0,37,22,872.29,Month-to-month,Fiber,UPI,0,4,0
CUST103020,Female,29,0,49,103,5091.79,Month-to-month,Fiber,Credit Card,0,2,0
CUST103021,Female,47,0,7,175,1276.59,One year,Fiber,Bank Transfer,1,4,0
CUST103022,Male,22,0,40,170,6755.11,Month-to-month,Fiber,Credit Card,0,3,0
CUST103023,Male,51,0,5,195,918.95,Month-to-month,DSL,UPI,1,1,0
CUST103024,Female,39,0,68,189,12899.57,One year,Fiber,Cash,3,1,1
CUST103025,Female,56,0,43,126,5503.41,One year,DSL,Bank Transfer,5,4,0
CUST103026,Female,30,0,63,187,11823.42,Month-to-month,DSL,Cash,4,4,0
CUST103027,Female,74,1,28,153,4300.49,One year,Fiber,Credit Card,2,5,0
CUST103028,Male,64,1,27,39,1053.34,Month-to-month,DSL,Bank Transfer,2,4,0
CUST103029,Female,71,1,10,158,1723.03,Month-to-month,None,Bank Transfer,2,1,1
CUST103030,Male,20,0,64,115,7401.65,Month-to-month,Fiber,Credit Card,4,4,0
CUST103031,Female,70,1,18,143,2564.01,Two year,Fiber,Bank Transfer,3,2,0
CUST103032,Female,37,0,8,174,1491.19,Two year,DSL,Credit Card,2,2,0
CUST103033,Male,48,0,26,40,1126.11,Month-to-month,Fiber,Cash,3,1,0
CUST103034,Male,22,0,33,133,4317.35,One year,Fiber,Cash,2,4,1
CUST103035,Male,41,0,43,32,1314.62,One year,DSL,UPI,2,4,1
CUST103036,Male,57,0,67,105,7024.69,Two year,None,UPI,3,4,0
CUST103037,Male,71,1,14,54,819.79,Two year,DSL,Credit Card,2,2,0
CUST103038,Male,50,0,50,66,3271.01,One year,Fiber,Credit Card,2,1,0
CUST103039,Female,25,0,12,175,2049.01,Month-to-month,Fiber,Cash,1,5,0
CUST103040,Male,41,0,48,168,8104.7,Month-to-month,None,Bank Transfer,1,2,1
CUST103041,Female,67,1,69,165,11288.52,One year,Fiber,Credit Card,2,1,0
CUST103042,Male,37,0,55,178,9772.44,Two year,Fiber,Bank Transfer,0,1,1
CUST103043,Male,33,0,50,144,7146.31,Month-to-month,None,UPI,0,5,1
CUST103044,Male,67,1,36,129,4643.59,One year,Fiber,Cash,1,3,0
CUST103045,Female,69,1,16,56,848.62,One year,Fiber,Credit Card,2,5,0
CUST103046,Female,29,0,57,40,2272.41,Month-to-month,Fiber,UPI,0,5,0
CUST103047,Male,30,0,28,33,945.08,One year,Fiber,Credit Card,3,1,0
CUST103048,Male,62,1,32,110,3526.49,Month-to-month,DSL,UPI,1,3,0
CUST103049,Female,59,0,59,79,4634.14,One year,DSL,Cash,2,3,0
CUST103050,Male,56,0,54,143,7704.91,One year,Fiber,Credit Card,1,4,0
CUST103051,Female,42,0,9,42,490.73,Two year,DSL,Credit Card,1,5,0
CUST103052,Male,63,1,46,130,6024.14,Two year,Fiber,Bank Transfer,1,5,1
CUST103053,Female,49,0,22,143,3134.41,Month-to-month,Fiber,Bank Transfer,0,3,0
CUST103054,Female,41,0,20,176,3528.92,Month-to-month,Fiber,Credit Card,2,3,0
CUST103055,Male,65,1,12,194,2350.58,One year,DSL,Cash,2,3,0
CUST103056,Male,64,1,32,49,1529.9,One year,Fiber,Bank Transfer,2,1,1
CUST103057,Female,61,1,23,134,3082.11,Two year,None,Credit Card,4,1,1
CUST103058,Male,26,0,10,109,1036.33,Month-to-month,Fiber,Credit Card,1,1,1
CUST103059,Male,57,0,16,57,862.31,Two year,DSL,UPI,4,5,0
CUST103060,Male,67,1,67,102,6877.77,Month-to-month,Fiber,Cash,1,3,0
CUST103061,Male,40,0,46,46,2166.28,Month-to-month,Fiber,Bank Transfer,4,1,1
CUST103062,Female,67,1,24,123,3009.67,Month-to-month,Fiber,Bank Transfer,1,4,0
CUST103063,Female,30,0,72,135,9716.42,Two year,Fiber,UPI,1,3,0
CUST103064,Female,49,0,20,34,655.33,Month-to-month,DSL,Credit Card,2,3,0
CUST103065,Female,67,1,11,22,242.53,Two year,DSL,Bank Transfer,3,3,0
CUST103066,Female,32,0,36,29,954.47,One year,DSL,Credit Card,0,1,0
CUST103067,Male,53,0,41,139,5768.39,Month-to-month,DSL,Bank Transfer,1,2,0
CUST103068,Female,66,1,16,164,2488.55,One year,Fiber,Bank Transfer,2,4,0
CUST103069,Female,22,0,47,147,6957.65,Month-to-month,Fiber,Credit Card,1,4,0
CUST103070,Male,39,0,27,30,760.53,One year,Fiber,Credit Card,2,2,0
CUST103071,Female,33,0,40,195,7799.6,Month-to-month,DSL,Bank Transfer,1,4,0
CUST103072,Male,58,0,46,152,6949.44,One year,Fiber,UPI,3,1,0
CUST103073,Female,27,0,17,88,1454.21,Month-to-month,Fiber,UPI,2,3,0
CUST103074,Male,41,0,70,83,5687.98,Month-to-month,None,UPI,1,2,0
CUST103075,Female,35,0,12,33,332.51,Month-to-month,DSL,UPI,4,3,0
CUST103076,Female,66,1,12,69,873.52,Month-to-month,DSL,UPI,0,4,0
CUST103077,Female,35,0,30,173,5128.76,Two year,Fiber,Credit Card,1,5,0
CUST103078,Male,24,0,1,91,27.64,Month-to-month,Fiber,Bank Transfer,3,4,0
CUST103079,Male,21,0,15,88,1314.6,One year,None,UPI,2,4,0
CUST103080,Female,43,0,8,154,1115.58,Month-to-month,Fiber,Cash,3,2,1
CUST103081,Female,22,0,72,146,10494.46,Month-to-month,Fiber,Bank Transfer,2,3,0
CUST103082,Male,72,1,37,35,1307.92,One year,Fiber,Cash,0,2,0
CUST103083,Male,33,0,53,97,5159.55,One year,DSL,Credit Card,1,1,0
CUST103084,Female,52,0,55,120,6548.13,Month-to-month,Fiber,Bank Transfer,2,3,0
CUST103085,Male,43,0,44,75,3360.4,Month-to-month,DSL,Credit Card,1,1,1
CUST103086,Male,35,0,33,124,4143.06,One year,DSL,Cash,5,1,0
CUST103087,Male,46,0,8,151,1121.62,Month-to-month,None,Bank Transfer,0,2,0
CUST103088,Male,40,0,7,67,504.72,Month-to-month,DSL,Bank Transfer,0,4,0
CUST103089,Male,70,1,6,36,223.58,Month-to-month,DSL,Credit Card,4,5,0
CUST103090,Male,31,0,35,130,4575.5,Month-to-month,DSL,Bank Transfer,1,4,0
CUST103091,Male,32,0,17,183,3080.19,Two year,Fiber,Cash,0,4,1
CUST103092,Male,66,1,2,89,113.35,One year,DSL,Credit Card,4,3,0
CUST103093,Female,50,0,27,99,2665.56,Month-to-month,DSL,Cash,1,2,0
CUST103094,Male,42,0,69,112,7746.91,Two year,Fiber,Bank Transfer,3,3,0
CUST103095,Male,38,0,43,57,2470.83,Two year,None,Cash,2,5,0
CUST103096,Male,34,0,20,120,2417.13,Month-to-month,DSL,Bank Transfer,1,2,0
CUST103097,Male,40,0,27,81,2133.23,Two year,Fiber,Cash,3,4,0
CUST103098,Female,74,1,53,140,7488.53,Month-to-month,Fiber,Cash,0,1,0
CUST103099,Female,60,1,53,67,3610.64,Two year,DSL,UPI,2,4,0
CUST103100,Female,34,0,64,29,1868.33,Month-to-month,DSL,Bank Transfer,1,4,0
CUST103101,Male,75,1,20,55,1052.35,One year,Fiber,UPI,4,2,0
CUST103102,Female,31,0,12,176,2125.13,Month-to-month,Fiber,UPI,1,4,0
CUST103103,Female,46,0,56,23,1266.61,Two year,DSL,Credit Card,2,5,0
CUST103104,Female,37,0,48,63,3006.39,Month-to-month,DSL,Credit Card,1,4,0
CUST103105,Male,47,0,53,75,4008.53,Month-to-month,DSL,Cash,1,1,0
CUST103106,Male,36,0,9,61,528.04,One year,Fiber,Bank Transfer,2,2,0
CUST103107,Female,70,1,52,133,6986.71,One year,Fiber,Credit Card,1,5,0
CUST103108,Female,56,0,43,160,6911.53,One year,Fiber,UPI,1,2,0
CUST103109,Male,73,1,46,193,8928.39,One year,Fiber,Bank Transfer,4,1,0
CUST103110,Male,30,0,52,180,9315.18,One year,None,Cash,2,3,0
CUST103111,Female,35,0,45,40,1769.14,Month-to-month,None,Cash,1,5,0
CUST103112,Male,40,0,12,98,1113.82,Month-to-month,Fiber,Credit Card,4,1,0
CUST103113,Female,63,1,36,88,3234.01,Month-to-month,Fiber,Credit Card,2,3,0
CUST103114,Male,50,0,23,89,2190.97,Two year,DSL,Credit Card,2,1,1
CUST103115,Female,56,0,1,86,112.02,Month-to-month,DSL,Cash,0,3,0
CUST103116,Female,57,0,13,67,883.95,Month-to-month,Fiber,UPI,2,3,0
CUST103117,Female,35,0,9,180,1596.15,One year,None,Credit Card,1,2,0
CUST103118,Female,26,0,34,55,1950.84,Month-to-month,DSL,Cash,2,4,0
CUST103119,Female,50,0,24,180,4317.76,Month-to-month,Fiber,Bank Transfer,4,4,0
CUST103120,Female,49,0,2,178,323.61,One year,None,Cash,2,1,0
CUST103121,Male,71,1,16,168,2614.18,Month-to-month,Fiber,Bank Transfer,0,3,0
CUST103122,Male,34,0,11,46,453.76,One year,Fiber,Bank Transfer,0,4,0
CUST103123,Female,36,0,53,91,4826.51,Month-to-month,DSL,UPI,3,1,0
CUST103124,Male,44,0,23,120,2668.35,Month-to-month,DSL,Credit Card,0,1,0
CUST103125,Male,23,0,28,115,3158.68,Two year,DSL,Bank Transfer,2,5,0
CUST103126,Male,52,0,42,147,6257.16,Month-to-month,Fiber,Credit Card,2,2,0
CUST103127,Female,73,1,24,45,1121.47,Month-to-month,DSL,Cash,3,2,0
CUST103128,Female,54,0,59,85,4998.74,Two year,DSL,Credit Card,1,3,0
CUST103129,Male,51,0,64,159,10223.15,Month-to-month,Fiber,Cash,2,4,1
CUST103130,Male,37,0,27,41,1068.75,Month-to-month,Fiber,Bank Transfer,5,3,1
CUST103131,Female,42,0,15,36,578.97,Month-to-month,Fiber,UPI,2,4,0
CUST103132,Female,21,0,46,26,1177.85,One year,None,Bank Transfer,1,4,0
CUST103133,Male,27,0,57,126,7280.47,Month-to-month,DSL,Cash,0,4,0
CUST103134,Male,27,0,26,87,2205.12,One year,Fiber,Bank Transfer,2,4,0
CUST103135,Male,41,0,52,147,7720.52,Month-to-month,Fiber,UPI,0,4,0
CUST103136,Male,38,0,41,56,2289.6,Month-to-month,DSL,Credit Card,3,5,0
CUST103137,Male,28,0,58,57,3212.09,One year,Fiber,Cash,0,5,0
CUST103138,Male,44,0,46,115,5305.46,Month-to-month,Fiber,Credit Card,4,4,0
CUST103139,Male,33,0,33,158,5248.95,Month-to-month,Fiber,UPI,2,1,0
CUST103140,Male,43,0,36,20,794.96,One year,DSL,Bank Transfer,0,1,0
CUST103141,Male,47,0,5,172,898.07,Two year,Fiber,UPI,3,2,0
CUST103142,Female,66,1,6,61,319.49,Month-to-month,None,Cash,1,4,0
CUST103143,Female,33,0,24,199,4827.91,Month-to-month,DSL,Cash,5,1,0
CUST103144,Female,24,0,32,171,5474.7,Month-to-month,Fiber,Bank Transfer,1,2,0
CUST103145,Male,33,0,54,200,10720.94,Two year,Fiber,Cash,1,1,0
CUST103146,Male,52,0,57,82,4669.78,Two year,DSL,UPI,2,2,0
CUST103147,Female,75,1,6,100,541.16,Two year,Fiber,Cash,1,3,0
CUST103148,Male,33,0,56,27,1505.01,Month-to-month,DSL,Credit Card,2,1,0
CUST103149,Male,57,0,11,192,2148.42,Month-to-month,None,UPI,2,4,1
CUST103150,Female,29,0,15,46,633.67,Month-to-month,Fiber,UPI,2,4,0
CUST103151,Female,52,0,42,71,2996.71,Month-to-month,None,Cash,2,5,0
CUST103152,Female,66,1,6,165,1044.17,One year,DSL,Bank Transfer,2,3,0
CUST103153,Male,38,0,50,110,5468.75,Month-to-month,DSL,Bank Transfer,9,3,0
CUST103154,Female,67,1,72,105,7545.79,One year,Fiber,Bank Transfer,2,1,0
CUST103155,Female,60,1,31,35,1138.42,Two year,Fiber,Cash,1,2,0
CUST103156,Male,53,0,7,85,650.7,Month-to-month,Fiber,Cash,3,5,0
CUST103157,Female,65,1,71,24,1646.07,One year,Fiber,Cash,0,3,0
CUST103158,Male,34,0,44,101,4391.97,Month-to-month,Fiber,UPI,3,3,0
CUST103159,Male,49,0,58,150,8739.52,Month-to-month,DSL,UPI,2,4,1
CUST103160,Male,58,0,3,137,399.45,Month-to-month,Fiber,Cash,1,4,1
CUST103161,Male,23,0,66,100,6592.24,Month-to-month,Fiber,Bank Transfer,2,2,0
CUST103162,Male,41,0,28,89,2404.13,Month-to-month,DSL,Credit Card,3,1,1
CUST103163,Female,44,0,28,134,3728.93,One year,DSL,Bank Transfer,1,2,0
CUST103164,Female,37,0,27,26,693.83,One year,Fiber,UPI,1,1,0
CUST103165,Male,42,0,43,69,3003.15,Month-to-month,Fiber,UPI,3,5,1
CUST103166,Male,19,0,3,161,464.37,Two year,Fiber,Bank Transfer,1,3,0
CUST103167,Female,26,0,8,185,1516.3,Two year,DSL,Bank Transfer,1,2,1
CUST103168,Female,45,0,4,130,511.38,One year,Fiber,UPI,2,1,0
CUST103169,Male,70,1,55,66,3692.79,Month-to-month,Fiber,UPI,4,5,0
CUST103170,Female,55,0,49,131,6418.28,Month-to-month,Fiber,Cash,5,2,1
CUST103171,Male,20,0,14,180,2494.22,One year,Fiber,Credit Card,0,3,0
CUST103172,Male,37,0,31,62,1885.45,Two year,Fiber,Cash,2,5,0
CUST103173,Female,23,0,27,110,2918.13,Month-to-month,Fiber,Cash,1,4,0
CUST103174,Male,56,0,21,48,1023.68,One year,Fiber,Bank Transfer,5,3,0
CUST103175,Male,50,0,16,147,2450.0,Month-to-month,Fiber,Bank Transfer,3,4,1
CUST103176,Female,72,1,58,152,8855.28,One year,DSL,Credit Card,4,5,0
CUST103177,Female,18,0,70,115,8070.63,Month-to-month,DSL,Cash,3,5,0
CUST103178,Female,54,0,56,136,7554.39,One year,DSL,Cash,8,4,0
CUST103179,Male,23,0,25,89,2165.96,One year,DSL,UPI,2,1,1
CUST103180,Female,62,1,24,149,3623.52,Month-to-month,Fiber,UPI,3,5,0
CUST103181,Male,51,0,9,89,824.05,Month-to-month,Fiber,Credit Card,2,2,0
CUST103182,Male,64,1,44,129,5644.23,Two year,Fiber,Bank Transfer,6,2,0
CUST103183,Male,32,0,10,190,1814.23,Month-to-month,Fiber,UPI,2,5,1
CUST103184,Male,62,1,52,151,7842.07,One year,Fiber,Credit Card,2,4,0
CUST103185,Female,43,0,71,75,5280.06,One year,DSL,Cash,1,4,1
CUST103186,Male,74,1,67,108,7209.58,Two year,DSL,Credit Card,3,3,0
CUST103187,Female,31,0,27,156,4147.81,Month-to-month,Fiber,Credit Card,2,4,0
CUST103188,Female,75,1,64,150,9640.32,Two year,DSL,UPI,2,1,1
CUST103189,Female,71,1,48,195,9329.48,Month-to-month,DSL,UPI,3,1,0
CUST103190,Female,24,0,46,190,8765.56,Month-to-month,DSL,Cash,3,2,0
CUST103191,Female,63,1,51,119,6088.33,One year,DSL,Cash,3,5,1
CUST103192,Female,75,1,53,148,7814.91,Two year,DSL,Cash,1,2,0
CUST103193,Female,48,0,59,76,4474.74,Month-to-month,Fiber,Credit Card,3,5,0
CUST103194,Female,41,0,56,200,11287.99,Month-to-month,DSL,Credit Card,6,2,0
CUST103195,Female,48,0,46,163,7446.54,Month-to-month,DSL,UPI,3,5,1
CUST103196,Male,46,0,30,70,2058.0,Month-to-month,Fiber,Cash,1,5,0
CUST103197,Female,59,0,45,131,5790.0,Two year,DSL,UPI,1,2,0
CUST103198,Male,49,0,25,123,3067.65,One year,Fiber,Cash,2,3,0
CUST103199,Male,34,0,4,146,479.16,Two year,DSL,Cash,1,1,0
CUST103200,Male,31,0,51,74,3749.61,Month-to-month,None,UPI,1,4,0
CUST103201,Female,57,0,53,20,969.58,Month-to-month,Fiber,UPI,0,1,0
CUST103202,Female,53,0,32,109,3524.31,One year,DSL,UPI,1,4,0
CUST103203,Male,75,1,49,175,8566.59,Month-to-month,DSL,Cash,3,5,1
CUST103204,Female,65,1,37,72,2497.4,One year,DSL,Credit Card,2,2,0
CUST103205,Male,41,0,26,92,2343.61,Month-to-month,Fiber,UPI,3,2,0
CUST103206,Female,62,1,14,127,1754.16,Month-to-month,Fiber,UPI,3,4,0
CUST103207,Female,71,1,60,169,10166.34,Two year,DSL,Credit Card,2,2,0
CUST103208,Male,44,0,20,27,583.44,One year,None,Credit Card,1,2,0
CUST103209,Female,42,0,45,196,8839.73,Month-to-month,DSL,Bank Transfer,1,2,0
CUST103210,Female,49,0,68,61,4163.14,Two year,Fiber,UPI,2,1,1
CUST103211,Male,69,1,5,174,890.7,One year,Fiber,Bank Transfer,0,2,0
CUST103212,Male,35,0,37,186,6914.41,One year,Fiber,Bank Transfer,2,3,0
CUST103213,Female,63,1,61,44,2684.57,Month-to-month,Fiber,Credit Card,3,4,0
CUST103214,Female,35,0,61,57,3466.18,Month-to-month,Fiber,Cash,3,1,0
CUST103215,Male,54,0,45,104,4689.22,Two year,None,Cash,5,1,0
CUST103216,Male,43,0,12,171,2110.26,Month-to-month,None,Credit Card,2,5,0
CUST103217,Male,26,0,2,43,-31.57,Month-to-month,DSL,Bank Transfer,2,5,0
CUST103218,Male,52,0,5,79,280.29,Month-to-month,DSL,Bank Transfer,1,2,0
CUST103219,Female,25,0,7,197,1407.01,Month-to-month,DSL,Bank Transfer,1,1,1
CUST103220,Male,37,0,43,130,5545.11,One year,Fiber,Bank Transfer,0,1,0
CUST103221,Male,71,1,32,85,2723.49,Month-to-month,DSL,UPI,3,2,0
CUST103222,Male,59,0,49,161,7887.43,Month-to-month,DSL,Bank Transfer,5,4,0
CUST103223,Female,39,0,10,72,828.14,Two year,DSL,Credit Card,0,1,1
CUST103224,Male,36,0,27,179,4866.77,Month-to-month,Fiber,Bank Transfer,4,5,1
CUST103225,Female,47,0,69,125,8675.23,Month-to-month,Fiber,Bank Transfer,3,2,0
CUST103226,Male,70,1,40,115,4584.47,Month-to-month,DSL,Credit Card,1,1,0
CUST103227,Female,45,0,15,195,2884.73,Month-to-month,Fiber,Bank Transfer,0,5,0
CUST103228,Male,52,0,67,58,3843.68,Month-to-month,DSL,Cash,5,3,0
CUST103229,Female,60,1,47,187,8850.3,One year,DSL,Credit Card,4,1,0
CUST103230,Female,28,0,55,61,3381.22,One year,None,UPI,2,2,1
CUST103231,Male,48,0,63,130,8193.8,Two year,Fiber,UPI,3,5,0
CUST103232,Male,66,1,58,123,7219.58,One year,DSL,Credit Card,2,1,0
CUST103233,Female,65,1,61,96,5849.04,Two year,None,UPI,3,5,0
CUST103234,Male,56,0,10,27,231.47,Two year,DSL,UPI,2,2,0
CUST103235,Male,53,0,17,45,747.89,One year,Fiber,UPI,2,1,1
CUST103236,Female,47,0,18,159,2915.75,Two year,Fiber,Credit Card,3,2,0
CUST103237,Male,40,0,54,62,3279.44,One year,Fiber,Bank Transfer,2,4,0
CUST103238,Male,36,0,25,198,4947.62,Month-to-month,Fiber,UPI,1,1,0
CUST103239,Male,29,0,5,129,725.48,Month-to-month,DSL,Cash,2,1,1
CUST103240,Male,32,0,3,119,377.31,Month-to-month,Fiber,Bank Transfer,1,5,0
CUST103241,Female,48,0,28,82,2286.15,Two year,DSL,Bank Transfer,1,1,0
CUST103242,Female,60,1,58,68,4040.3,One year,Fiber,UPI,1,4,0
CUST103243,Female,54,0,16,134,2161.45,One year,Fiber,UPI,2,5,0
CUST103244,Female,54,0,42,174,7227.44,Month-to-month,Fiber,Bank Transfer,2,5,0
CUST103245,Male,32,0,65,156,10131.39,Month-to-month,Fiber,UPI,1,3,0
CUST103246,Female,46,0,33,186,6198.78,Month-to-month,DSL,Credit Card,2,1,1
CUST103247,Male,67,1,7,84,596.39,Two year,DSL,Credit Card,3,3,0
CUST103248,Male,60,1,12,90,1157.63,Two year,DSL,UPI,3,4,0
CUST103249,Female,43,0,7,26,128.31,One year,None,Bank Transfer,0,1,0
CUST103250,Male,61,1,64,99,6331.69,Month-to-month,Fiber,UPI,2,3,0
CUST103251,Female,19,0,42,86,3629.81,Month-to-month,None,Cash,0,3,0
CUST103252,Male,37,0,38,157,5903.76,Month-to-month,DSL,Credit Card,2,5,1
CUST103253,Male,32,0,58,200,11599.7,Month-to-month,Fiber,Bank Transfer,1,3,0
CUST103254,Female,69,1,43,120,5181.24,Two year,Fiber,Cash,1,3,0
CUST103255,Male,21,0,8,114,848.78,Month-to-month,Fiber,UPI,2,1,1
CUST103256,Male,39,0,36,106,3741.93,Month-to-month,Fiber,Credit Card,0,1,1
CUST103257,Female,67,1,35,110,3909.39,One year,DSL,Cash,1,5,0
CUST103258,Female,55,0,27,122,3299.8,Month-to-month,Fiber,Bank Transfer,3,1,0
CUST103259,Male,40,0,41,145,5827.78,Month-to-month,Fiber,Credit Card,2,4,0
CUST103260,Female,43,0,42,174,7274.03,Two year,DSL,UPI,3,5,0
CUST103261,Male,68,1,41,132,5415.96,Month-to-month,None,UPI,2,4,1
CUST103262,Female,28,0,65,23,1381.27,One year,Fiber,Credit Card,3,1,0
CUST103263,Female,45,0,54,107,5731.91,Month-to-month,Fiber,Cash,1,1,0
CUST103264,Male,73,1,71,170,12053.99,Two year,Fiber,Credit Card,0,5,1
CUST103265,Female,19,0,47,195,9149.0,Month-to-month,Fiber,Credit Card,2,3,0
CUST103266,Male,25,0,21,189,3916.26,One year,DSL,Credit Card,2,2,0
CUST103267,Female,46,0,26,22,564.95,Month-to-month,Fiber,Cash,2,2,0
CUST103268,Male,28,0,66,110,7239.72,Month-to-month,DSL,Credit Card,2,1,0
CUST103269,Male,54,0,12,22,254.3,Month-to-month,None,Bank Transfer,3,4,0
CUST103270,Female,35,0,44,175,7715.46,Two year,DSL,UPI,3,5,0
CUST103271,Female,72,1,9,100,806.98,Month-to-month,DSL,Cash,3,3,0
CUST103272,Male,67,1,8,178,1459.7,One year,None,Bank Transfer,2,1,0
CUST103273,Female,31,0,53,157,8347.35,One year,DSL,Credit Card,2,4,0
CUST103274,Male,71,1,26,196,5120.2,Month-to-month,DSL,Bank Transfer,2,1,0
CUST103275,Male,27,0,33,113,3720.06,Month-to-month,Fiber,Cash,1,2,0
CUST103276,Male,52,0,0,145,-9.99,Month-to-month,DSL,UPI,2,1,1
CUST103277,Female,26,0,31,132,4085.82,One year,DSL,Cash,1,4,0
CUST103278,Female,52,0,70,168,11763.71,Month-to-month,DSL,Credit Card,2,2,0
CUST103279,Male,28,0,66,119,7893.59,Two year,Fiber,Credit Card,1,1,0
CUST103280,Female,61,1,19,72,1405.78,One year,DSL,UPI,4,2,0
CUST103281,Female,29,0,34,106,3589.9,Two year,Fiber,Cash,3,5,0
CUST103282,Female,20,0,16,108,1757.45,Month-to-month,DSL,Cash,5,4,1
CUST103283,Male,70,1,17,73,1265.42,One year,DSL,Cash,2,4,0
CUST103284,Male,56,0,44,39,1750.64,Month-to-month,DSL,Bank Transfer,4,5,0
CUST103285,Female,31,0,52,132,6844.74,Month-to-month,None,UPI,3,4,0
CUST103286,Male,73,1,67,68,4620.21,One year,Fiber,Cash,2,4,0
CUST103287,Male,45,0,64,154,9896.4,One year,DSL,UPI,0,1,0
CUST103288,Male,28,0,0,48,-54.46,Month-to-month,DSL,Bank Transfer,1,3,0
CUST103289,Female,56,0,57,67,3778.94,One year,Fiber,Cash,0,1,0
CUST103290,Male,42,0,25,32,875.99,Month-to-month,Fiber,Bank Transfer,0,5,0
CUST103291,Male,38,0,19,22,325.23,Two year,DSL,Credit Card,5,5,0
CUST103292,Female,27,0,9,21,187.71,Month-to-month,DSL,Credit Card,2,3,0
CUST103293,Female,60,1,58,35,2135.0,Month-to-month,Fiber,Credit Card,5,1,1
CUST103294,Male,32,0,40,113,4573.72,One year,Fiber,UPI,0,1,0
CUST103295,Female,36,0,4,121,535.28,One year,DSL,Cash,1,1,0
CUST103296,Male,65,1,64,153,9732.4,One year,DSL,Cash,3,2,0
CUST103297,Female,39,0,16,64,1063.77,One year,Fiber,Bank Transfer,0,2,1
CUST103298,Male,38,0,21,90,1966.69,Two year,DSL,Bank Transfer,2,1,0
CUST103299,Female,69,1,40,152,6064.51,One year,DSL,Credit Card,3,2,0
CUST103300,Male,61,1,67,75,5025.15,One year,Fiber,UPI,3,1,0
CUST103301,Male,49,0,68,146,9978.62,One year,Fiber,UPI,3,5,0
CUST103302,Male,67,1,10,51,499.21,Two year,Fiber,Bank Transfer,3,1,0
CUST103303,Male,40,0,55,68,3664.24,Month-to-month,Fiber,Bank Transfer,0,2,0
CUST103304,Female,30,0,50,32,1463.67,One year,Fiber,Cash,1,3,0
CUST103305,Male,22,0,20,177,3555.78,One year,DSL,Cash,1,5,0
CUST103306,Male,21,0,25,44,1074.81,Month-to-month,DSL,Bank Transfer,0,4,0
CUST103307,Female,45,0,18,79,1284.46,Month-to-month,DSL,Cash,2,3,0
CUST103308,Female,31,0,59,78,4562.09,Month-to-month,None,Bank Transfer,3,3,1
CUST103309,Male,25,0,70,175,12230.55,Month-to-month,Fiber,UPI,1,4,0
CUST103310,Female,26,0,46,77,3517.77,Two year,DSL,Credit Card,2,5,0
CUST103311,Male,74,1,70,39,2786.5,Month-to-month,DSL,Bank Transfer,0,4,1
CUST103312,Female,68,1,25,181,4557.91,One year,Fiber,Bank Transfer,3,5,0
CUST103313,Female,52,0,39,152,5920.74,Month-to-month,DSL,Cash,2,5,0
CUST103314,Male,54,0,4,190,696.3,One year,Fiber,Bank Transfer,1,5,0
CUST103315,Male,38,0,20,76,1555.31,Month-to-month,None,UPI,3,3,0
CUST103316,Male,75,1,3,73,292.48,Month-to-month,DSL,Credit Card,1,5,0
CUST103317,Male,35,0,22,131,2968.59,Two year,DSL,Cash,2,4,0
CUST103318,Male,50,0,14,192,2674.34,Month-to-month,DSL,UPI,2,3,0
CUST103319,Female,25,0,7,105,764.6,Month-to-month,DSL,Credit Card,1,5,1
CUST103320,Female,68,1,40,56,2207.73,Month-to-month,Fiber,Cash,3,2,1
CUST103321,Female,66,1,18,103,1812.75,Month-to-month,DSL,UPI,0,2,0
CUST103322,Female,34,0,45,67,3051.14,Month-to-month,Fiber,Bank Transfer,2,5,0
CUST103323,Male,60,1,27,137,3636.43,Month-to-month,Fiber,Cash,2,2,0
CUST103324,Female,48,0,67,67,4464.77,Month-to-month,None,Bank Transfer,3,1,0
CUST103325,Female,51,0,14,131,1891.4,Two year,Fiber,Cash,1,3,0
CUST103326,Female,23,0,36,129,4618.95,One year,DSL,Credit Card,2,1,0
CUST103327,Female,39,0,0,25,-51.65,One year,DSL,Cash,1,3,0
CUST103328,Male,31,0,66,181,12045.68,Month-to-month,Fiber,Cash,4,4,0
CUST103329,Male,20,0,23,97,2259.22,Two year,DSL,UPI,2,2,0
CUST103330,Female,29,0,26,195,4988.04,Month-to-month,DSL,Cash,3,2,0
CUST103331,Female,53,0,39,42,1654.78,Two year,None,Credit Card,1,2,1
CUST103332,Female,29,0,62,145,8983.97,Month-to-month,DSL,UPI,1,5,0
CUST103333,Female,62,1,60,103,6220.56,Two year,DSL,Bank Transfer,5,3,0
CUST103334,Male,19,0,35,32,1145.13,One year,Fiber,Cash,2,5,0
CUST103335,Female,19,0,23,66,1515.79,Month-to-month,DSL,Credit Card,2,2,1
CUST103336,Male,32,0,23,63,1462.22,Two year,DSL,Credit Card,1,4,0
CUST103337,Female,40,0,3,124,387.91,Month-to-month,DSL,Cash,2,2,0
CUST103338,Male,46,0,66,179,11834.03,One year,Fiber,Cash,2,5,0
CUST103339,Female,34,0,33,173,5690.2,Two year,None,Bank Transfer,1,2,0
CUST103340,Male,49,0,56,200,11127.98,Month-to-month,Fiber,Bank Transfer,3,1,0
CUST103341,Male,24,0,48,33,1572.92,Month-to-month,DSL,Bank Transfer,1,1,1
CUST103342,Male,47,0,52,199,10325.17,One year,DSL,Bank Transfer,3,5,0
CUST103343,Female,45,0,22,140,3076.99,One year,Fiber,Bank Transfer,1,1,0
CUST103344,Female,31,0,68,55,3795.16,Two year,Fiber,Bank Transfer,2,3,0
CUST103345,Male,61,1,52,27,1476.76,One year,Fiber,UPI,0,3,0
CUST103346,Male,47,0,61,187,11442.93,Month-to-month,Fiber,UPI,2,5,0
CUST103347,Female,34,0,40,169,6800.62,Two year,None,Credit Card,4,1,0
CUST103348,Female,49,0,56,35,1955.39,Two year,DSL,UPI,0,3,0
CUST103349,Male,63,1,59,110,6470.69,Month-to-month,DSL,Cash,1,1,0
CUST103350,Female,23,0,53,139,7403.8,Month-to-month,Fiber,Cash,3,2,0
CUST103351,Male,68,1,69,79,5499.64,Month-to-month,DSL,Cash,1,1,0
CUST103352,Female,41,0,56,29,1671.97,Two year,DSL,Credit Card,4,1,0
CUST103353,Female,23,0,9,172,1540.9,Month-to-month,Fiber,UPI,0,5,1
CUST103354,Male,44,0,39,50,1954.17,Two year,DSL,Cash,2,2,0
CUST103355,Female,35,0,6,40,336.9,Two year,DSL,UPI,2,3,0
CUST103356,Female,41,0,37,100,3578.68,Month-to-month,None,Cash,1,3,0
CUST103357,Female,54,0,60,52,3169.03,Month-to-month,DSL,Bank Transfer,1,1,0
CUST103358,Male,73,1,2,50,82.98,Month-to-month,Fiber,UPI,4,4,0
CUST103359,Male,41,0,50,168,8382.99,Month-to-month,DSL,UPI,3,4,0
CUST103360,Female,55,0,46,55,2515.73,Month-to-month,Fiber,Cash,4,3,0
CUST103361,Male,51,0,67,151,10024.43,One year,DSL,UPI,1,1,0
CUST103362,Female,57,0,37,87,3208.51,One year,Fiber,Bank Transfer,3,1,0
CUST103363,Male,64,1,35,109,3878.97,Two year,DSL,Cash,2,2,0
CUST103364,Male,32,0,40,151,6025.31,Month-to-month,Fiber,Bank Transfer,1,5,0
CUST103365,Female,28,0,68,28,1896.19,Month-to-month,Fiber,Cash,2,4,0
CUST103366,Female,39,0,12,49,543.49,Two year,DSL,UPI,0,1,0
CUST103367,Female,71,1,57,134,7639.09,Month-to-month,DSL,Cash,2,3,0
CUST103368,Male,41,0,49,64,3008.05,Month-to-month,Fiber,Credit Card,3,4,0
CUST103369,Female,18,0,29,23,627.34,One year,DSL,Cash,2,5,0
CUST103370,Female,35,0,61,88,5387.35,Two year,None,UPI,3,1,0
CUST103371,Female,61,1,24,42,941.67,Month-to-month,DSL,Bank Transfer,0,4,0
CUST103372,Male,29,0,26,35,848.1,Month-to-month,Fiber,Bank Transfer,3,1,0
CUST103373,Male,74,1,50,41,2026.66,Two year,Fiber,Credit Card,2,5,0
CUST103374,Male,60,1,56,91,5120.88,Month-to-month,DSL,Cash,2,2,0
CUST103375,Female,45,0,46,67,3132.56,Month-to-month,DSL,Cash,3,4,0
CUST103376,Female,57,0,38,126,4788.06,One year,DSL,Bank Transfer,1,5,0
CUST103377,Male,24,0,15,152,2264.32,Month-to-month,None,Bank Transfer,6,2,0
CUST103378,Female,40,0,21,26,566.26,One year,Fiber,UPI,0,2,1
CUST103379,Male,38,0,53,70,3698.84,Month-to-month,Fiber,Credit Card,2,5,0
CUST103380,Male,51,0,20,84,1716.74,Two year,DSL,Bank Transfer,2,3,0
CUST103381,Male,28,0,71,28,2062.26,Two year,DSL,Cash,1,5,0
CUST103382,Male,39,0,15,101,1507.11,Month-to-month,Fiber,Bank Transfer,1,1,0
CUST103383,Male,59,0,58,64,3655.03,Month-to-month,None,UPI,1,3,0
CUST103384,Female,52,0,30,141,4227.09,One year,DSL,Cash,3,2,0
CUST103385,Female,69,1,41,194,8054.73,Month-to-month,Fiber,UPI,0,4,0
CUST103386,Male,46,0,31,171,5316.84,One year,DSL,UPI,5,2,1
CUST103387,Female,59,0,58,29,1632.9,Month-to-month,Fiber,UPI,0,4,0
CUST103388,Male,45,0,33,92,3037.79,Month-to-month,DSL,Credit Card,2,4,0
CUST103389,Female,35,0,8,67,532.36,Month-to-month,Fiber,Cash,1,5,1
CUST103390,Male,31,0,10,182,1778.45,Month-to-month,None,Cash,0,5,1
CUST103391,Female,35,0,9,106,1017.07,Month-to-month,Fiber,UPI,3,2,1
CUST103392,Male,45,0,16,130,2110.89,One year,None,Credit Card,1,5,0
CUST103393,Male,41,0,67,35,2402.98,One year,DSL,Bank Transfer,1,2,0
CUST103394,Male,25,0,47,72,3229.39,One year,None,Cash,2,5,0
CUST103395,Male,59,0,51,59,3023.0,Month-to-month,Fiber,Bank Transfer,2,5,1
CUST103396,Male,71,1,24,119,2859.91,Month-to-month,DSL,Cash,1,4,0
CUST103397,Female,62,1,20,39,730.85,Month-to-month,Fiber,UPI,2,3,0
CUST103398,Male,70,1,64,88,5653.89,Month-to-month,None,Cash,3,5,0
CUST103399,Female,25,0,62,64,3919.76,One year,DSL,UPI,0,5,0
CUST103400,Male,21,0,50,25,1169.68,One year,Fiber,Cash,2,2,1
CUST103401,Male,44,0,35,196,6896.32,Month-to-month,Fiber,UPI,2,4,0
CUST103402,Female,53,0,65,58,3762.25,One year,DSL,Bank Transfer,1,4,0
CUST103403,Male,22,0,14,121,1612.1,Month-to-month,Fiber,Bank Transfer,1,3,0
CUST103404,Male,50,0,38,149,5733.83,Two year,DSL,Bank Transfer,1,3,0
CUST103405,Male,66,1,69,126,8697.01,Two year,DSL,Cash,2,3,0
CUST103406,Male,51,0,0,58,-40.2,Month-to-month,Fiber,Credit Card,3,5,0
CUST103407,Male,47,0,22,137,2932.39,Month-to-month,Fiber,Bank Transfer,0,2,0
CUST103408,Male,25,0,38,168,6328.8,One year,Fiber,Cash,2,1,1
CUST103409,Female,56,0,56,187,10390.3,Month-to-month,Fiber,UPI,4,2,0
CUST103410,Male,64,1,33,101,3418.65,Two year,Fiber,Credit Card,0,4,0
CUST103411,Female,43,0,40,73,3019.99,One year,Fiber,Credit Card,2,3,0
CUST103412,Male,74,1,72,129,9349.32,One year,Fiber,Credit Card,3,1,0
CUST103413,Male,54,0,12,31,289.0,Month-to-month,None,Bank Transfer,2,4,0
CUST103414,Female,51,0,69,184,12723.04,Month-to-month,Fiber,Bank Transfer,5,3,0
CUST103415,Female,24,0,5,129,761.68,Month-to-month,Fiber,Bank Transfer,1,1,1
CUST103416,Male,57,0,51,57,2866.87,Month-to-month,DSL,Bank Transfer,4,2,0
CUST103417,Female,45,0,2,162,319.47,Month-to-month,Fiber,UPI,5,4,1
CUST103418,Male,56,0,62,26,1701.77,Two year,Fiber,Cash,4,5,0
CUST103419,Male,56,0,48,97,4673.42,Month-to-month,DSL,Credit Card,2,1,0
CUST103420,Male,45,0,46,197,9095.4,Two year,Fiber,Cash,2,1,0
CUST103421,Female,31,0,54,84,4501.78,Two year,Fiber,Credit Card,1,2,0
CUST103422,Female,70,1,63,121,7549.86,Two year,DSL,Credit Card,0,2,0
CUST103423,Female,67,1,64,120,7704.08,Month-to-month,Fiber,Credit Card,3,4,0
CUST103424,Female,55,0,66,63,4133.25,Month-to-month,DSL,Credit Card,2,5,0
CUST103425,Male,21,0,14,50,667.23,Month-to-month,Fiber,UPI,2,3,0
CUST103426,Female,59,0,31,190,5850.19,Two year,DSL,UPI,2,1,0
CUST103427,Female,35,0,67,96,6473.34,Two year,DSL,Credit Card,2,1,0
CUST103428,Female,61,1,17,67,1162.94,Month-to-month,DSL,Credit Card,0,4,0
CUST103429,Male,65,1,42,101,4337.72,Month-to-month,Fiber,Bank Transfer,0,3,0
CUST103430,Male,42,0,34,146,5021.85,Month-to-month,DSL,Credit Card,1,3,1
CUST103431,Male,24,0,57,103,5878.69,Month-to-month,Fiber,Cash,1,3,0
CUST103432,Female,55,0,32,29,933.22,Two year,DSL,UPI,5,4,0
CUST103433,Male,45,0,13,48,677.0,Two year,Fiber,Cash,0,1,0
CUST103434,Male,22,0,33,67,2218.49,One year,Fiber,Bank Transfer,3,2,0
CUST103435,Male,20,0,60,135,8162.18,One year,None,UPI,2,1,0
CUST103436,Female,61,1,3,32,105.02,Month-to-month,DSL,Bank Transfer,2,2,0
CUST103437,Female,48,0,58,191,11111.47,Month-to-month,DSL,Bank Transfer,0,2,1
CUST103438,Male,64,1,28,66,1923.32,Two year,Fiber,Cash,2,4,0
CUST103439,Male,59,0,5,122,532.13,Two year,Fiber,Credit Card,3,3,0
CUST103440,Male,75,1,48,110,5350.47,Month-to-month,DSL,UPI,2,4,0
CUST103441,Male,37,0,39,72,2881.71,Month-to-month,DSL,UPI,1,2,0
CUST103442,Male,36,0,64,111,7092.66,Month-to-month,Fiber,Credit Card,2,1,0
CUST103443,Female,65,1,68,96,6534.11,Two year,DSL,Cash,7,2,0
CUST103444,Male,28,0,26,63,1622.92,Month-to-month,DSL,Bank Transfer,0,4,0
CUST103445,Male,57,0,5,175,847.42,One year,Fiber,Cash,6,1,0
CUST103446,Male,20,0,12,21,316.03,Month-to-month,Fiber,Bank Transfer,4,3,0
CUST103447,Female,40,0,63,120,7490.27,Two year,None,UPI,1,4,0
CUST103448,Female,24,0,61,76,4643.98,Month-to-month,DSL,Credit Card,0,5,0
CUST103449,Male,40,0,18,76,1304.2,Month-to-month,Fiber,Credit Card,2,2,0
CUST103450,Female,24,0,42,53,2200.7,Month-to-month,DSL,UPI,1,3,1
CUST103451,Female,63,1,19,77,1407.92,Month-to-month,DSL,Bank Transfer,0,3,0
CUST103452,Female,51,0,67,199,13338.54,One year,Fiber,Cash,1,1,0
CUST103453,Male,59,0,43,176,7595.47,One year,Fiber,Bank Transfer,6,4,0
CUST103454,Male,36,0,22,54,1247.98,Month-to-month,None,Credit Card,1,2,0
CUST103455,Male,75,1,1,94,94.22,Month-to-month,Fiber,Cash,1,5,0
CUST103456,Male,26,0,21,195,4193.9,Month-to-month,DSL,Cash,3,2,0
CUST103457,Male,65,1,56,52,2890.83,Two year,DSL,Bank Transfer,3,4,0
CUST103458,Female,68,1,71,134,9553.45,Month-to-month,Fiber,Bank Transfer,0,3,0
CUST103459,Female,35,0,6,94,633.96,Two year,Fiber,Bank Transfer,1,5,0
CUST103460,Female,58,0,55,92,5043.78,One year,DSL,Cash,0,1,0
CUST103461,Male,65,1,66,97,6431.98,One year,Fiber,UPI,0,4,0
CUST103462,Female,62,1,15,28,295.83,Month-to-month,None,Cash,3,2,0
CUST103463,Male,59,0,50,67,3407.56,Month-to-month,Fiber,Credit Card,3,4,0
CUST103464,Male,42,0,71,86,6065.67,One year,Fiber,UPI,1,1,0
CUST103465,Female,69,1,11,183,2091.49,Month-to-month,None,UPI,1,2,1
CUST103466,Female,31,0,52,138,7174.8,Month-to-month,Fiber,Bank Transfer,3,5,0
CUST103467,Male,61,1,4,191,813.06,Two year,DSL,Cash,3,2,0
CUST103468,Female,42,0,26,152,3922.82,Month-to-month,DSL,Credit Card,2,2,0
CUST103469,Female,36,0,11,138,1677.03,Month-to-month,Fiber,Cash,3,1,1
CUST103470,Female,56,0,16,105,1690.01,One year,DSL,Bank Transfer,1,2,0
CUST103471,Male,72,1,5,125,742.97,Two year,Fiber,Cash,2,4,0
CUST103472,Male,32,0,4,95,380.72,Month-to-month,Fiber,Credit Card,4,3,0
CUST103473,Female,33,0,56,59,3287.82,One year,DSL,Bank Transfer,0,1,0
CUST103474,Female,44,0,27,38,1060.55,One year,Fiber,Cash,2,1,0
CUST103475,Male,57,0,68,66,4549.69,Two year,Fiber,Credit Card,2,1,0
CUST103476,Male,27,0,58,84,4918.62,Month-to-month,DSL,Credit Card,4,4,0
CUST103477,Male,21,0,32,165,5308.63,Two year,Fiber,Bank Transfer,2,4,0
CUST103478,Male,68,1,61,197,12020.02,Month-to-month,Fiber,Bank Transfer,4,4,0
CUST103479,Female,36,0,49,49,2444.6,Month-to-month,Fiber,UPI,2,4,0
CUST103480,Male,45,0,18,145,2631.47,Month-to-month,DSL,UPI,1,2,0
CUST103481,Male,38,0,68,85,5773.55,Month-to-month,Fiber,Credit Card,1,1,1
CUST103482,Female,64,1,65,24,1552.72,One year,DSL,Bank Transfer,0,1,0
CUST103483,Female,31,0,46,112,5224.76,One year,Fiber,Bank Transfer,1,5,0
CUST103484,Female,50,0,38,116,4342.8,Month-to-month,DSL,Cash,4,3,0
CUST103485,Male,65,1,67,189,12707.51,Month-to-month,Fiber,Cash,2,2,0
CUST103486,Male,27,0,32,113,3655.13,Month-to-month,DSL,Cash,0,3,0
CUST103487,Female,36,0,12,125,1612.27,Month-to-month,DSL,Cash,2,2,0
CUST103488,Male,47,0,53,152,7897.51,Month-to-month,DSL,UPI,3,2,0
CUST103489,Male,39,0,6,197,1105.29,Month-to-month,Fiber,Cash,2,2,1
CUST103490,Male,20,0,13,104,1307.92,Month-to-month,DSL,Bank Transfer,1,1,0
CUST103491,Female,54,0,18,77,1354.56,Month-to-month,Fiber,Credit Card,3,3,0
CUST103492,Female,58,0,53,98,5241.63,Two year,DSL,Credit Card,3,3,0
CUST103493,Male,35,0,19,27,446.75,Month-to-month,Fiber,Credit Card,3,4,0
CUST103494,Male,28,0,28,178,4969.77,Month-to-month,Fiber,UPI,1,3,1
CUST103495,Male,65,1,23,31,678.73,Month-to-month,DSL,Credit Card,2,4,0
CUST103496,Male,19,0,62,168,10401.65,Month-to-month,DSL,UPI,1,5,1
CUST103497,Male,29,0,56,113,6397.99,One year,DSL,UPI,0,4,0
CUST103498,Female,71,1,7,110,798.78,Two year,Fiber,Credit Card,0,2,0
CUST103499,Female,23,0,61,52,3141.44,One year,DSL,UPI,3,1,0
CUST103500,Male,60,1,28,173,4774.96,One year,Fiber,Cash,4,2,0
CUST103501,Female,57,0,16,119,1930.91,Month-to-month,DSL,Cash,4,5,0
CUST103502,Male,61,1,65,187,12122.37,Month-to-month,Fiber,Cash,2,1,0
CUST103503,Male,46,0,5,34,156.63,Month-to-month,Fiber,UPI,1,5,0
CUST103504,Male,47,0,57,133,7568.75,Two year,DSL,Cash,2,2,0
CUST103505,Female,19,0,68,148,10119.57,Two year,Fiber,Credit Card,2,1,0
CUST103506,Female,26,0,27,30,792.61,Month-to-month,None,Credit Card,0,5,0
CUST103507,Female,64,1,61,74,4493.5,Month-to-month,DSL,UPI,3,4,0
CUST103508,Female,19,0,40,21,794.39,Month-to-month,Fiber,UPI,1,3,0
CUST103509,Female,46,0,68,84,5674.1,Month-to-month,DSL,Cash,1,2,0
CUST103510,Female,50,0,40,191,7685.84,Two year,Fiber,Bank Transfer,1,4,0
CUST103511,Male,27,0,48,35,1680.37,Month-to-month,DSL,Credit Card,2,5,0
CUST103512,Male,51,0,48,169,8102.25,Month-to-month,Fiber,Bank Transfer,2,5,0
CUST103513,Male,61,1,70,125,8683.79,Two year,DSL,Cash,2,1,1
CUST103514,Male,72,1,2,165,278.3,Month-to-month,Fiber,UPI,2,4,1
CUST103515,Female,25,0,9,194,1772.81,Month-to-month,Fiber,Cash,1,5,1
CUST103516,Female,54,0,34,49,1655.17,Month-to-month,DSL,Bank Transfer,3,1,0
CUST103517,Male,71,1,1,29,18.13,Month-to-month,DSL,Cash,2,3,1
CUST103518,Female,50,0,23,81,1880.83,Month-to-month,Fiber,UPI,0,3,0
CUST103519,Female,64,1,37,104,3880.25,Month-to-month,DSL,Bank Transfer,0,1,0
CUST103520,Female,23,0,21,153,3247.7,One year,None,Cash,3,4,1
CUST103521,Female,61,1,25,86,2135.9,One year,None,UPI,1,1,0
CUST103522,Female,57,0,42,60,2514.09,Month-to-month,Fiber,Cash,2,1,0
CUST103523,Female,62,1,54,190,10286.36,Two year,Fiber,Cash,2,4,1
CUST103524,Male,36,0,38,37,1294.2,Month-to-month,DSL,UPI,1,3,0
CUST103525,Female,49,0,28,77,2164.23,Two year,Fiber,UPI,3,5,1
CUST103526,Female,44,0,19,79,1536.6,Month-to-month,DSL,Cash,1,3,0
CUST103527,Male,18,0,40,107,4245.36,Month-to-month,DSL,Credit Card,2,4,0
CUST103528,Male,60,1,53,46,2374.22,Month-to-month,DSL,Cash,5,2,0
CUST103529,Male,69,1,19,87,1724.43,Month-to-month,None,UPI,3,4,0
CUST103530,Male,50,0,18,41,698.48,Two year,DSL,Credit Card,4,3,0
CUST103531,Male,57,0,65,171,11112.91,Month-to-month,Fiber,UPI,4,3,0
CUST103532,Male,49,0,29,59,1726.55,Month-to-month,Fiber,Cash,1,4,0
CUST103533,Male,22,0,52,128,6610.51,Month-to-month,DSL,Bank Transfer,0,4,0
CUST103534,Male,34,0,33,93,2990.24,Month-to-month,Fiber,UPI,2,4,1
CUST103535,Male,25,0,21,85,1799.06,Two year,DSL,UPI,2,3,1
CUST103536,Female,74,1,66,187,12272.42,Two year,DSL,Bank Transfer,0,1,0
CUST103537,Female,59,0,5,25,158.73,Month-to-month,Fiber,UPI,3,2,0
CUST103538,Male,51,0,26,131,3398.53,Month-to-month,DSL,UPI,2,1,0
CUST103539,Male,26,0,9,37,440.37,Month-to-month,DSL,UPI,2,3,0
CUST103540,Male,73,1,72,100,7207.14,Month-to-month,DSL,Bank Transfer,2,1,0
CUST103541,Female,40,0,47,121,5651.27,Month-to-month,Fiber,Cash,2,4,1
CUST103542,Male,52,0,69,129,8940.49,Month-to-month,Fiber,UPI,1,5,0
CUST103543,Female,67,1,58,49,2895.77,One year,DSL,Credit Card,2,4,1
CUST103544,Female,24,0,58,141,8110.76,Month-to-month,DSL,Cash,1,2,1
CUST103545,Female,32,0,1,168,189.6,Month-to-month,DSL,Cash,1,4,1
CUST103546,Female,70,1,28,81,2285.23,Month-to-month,DSL,Credit Card,0,5,0
CUST103547,Male,71,1,67,157,10567.39,One year,Fiber,Credit Card,5,3,0
CUST103548,Male,37,0,64,139,8844.74,Month-to-month,DSL,Credit Card,2,1,1
CUST103549,Male,67,1,25,126,3186.05,Month-to-month,Fiber,Bank Transfer,4,4,0
CUST103550,Male,42,0,9,160,1460.64,Month-to-month,None,UPI,1,1,0
CUST103551,Male,20,0,52,95,4927.92,Month-to-month,Fiber,Cash,2,2,0
CUST103552,Female,72,1,58,28,1757.63,Month-to-month,DSL,Credit Card,3,1,0
CUST103553,Female,63,1,21,58,1158.62,Two year,Fiber,UPI,2,2,0
CUST103554,Male,41,0,50,43,2137.88,One year,Fiber,UPI,1,2,0
CUST103555,Female,51,0,47,144,6723.24,One year,DSL,Bank Transfer,4,4,1
CUST103556,Female,63,1,20,137,2756.92,Two year,Fiber,Cash,1,5,0
CUST103557,Male,39,0,21,53,1198.32,One year,Fiber,UPI,1,1,1
CUST103558,Female,28,0,29,80,2391.62,One year,DSL,Credit Card,3,2,0
CUST103559,Female,65,1,24,188,4380.6,Month-to-month,Fiber,Credit Card,1,2,1
CUST103560,Male,25,0,27,152,4182.96,Month-to-month,DSL,Bank Transfer,2,2,0
CUST103561,Female,56,0,64,98,6247.01,Month-to-month,DSL,Credit Card,2,3,0
CUST103562,Male,60,1,44,69,3001.04,Month-to-month,Fiber,Credit Card,0,1,0
CUST103563,Female,52,0,67,151,10124.47,Month-to-month,None,Bank Transfer,4,1,0
CUST103564,Female,66,1,6,70,405.72,One year,None,Bank Transfer,1,2,0
CUST103565,Male,63,1,48,71,3391.13,Month-to-month,DSL,Credit Card,1,1,0
CUST103566,Female,55,0,8,141,1091.29,One year,None,Cash,1,1,1
CUST103567,Female,25,0,35,186,6526.05,One year,Fiber,Cash,2,3,0
CUST103568,Male,71,1,0,27,60.89,Month-to-month,Fiber,Bank Transfer,3,2,1
CUST103569,Female,54,0,9,132,1195.29,Month-to-month,None,Cash,1,1,1
CUST103570,Female,44,0,35,64,2235.04,Month-to-month,Fiber,Cash,1,5,0
CUST103571,Male,45,0,72,107,7734.94,Month-to-month,DSL,Cash,1,2,0
CUST103572,Male,57,0,45,47,2178.38,Month-to-month,DSL,Bank Transfer,1,1,0
CUST103573,Female,51,0,31,138,4284.39,One year,DSL,Cash,1,3,0
CUST103574,Female,49,0,31,126,3898.0,Month-to-month,Fiber,Credit Card,6,5,1
CUST103575,Male,32,0,5,46,261.65,Two year,DSL,Credit Card,1,4,0
CUST103576,Female,61,1,47,181,8472.66,Two year,Fiber,Bank Transfer,4,4,0
CUST103577,Male,34,0,37,100,3597.35,Month-to-month,DSL,Cash,3,5,0
CUST103578,Female,50,0,16,120,1950.58,One year,None,UPI,3,4,0
CUST103579,Male,64,1,26,81,2085.07,Month-to-month,DSL,UPI,2,5,0
CUST103580,Male,63,1,53,81,4266.56,One year,Fiber,Credit Card,1,1,0
CUST103581,Male,69,1,49,185,8969.89,Month-to-month,Fiber,Credit Card,1,4,1
CUST103582,Male,71,1,34,45,1492.63,One year,DSL,UPI,2,4,0
CUST103583,Female,33,0,24,140,3342.34,Month-to-month,Fiber,Bank Transfer,3,5,1
CUST103584,Female,46,0,27,43,1233.02,Two year,Fiber,Cash,0,1,0
CUST103585,Male,26,0,14,58,899.67,Month-to-month,Fiber,UPI,0,1,0
CUST103586,Male,50,0,3,143,419.93,Month-to-month,Fiber,Cash,3,2,0
CUST103587,Male,66,1,72,40,2907.41,Month-to-month,DSL,UPI,3,2,0
CUST103588,Female,46,0,26,113,2880.62,One year,Fiber,Credit Card,1,1,0
CUST103589,Male,30,0,25,194,4856.24,One year,Fiber,Cash,2,5,0
CUST103590,Female,38,0,18,134,2391.46,Two year,Fiber,Bank Transfer,2,3,0
CUST103591,Female,75,1,16,195,3041.08,Two year,DSL,Cash,3,3,0
CUST103592,Male,38,0,42,140,5936.58,Month-to-month,DSL,Cash,0,2,1
CUST103593,Female,22,0,40,32,1289.95,Month-to-month,Fiber,UPI,1,4,0
CUST103594,Female,27,0,41,150,6184.66,Month-to-month,DSL,Bank Transfer,2,3,0
CUST103595,Male,23,0,49,179,8751.46,Two year,DSL,Credit Card,3,4,0
CUST103596,Female,73,1,39,182,6982.46,Two year,DSL,Cash,2,4,0
CUST103597,Male,68,1,38,38,1372.68,Month-to-month,Fiber,Cash,4,1,1
CUST103598,Female,74,1,22,161,3587.67,One year,DSL,UPI,1,3,0
CUST103599,Male,30,0,51,195,9932.75,One year,None,Credit Card,1,3,1
CUST103600,Female,18,0,46,100,4630.48,One year,Fiber,UPI,1,4,1
CUST103601,Female,37,0,62,142,8782.76,Two year,DSL,Bank Transfer,3,4,0
CUST103602,Female,74,1,68,87,5920.66,Month-to-month,Fiber,Credit Card,2,1,0
CUST103603,Male,64,1,42,192,8064.03,Two year,None,Bank Transfer,5,5,0
CUST103604,Female,63,1,47,38,1739.86,Month-to-month,DSL,UPI,3,3,0
CUST103605,Female,25,0,33,83,2752.02,Month-to-month,DSL,Credit Card,1,3,0
CUST103606,Female,27,0,39,120,4757.16,Month-to-month,DSL,Bank Transfer,4,1,0
CUST103607,Male,26,0,60,85,5075.39,Month-to-month,Fiber,Bank Transfer,1,1,0
CUST103608,Male,66,1,49,85,4081.92,One year,DSL,UPI,1,5,0
CUST103609,Male,58,0,66,94,6239.99,One year,Fiber,Credit Card,1,4,0
CUST103610,Female,20,0,61,64,3835.45,Month-to-month,Fiber,Bank Transfer,0,3,0
CUST103611,Female,28,0,57,106,5992.78,One year,Fiber,Cash,1,4,0
CUST103612,Male,29,0,32,86,2738.31,Month-to-month,Fiber,Credit Card,3,3,0
CUST103613,Male,27,0,15,22,361.56,Two year,DSL,Credit Card,6,1,1
CUST103614,Female,42,0,47,185,8719.24,Month-to-month,DSL,Cash,4,1,0
CUST103615,Female,66,1,9,189,1684.97,Month-to-month,DSL,Credit Card,4,1,1
CUST103616,Female,66,1,37,187,6853.09,Month-to-month,Fiber,Credit Card,2,5,1
CUST103617,Male,42,0,18,197,3680.13,Month-to-month,Fiber,Cash,2,3,0
CUST103618,Female,28,0,35,182,6379.18,Month-to-month,Fiber,UPI,1,1,0
CUST103619,Male,71,1,58,43,2535.0,Two year,DSL,Bank Transfer,2,5,0
CUST103620,Male,53,0,62,107,6658.2,Month-to-month,DSL,Cash,1,4,0
CUST103621,Male,56,0,45,36,1695.21,Month-to-month,Fiber,Credit Card,3,5,0
CUST103622,Male,70,1,2,59,64.93,One year,None,Bank Transfer,2,5,0
CUST103623,Female,43,0,64,191,12242.25,Month-to-month,DSL,Bank Transfer,2,2,0
CUST103624,Male,31,0,7,170,1173.99,Two year,Fiber,Bank Transfer,4,4,0
CUST103625,Female,56,0,50,25,1195.78,Two year,DSL,UPI,3,2,0
CUST103626,Male,73,1,72,168,12161.13,One year,DSL,Credit Card,1,3,0
CUST103627,Male,57,0,5,138,642.82,Month-to-month,Fiber,Credit Card,2,5,1
CUST103628,Male,18,0,38,139,5306.14,Month-to-month,Fiber,Bank Transfer,3,5,1
CUST103629,Male,73,1,59,54,3270.31,Month-to-month,DSL,Bank Transfer,5,5,0
CUST103630,Female,71,1,27,132,3647.24,Month-to-month,Fiber,UPI,2,5,0
CUST103631,Female,21,0,53,48,2497.87,Month-to-month,Fiber,UPI,1,2,1
CUST103632,Female,47,0,36,26,984.72,Two year,Fiber,Bank Transfer,1,3,0
CUST103633,Female,29,0,8,72,605.53,Month-to-month,Fiber,Credit Card,2,2,1
CUST103634,Male,73,1,55,184,10061.01,Month-to-month,DSL,Cash,0,5,0
CUST103635,Female,52,0,58,42,2343.21,Month-to-month,DSL,UPI,2,3,0
CUST103636,Female,30,0,1,116,116.32,Month-to-month,Fiber,Credit Card,3,4,1
CUST103637,Male,69,1,60,155,9360.45,Month-to-month,Fiber,UPI,1,2,1
CUST103638,Male,48,0,57,95,5560.5,Two year,DSL,Credit Card,1,1,0
CUST103639,Male,55,0,59,195,11474.71,Month-to-month,Fiber,Bank Transfer,0,4,0
CUST103640,Female,60,1,39,29,1140.1,Two year,Fiber,UPI,0,4,0
CUST103641,Female,40,0,35,136,4708.02,One year,Fiber,Cash,2,5,1
CUST103642,Male,21,0,36,43,1627.35,Two year,Fiber,Bank Transfer,2,5,0
CUST103643,Female,69,1,17,194,3314.08,Month-to-month,Fiber,UPI,0,4,1
CUST103644,Male,33,0,62,200,12421.99,Month-to-month,DSL,Bank Transfer,2,2,0
CUST103645,Male,24,0,21,58,1224.48,Month-to-month,Fiber,Cash,5,3,0
CUST103646,Female,39,0,10,85,808.23,Two year,DSL,UPI,3,2,0
CUST103647,Male,46,0,57,25,1470.55,One year,Fiber,UPI,3,2,0
CUST103648,Female,28,0,56,40,2291.42,One year,Fiber,UPI,5,4,0
CUST103649,Male,73,1,3,92,340.08,Month-to-month,DSL,Credit Card,2,2,0
CUST103650,Male,50,0,6,93,610.97,Month-to-month,DSL,Credit Card,5,3,0
CUST103651,Male,75,1,60,55,3252.36,Month-to-month,DSL,UPI,1,4,0
CUST103652,Male,46,0,53,150,7940.23,Month-to-month,Fiber,Bank Transfer,2,2,0
CUST103653,Female,56,0,67,189,12684.61,Month-to-month,DSL,Bank Transfer,3,5,0
CUST103654,Male,29,0,0,192,-31.43,Month-to-month,DSL,UPI,0,2,1
CUST103655,Male,24,0,54,63,3344.86,One year,Fiber,Cash,2,4,0
CUST103656,Female,72,1,2,110,205.96,Two year,DSL,Cash,2,4,1
CUST103657,Male,56,0,37,180,6667.65,One year,DSL,Cash,3,5,0
CUST103658,Female,59,0,0,79,167.15,One year,None,Credit Card,4,4,0
CUST103659,Female,65,1,37,112,4208.79,Two year,Fiber,Credit Card,5,1,0
CUST103660,Female,43,0,28,102,2820.21,Month-to-month,DSL,Credit Card,2,4,0
CUST103661,Male,57,0,4,102,371.51,Month-to-month,Fiber,Credit Card,1,2,1
CUST103662,Female,26,0,20,96,1866.57,One year,Fiber,Bank Transfer,3,3,0
CUST103663,Male,58,0,70,45,3187.74,Month-to-month,None,UPI,3,2,0
CUST103664,Female,51,0,66,40,2620.91,Month-to-month,Fiber,UPI,3,4,0
CUST103665,Female,62,1,46,139,6387.26,Month-to-month,Fiber,UPI,4,1,1
CUST103666,Female,30,0,34,149,5042.07,Month-to-month,Fiber,Bank Transfer,2,2,0
CUST103667,Male,72,1,67,194,13112.73,Month-to-month,DSL,Cash,2,3,0
CUST103668,Female,72,1,68,127,8701.14,Month-to-month,Fiber,Cash,0,2,0
CUST103669,Female,53,0,0,177,-49.77,Month-to-month,Fiber,Credit Card,2,5,0
CUST103670,Male,42,0,67,46,3024.91,Month-to-month,None,Credit Card,1,1,0
CUST103671,Female,41,0,11,90,1050.41,Two year,None,Bank Transfer,3,4,0
CUST103672,Female,61,1,59,167,9805.35,Two year,DSL,Bank Transfer,2,2,0
CUST103673,Female,34,0,26,69,1859.74,Two year,DSL,Cash,3,2,0
CUST103674,Male,19,0,55,114,6306.39,Two year,DSL,UPI,4,2,1
CUST103675,Female,30,0,22,42,877.98,Month-to-month,DSL,UPI,1,2,0
CUST103676,Male,48,0,24,160,3872.7,Two year,Fiber,Bank Transfer,2,3,0
CUST103677,Male,46,0,20,100,2020.38,Month-to-month,Fiber,Bank Transfer,2,5,1
CUST103678,Male,67,1,60,151,8980.94,One year,Fiber,Bank Transfer,1,5,0
CUST103679,Female,45,0,62,161,9982.28,Month-to-month,Fiber,Credit Card,3,1,0
CUST103680,Female,44,0,51,39,1971.23,Two year,DSL,UPI,3,1,0
CUST103681,Male,32,0,24,143,3450.4,Month-to-month,Fiber,Bank Transfer,2,3,1
CUST103682,Male,48,0,54,32,1719.71,Month-to-month,None,Bank Transfer,1,5,0
CUST103683,Male,57,0,45,22,1008.8,Two year,Fiber,Credit Card,3,1,0
CUST103684,Female,32,0,31,194,5983.11,One year,DSL,Bank Transfer,4,4,0
CUST103685,Female,50,0,54,150,8094.08,Month-to-month,DSL,UPI,2,5,0
CUST103686,Female,37,0,4,148,525.99,One year,DSL,Credit Card,3,2,0
CUST103687,Male,59,0,35,109,3794.9,Month-to-month,Fiber,Bank Transfer,0,5,0
CUST103688,Male,29,0,48,171,8186.92,One year,DSL,UPI,2,4,0
CUST103689,Male,54,0,57,54,3006.1,Month-to-month,Fiber,UPI,2,2,0
CUST103690,Female,26,0,38,33,1257.06,Two year,Fiber,Credit Card,2,5,0
CUST103691,Female,40,0,60,160,9681.0,Month-to-month,Fiber,UPI,1,2,0
CUST103692,Female,25,0,8,194,1516.5,Two year,DSL,Credit Card,1,2,1
CUST103693,Male,49,0,5,69,403.27,Month-to-month,Fiber,UPI,3,3,0
CUST103694,Female,65,1,34,97,3312.23,Month-to-month,Fiber,Bank Transfer,2,4,0
CUST103695,Female,31,0,38,173,6475.92,Month-to-month,DSL,Credit Card,1,3,0
CUST103696,Male,44,0,21,22,585.35,Month-to-month,None,UPI,1,5,0
CUST103697,Female,42,0,40,198,7874.3,Month-to-month,Fiber,Credit Card,0,2,0
CUST103698,Female,30,0,4,59,237.13,Two year,DSL,UPI,1,5,1
CUST103699,Female,72,1,41,183,7522.19,Month-to-month,Fiber,Credit Card,3,5,0
CUST103700,Female,38,0,66,70,4618.3,Month-to-month,DSL,Bank Transfer,2,3,0
CUST103701,Male,62,1,29,20,620.91,Month-to-month,Fiber,Credit Card,0,5,0
CUST103702,Male,48,0,56,123,6949.32,Month-to-month,Fiber,Credit Card,1,4,0
CUST103703,Male,54,0,72,180,12914.85,One year,DSL,Bank Transfer,3,2,1
CUST103704,Male,65,1,28,154,4300.87,Two year,DSL,UPI,1,1,0
CUST103705,Female,75,1,36,136,4862.34,Month-to-month,DSL,Cash,4,4,1
CUST103706,Male,60,1,12,135,1586.02,Month-to-month,Fiber,Bank Transfer,2,1,0
CUST103707,Male,71,1,31,71,2206.58,Month-to-month,DSL,Credit Card,3,1,0
CUST103708,Male,22,0,45,139,6304.76,Two year,Fiber,Bank Transfer,1,3,0
CUST103709,Male,30,0,22,158,3395.14,One year,DSL,Bank Transfer,2,1,0
CUST103710,Female,45,0,44,174,7648.43,Two year,DSL,Credit Card,2,2,0
CUST103711,Male,60,1,16,161,2533.69,Month-to-month,DSL,Credit Card,0,3,0
CUST103712,Female,42,0,65,105,6856.47,Two year,DSL,Cash,4,4,0
CUST103713,Female,68,1,5,65,351.77,Two year,DSL,Bank Transfer,3,4,0
CUST103714,Female,52,0,17,95,1664.05,Two year,Fiber,Credit Card,3,4,0
CUST103715,Male,64,1,21,29,546.29,Month-to-month,Fiber,UPI,1,5,1
CUST103716,Female,56,0,32,171,5489.28,One year,None,UPI,2,3,0
CUST103717,Male,24,0,29,80,2316.08,Month-to-month,DSL,UPI,3,3,0
CUST103718,Male,55,0,31,37,1063.9,One year,Fiber,UPI,3,3,1
CUST103719,Female,49,0,41,105,4229.13,Month-to-month,Fiber,Bank Transfer,2,2,0
CUST103720,Female,20,0,9,156,1381.12,One year,Fiber,Bank Transfer,2,3,1
CUST103721,Female,62,1,35,164,5740.08,Two year,DSL,Cash,1,2,0
CUST103722,Female,56,0,33,147,4911.53,One year,DSL,Bank Transfer,3,4,0
CUST103723,Female,54,0,72,123,8840.89,One year,Fiber,Credit Card,2,5,0
CUST103724,Female,72,1,27,160,4338.3,One year,Fiber,Cash,2,1,0
CUST103725,Male,67,1,10,197,1974.37,One year,Fiber,Bank Transfer,3,5,0
CUST103726,Male,39,0,38,120,4513.6,Month-to-month,DSL,Bank Transfer,1,5,0
CUST103727,Female,25,0,46,25,1126.09,Month-to-month,DSL,Credit Card,3,5,0
CUST103728,Male,34,0,18,104,1873.26,One year,None,Credit Card,0,1,0
CUST103729,Male,69,1,14,70,918.03,Month-to-month,Fiber,Credit Card,3,2,0
CUST103730,Male,44,0,27,55,1513.79,One year,Fiber,UPI,3,4,1
CUST103731,Male,50,0,23,90,2142.29,Two year,DSL,Bank Transfer,3,1,0
CUST103732,Male,63,1,71,119,8529.1,Month-to-month,Fiber,Bank Transfer,3,4,0
CUST103733,Female,34,0,8,44,386.51,Two year,DSL,Bank Transfer,3,2,0
CUST103734,Female,59,0,46,158,7284.93,Month-to-month,DSL,Cash,2,4,1
CUST103735,Male,29,0,32,63,1923.1,Month-to-month,Fiber,Cash,0,2,0
CUST103736,Male,65,1,61,33,1962.26,Month-to-month,Fiber,Cash,4,1,0
CUST103737,Female,63,1,18,48,795.16,Two year,DSL,Cash,2,1,0
CUST103738,Female,44,0,66,93,6114.17,Two year,Fiber,Cash,3,4,0
CUST103739,Male,65,1,39,69,2729.33,Month-to-month,Fiber,Credit Card,2,4,0
CUST103740,Female,25,0,46,24,1117.19,Month-to-month,None,Cash,0,5,0
CUST103741,Female,40,0,64,129,8274.67,Month-to-month,DSL,Bank Transfer,3,5,0
CUST103742,Male,59,0,28,141,3971.62,One year,DSL,UPI,2,4,0
CUST103743,Male,66,1,49,107,5205.64,One year,None,Bank Transfer,2,5,0
CUST103744,Female,46,0,12,76,900.7,One year,Fiber,Bank Transfer,1,4,0
CUST103745,Male,67,1,0,45,10.62,Two year,Fiber,Credit Card,2,3,0
CUST103746,Male,37,0,33,25,880.68,One year,DSL,UPI,4,5,0
CUST103747,Male,33,0,47,163,7654.45,Month-to-month,None,Bank Transfer,2,4,0
CUST103748,Male,34,0,47,79,3701.31,Month-to-month,Fiber,Credit Card,0,3,0
CUST103749,Female,33,0,48,119,5642.82,Two year,Fiber,UPI,1,5,0
CUST103750,Male,36,0,63,31,1912.31,One year,None,UPI,1,1,0
CUST103751,Female,73,1,60,94,5651.39,Month-to-month,Fiber,Credit Card,2,4,0
CUST103752,Male,73,1,28,22,607.52,Month-to-month,DSL,Cash,2,1,0
CUST103753,Male,25,0,38,82,3042.65,One year,Fiber,Credit Card,4,5,0
CUST103754,Male,55,0,25,153,3750.68,Month-to-month,Fiber,Credit Card,6,3,0
CUST103755,Male,55,0,16,38,554.43,One year,Fiber,Cash,2,4,0
CUST103756,Male,70,1,70,37,2575.92,One year,Fiber,Credit Card,2,3,0
CUST103757,Male,46,0,12,99,1236.71,Month-to-month,DSL,Credit Card,1,1,1
CUST103758,Male,58,0,68,190,12933.0,One year,Fiber,Credit Card,0,4,0
CUST103759,Male,53,0,25,92,2251.98,Month-to-month,Fiber,Bank Transfer,2,1,0
CUST103760,Female,43,0,48,150,7164.47,Month-to-month,DSL,Credit Card,1,1,0
CUST103761,Female,48,0,66,145,9594.19,Month-to-month,Fiber,Credit Card,2,3,0
CUST103762,Female,61,1,6,91,562.95,One year,None,UPI,3,5,0
CUST103763,Female,29,0,57,57,3214.66,One year,DSL,UPI,2,1,0
CUST103764,Female,72,1,48,87,4060.71,Month-to-month,DSL,UPI,1,1,0
CUST103765,Male,34,0,52,191,9947.31,Two year,DSL,Credit Card,3,2,0
CUST103766,Male,32,0,64,99,6318.93,Month-to-month,DSL,Cash,2,3,0
CUST103767,Male,26,0,61,61,3807.63,Month-to-month,DSL,Credit Card,1,1,0
CUST103768,Male,56,0,16,83,1310.9,Month-to-month,Fiber,Bank Transfer,5,2,0
CUST103769,Female,59,0,42,97,4072.77,One year,DSL,Bank Transfer,3,3,0
CUST103770,Female,65,1,24,146,3493.37,Month-to-month,Fiber,Bank Transfer,2,4,0
CUST103771,Female,29,0,2,124,269.87,Month-to-month,DSL,Bank Transfer,1,5,1
CUST103772,Female,49,0,28,95,2679.82,Month-to-month,None,Credit Card,3,3,0
CUST103773,Male,42,0,31,184,5648.09,Month-to-month,DSL,UPI,1,1,1
CUST103774,Male,56,0,25,151,3708.47,Two year,Fiber,Credit Card,2,2,0
CUST103775,Male,35,0,15,149,2290.14,Month-to-month,DSL,Credit Card,1,2,0
CUST103776,Female,32,0,24,141,3360.54,Month-to-month,DSL,Credit Card,2,4,1
CUST103777,Female,49,0,53,63,3366.34,Month-to-month,DSL,Credit Card,1,2,0
CUST103778,Male,23,0,27,121,3249.8,One year,Fiber,Cash,2,1,0
CUST103779,Male,75,1,72,81,5738.61,One year,DSL,UPI,3,3,0
CUST103780,Male,61,1,55,20,1169.82,Month-to-month,Fiber,UPI,2,4,0
CUST103781,Female,60,1,64,36,2343.49,Month-to-month,DSL,Bank Transfer,1,5,0
CUST103782,Female,69,1,40,35,1427.23,One year,DSL,Credit Card,4,5,1
CUST103783,Male,52,0,50,28,1352.43,Month-to-month,DSL,Bank Transfer,3,1,0
CUST103784,Female,51,0,70,200,14035.66,One year,Fiber,UPI,0,4,0
CUST103785,Male,55,0,28,78,2197.72,Two year,DSL,UPI,1,4,0
CUST103786,Male,73,1,18,138,2448.31,Month-to-month,DSL,Bank Transfer,0,1,0
CUST103787,Male,71,1,65,156,10126.49,Month-to-month,Fiber,UPI,1,4,0
CUST103788,Female,74,1,40,159,6356.42,Month-to-month,DSL,UPI,2,2,0
CUST103789,Female,22,0,44,138,6042.6,Two year,Fiber,Cash,4,2,0
CUST103790,Female,35,0,14,60,855.7,One year,DSL,Credit Card,1,1,0
CUST103791,Female,33,0,2,162,367.15,Month-to-month,Fiber,Credit Card,2,1,1
CUST103792,Female,25,0,10,85,826.96,Month-to-month,None,UPI,4,2,0
CUST103793,Male,42,0,52,94,4882.63,One year,DSL,UPI,2,3,0
CUST103794,Male,49,0,45,30,1344.43,Month-to-month,DSL,Cash,2,1,0
CUST103795,Female,43,0,29,27,824.53,Month-to-month,Fiber,Bank Transfer,2,2,0
CUST103796,Female,69,1,56,153,8577.19,Month-to-month,Fiber,Cash,5,3,0
CUST103797,Male,39,0,17,200,3451.52,One year,Fiber,Cash,2,3,1
CUST103798,Female,48,0,50,167,8317.2,Month-to-month,Fiber,Bank Transfer,0,2,0
CUST103799,Female,60,1,47,186,8741.46,Month-to-month,DSL,UPI,3,2,0
CUST103800,Female,27,0,65,118,7698.8,Two year,Fiber,Credit Card,4,4,0
CUST103801,Female,73,1,7,91,672.17,Month-to-month,Fiber,Cash,3,3,0
CUST103802,Male,74,1,21,132,2753.16,Month-to-month,Fiber,Cash,2,5,0
CUST103803,Female,29,0,5,126,628.33,One year,None,Credit Card,2,4,0
CUST103804,Male,70,1,56,53,2926.96,Month-to-month,Fiber,Cash,5,4,0
CUST103805,Female,45,0,35,76,2563.44,One year,Fiber,Bank Transfer,2,3,0
CUST103806,Female,23,0,56,136,7600.37,Month-to-month,None,Credit Card,3,3,0
CUST103807,Male,37,0,48,139,6656.57,One year,DSL,Credit Card,4,3,0
CUST103808,Male,22,0,44,166,7283.0,One year,DSL,Bank Transfer,2,1,0
CUST103809,Female,40,0,65,90,5795.97,Two year,DSL,Bank Transfer,1,2,0
CUST103810,Male,26,0,44,178,7860.18,One year,None,Credit Card,3,2,1
CUST103811,Male,75,1,19,59,1155.5,Month-to-month,Fiber,Bank Transfer,2,2,0
CUST103812,Male,46,0,63,161,10139.79,Month-to-month,DSL,Cash,1,3,1
CUST103813,Female,33,0,66,122,8011.41,Month-to-month,DSL,UPI,2,4,1
CUST103814,Female,71,1,2,143,257.1,Two year,DSL,Cash,1,3,0
CUST103815,Female,63,1,53,142,7524.54,Two year,DSL,Bank Transfer,3,3,0
CUST103816,Female,39,0,63,119,7539.54,Month-to-month,None,Cash,2,4,0
CUST103817,Male,25,0,39,184,7109.66,Month-to-month,Fiber,UPI,1,5,0
CUST103818,Female,37,0,58,191,11050.25,Month-to-month,None,UPI,3,1,0
CUST103819,Female,68,1,54,156,8431.4,Two year,Fiber,UPI,1,5,0
CUST103820,Female,31,0,61,77,4734.79,Month-to-month,Fiber,Bank Transfer,1,3,1
CUST103821,Male,56,0,3,167,435.0,Month-to-month,Fiber,Bank Transfer,2,2,1
CUST103822,Male,54,0,59,128,7515.13,Month-to-month,Fiber,Bank Transfer,3,2,0
CUST103823,Female,67,1,29,140,3943.77,Month-to-month,None,UPI,2,4,1
CUST103824,Male,51,0,1,111,176.47,Month-to-month,None,Bank Transfer,4,3,1
CUST103825,Male,28,0,61,69,4153.62,Month-to-month,Fiber,Credit Card,2,4,0
CUST103826,Female,71,1,48,167,8040.81,Month-to-month,DSL,Cash,1,4,0
CUST103827,Male,57,0,8,124,1063.46,Month-to-month,Fiber,Cash,5,1,1
CUST103828,Male,50,0,30,183,5560.22,Month-to-month,DSL,Credit Card,2,4,1
CUST103829,Female,48,0,60,136,8069.79,Month-to-month,DSL,Bank Transfer,3,3,0
CUST103830,Female,71,1,47,46,2212.74,Two year,DSL,Cash,4,1,0
CUST103831,Male,61,1,24,51,1264.74,One year,DSL,UPI,0,2,0
CUST103832,Female,51,0,35,20,748.04,One year,Fiber,Cash,1,1,0
CUST103833,Male,67,1,7,36,141.68,Month-to-month,DSL,Cash,1,3,0
CUST103834,Male,24,0,72,156,11202.33,One year,Fiber,Cash,1,5,0
CUST103835,Female,75,1,57,103,5786.04,Month-to-month,DSL,Bank Transfer,0,1,0
CUST103836,Male,66,1,44,64,2792.09,Month-to-month,Fiber,Credit Card,1,5,0
CUST103837,Male,71,1,61,85,5225.4,Month-to-month,Fiber,Cash,1,1,0
CUST103838,Male,40,0,38,51,2035.71,Month-to-month,DSL,UPI,2,1,0
CUST103839,Female,63,1,57,64,3690.64,Month-to-month,Fiber,Cash,0,4,0
CUST103840,Male,73,1,63,28,1784.12,Month-to-month,Fiber,Bank Transfer,3,5,1
CUST103841,Male,24,0,43,49,2081.39,Month-to-month,Fiber,Bank Transfer,3,5,1
CUST103842,Male,71,1,28,103,2856.31,Month-to-month,Fiber,UPI,2,1,0
CUST103843,Female,42,0,58,185,10751.02,One year,Fiber,Cash,3,3,0
CUST103844,Female,20,0,70,79,5524.32,Month-to-month,DSL,Cash,1,3,1
CUST103845,Female,55,0,8,20,188.71,Two year,Fiber,UPI,0,5,0
CUST103846,Male,37,0,5,24,113.32,Month-to-month,Fiber,Credit Card,1,4,0
CUST103847,Female,51,0,28,82,2368.99,Month-to-month,DSL,Bank Transfer,2,4,0
CUST103848,Female,66,1,57,183,10480.99,Two year,Fiber,Credit Card,0,3,0
CUST103849,Male,61,1,16,84,1301.55,Month-to-month,Fiber,Credit Card,1,4,0
CUST103850,Female,61,1,15,97,1493.21,One year,DSL,Cash,1,1,0
CUST103851,Male,47,0,2,171,354.84,Month-to-month,Fiber,UPI,4,1,1
CUST103852,Male,34,0,20,151,2983.84,Month-to-month,Fiber,Bank Transfer,1,5,0
CUST103853,Male,27,0,63,133,8482.51,Month-to-month,DSL,Credit Card,2,2,1
CUST103854,Male,52,0,35,44,1555.23,Two year,Fiber,Credit Card,4,3,1
CUST103855,Male,37,0,61,154,9411.63,Month-to-month,Fiber,Cash,4,3,0
CUST103856,Female,35,0,41,160,6599.5,Month-to-month,DSL,Cash,0,2,0
CUST103857,Male,62,1,41,62,2570.43,One year,Fiber,Cash,2,4,1
CUST103858,Male,61,1,60,76,4609.05,Month-to-month,Fiber,UPI,0,1,0
CUST103859,Male,44,0,12,183,2134.76,Two year,Fiber,Bank Transfer,2,1,0
CUST103860,Male,66,1,10,161,1680.21,Month-to-month,DSL,Bank Transfer,1,3,0
CUST103861,Male,53,0,53,91,4842.67,One year,Fiber,Cash,3,3,1
CUST103862,Male,40,0,15,46,702.29,Month-to-month,Fiber,Credit Card,0,4,0
CUST103863,Male,49,0,7,147,991.71,Month-to-month,None,Cash,2,4,1
CUST103864,Female,27,0,58,125,7204.9,One year,None,Cash,3,3,0
CUST103865,Female,28,0,56,184,10257.7,Month-to-month,DSL,UPI,3,4,0
CUST103866,Female,55,0,39,90,3485.88,Month-to-month,DSL,Cash,3,2,1
CUST103867,Male,23,0,58,172,9978.96,Two year,DSL,Bank Transfer,2,1,0
CUST103868,Female,58,0,1,86,18.42,Month-to-month,Fiber,Cash,1,3,0
CUST103869,Female,64,1,9,109,1069.28,Two year,Fiber,Bank Transfer,2,2,0
CUST103870,Male,51,0,43,23,1014.11,One year,Fiber,Credit Card,0,2,0
CUST103871,Female,53,0,10,125,1197.4,One year,Fiber,Bank Transfer,2,5,0
CUST103872,Male,54,0,1,98,146.87,Two year,DSL,Bank Transfer,2,3,0
CUST103873,Male,34,0,49,115,5609.58,Month-to-month,DSL,Cash,2,5,1
CUST103874,Male,57,0,11,112,1193.36,Two year,DSL,Bank Transfer,1,2,0
CUST103875,Male,57,0,22,93,2110.83,Month-to-month,Fiber,Bank Transfer,3,3,0
CUST103876,Female,71,1,17,145,2432.18,Two year,Fiber,Credit Card,3,5,0
CUST103877,Male,29,0,61,35,2137.54,Month-to-month,Fiber,Bank Transfer,4,1,0
CUST103878,Female,38,0,61,166,10171.47,Two year,Fiber,Bank Transfer,1,3,1
CUST103879,Female,57,0,37,176,6571.05,Two year,None,Cash,2,5,0
CUST103880,Male,36,0,66,135,8922.79,One year,DSL,UPI,1,4,0
CUST103881,Female,20,0,37,198,7239.6,Month-to-month,Fiber,Cash,1,3,1
CUST103882,Male,35,0,66,37,2388.66,One year,DSL,Credit Card,3,4,0
CUST103883,Male,70,1,60,191,11532.4,Month-to-month,DSL,Cash,2,3,0
CUST103884,Male,68,1,0,35,43.14,Month-to-month,None,Bank Transfer,4,5,0
CUST103885,Female,36,0,44,149,6588.8,Month-to-month,Fiber,UPI,4,5,0
CUST103886,Male,64,1,27,75,1988.82,Month-to-month,DSL,Cash,1,3,0
CUST103887,Female,23,0,20,98,1909.67,Month-to-month,DSL,Cash,4,2,0
CUST103888,Female,33,0,12,122,1393.09,Month-to-month,DSL,Credit Card,5,5,0
CUST103889,Male,25,0,26,47,1195.59,Month-to-month,DSL,Bank Transfer,1,3,0
CUST103890,Male,65,1,6,24,162.92,Month-to-month,Fiber,Cash,3,3,0
CUST103891,Female,35,0,21,125,2697.59,Month-to-month,Fiber,Cash,3,1,0
CUST103892,Female,69,1,52,41,2126.8,Month-to-month,Fiber,UPI,2,4,1
CUST103893,Male,65,1,3,136,406.71,Month-to-month,DSL,Credit Card,1,1,1
CUST103894,Male,60,1,22,119,2664.77,One year,DSL,Bank Transfer,2,4,0
CUST103895,Male,56,0,69,32,2183.8,Month-to-month,DSL,Cash,2,4,0
CUST103896,Male,66,1,32,84,2680.64,Two year,Fiber,UPI,3,1,0
CUST103897,Male,66,1,27,163,4405.14,Month-to-month,None,Cash,0,2,1
CUST103898,Female,29,0,7,105,709.01,Month-to-month,DSL,Cash,3,3,1
CUST103899,Female,62,1,0,83,24.41,Month-to-month,DSL,Credit Card,1,5,0
CUST103900,Female,27,0,36,51,1842.32,One year,DSL,UPI,2,3,0
CUST103901,Male,24,0,62,99,6147.7,Month-to-month,DSL,UPI,0,1,1
CUST103902,Male,63,1,21,70,1420.5,Two year,DSL,Bank Transfer,0,2,0
CUST103903,Male,72,1,69,98,6802.82,Month-to-month,None,Cash,3,5,0
CUST103904,Male,18,0,20,193,3944.19,Month-to-month,Fiber,UPI,2,5,0
CUST103905,Female,66,1,34,199,6803.03,Two year,DSL,Cash,1,2,0
CUST103906,Female,53,0,4,125,462.41,Month-to-month,DSL,Cash,2,5,1
CUST103907,Female,38,0,59,82,4759.67,Two year,DSL,Bank Transfer,0,5,0
CUST103908,Female,54,0,45,95,4268.91,Two year,DSL,Bank Transfer,2,2,0
CUST103909,Male,69,1,49,79,3900.58,Two year,Fiber,UPI,3,1,0
CUST103910,Female,41,0,47,84,3913.95,Two year,Fiber,Cash,2,1,0
CUST103911,Male,72,1,5,136,664.0,Month-to-month,Fiber,UPI,2,5,1
CUST103912,Female,42,0,55,100,5556.12,Month-to-month,Fiber,Cash,3,1,0
CUST103913,Female,24,0,58,124,7112.61,Month-to-month,Fiber,UPI,2,1,0
CUST103914,Male,59,0,28,147,4131.88,Two year,DSL,UPI,3,5,1
CUST103915,Male,34,0,70,90,6246.88,Month-to-month,DSL,Cash,1,5,0
CUST103916,Male,46,0,17,105,1827.49,Month-to-month,DSL,Credit Card,0,1,1
CUST103917,Male,47,0,1,173,211.2,One year,Fiber,Bank Transfer,2,4,0
CUST103918,Female,24,0,7,159,1111.02,Month-to-month,Fiber,Cash,2,2,1
CUST103919,Male,50,0,53,90,4784.64,One year,Fiber,UPI,1,1,1
CUST103920,Female,24,0,37,65,2359.47,Two year,Fiber,Credit Card,4,1,1
CUST103921,Female,75,1,47,66,3144.1,One year,Fiber,UPI,0,4,0
CUST103922,Female,41,0,26,98,2567.94,One year,Fiber,Credit Card,1,3,0
CUST103923,Female,28,0,19,185,3512.51,One year,Fiber,Cash,4,3,0
CUST103924,Male,26,0,11,168,1809.01,One year,Fiber,Bank Transfer,2,2,0
CUST103925,Male,29,0,42,161,6766.74,Month-to-month,DSL,UPI,2,5,0
CUST103926,Female,52,0,60,149,8921.28,Month-to-month,DSL,Credit Card,2,1,1
CUST103927,Female,21,0,30,146,4419.61,Month-to-month,DSL,Credit Card,0,4,0
CUST103928,Male,53,0,60,128,7762.12,One year,Fiber,Bank Transfer,1,5,0
CUST103929,Male,45,0,66,138,9141.1,One year,Fiber,UPI,1,5,0
CUST103930,Female,74,1,34,120,4062.31,Month-to-month,DSL,Cash,3,3,0
CUST103931,Female,30,0,14,180,2592.71,Month-to-month,Fiber,Cash,2,1,0
CUST103932,Female,40,0,15,25,354.91,Month-to-month,Fiber,UPI,1,2,0
CUST103933,Male,36,0,12,145,1754.32,Month-to-month,None,Bank Transfer,4,4,0
CUST103934,Male,59,0,34,122,4127.22,Month-to-month,Fiber,Bank Transfer,3,1,0
CUST103935,Female,54,0,58,56,3249.12,One year,None,Bank Transfer,1,5,0
CUST103936,Female,56,0,20,161,3133.35,One year,DSL,Credit Card,4,5,0
CUST103937,Female,41,0,53,56,2907.94,Month-to-month,None,Credit Card,4,2,0
CUST103938,Female,33,0,29,27,779.87,One year,DSL,Bank Transfer,1,3,0
CUST103939,Female,50,0,47,96,4526.64,Month-to-month,Fiber,UPI,2,2,1
CUST103940,Female,29,0,34,160,5433.1,Two year,DSL,Cash,2,2,0
CUST103941,Male,51,0,37,59,2226.4,Month-to-month,Fiber,Credit Card,3,1,0
CUST103942,Male,24,0,30,126,3673.8,Two year,None,Bank Transfer,1,3,0
CUST103943,Male,28,0,23,111,2576.75,Month-to-month,Fiber,Credit Card,2,5,0
CUST103944,Male,48,0,48,37,1842.3,Month-to-month,Fiber,Credit Card,2,3,1
CUST103945,Male,46,0,31,76,2394.82,One year,Fiber,Bank Transfer,3,1,1
CUST103946,Female,30,0,54,102,5541.15,Month-to-month,DSL,UPI,1,1,1
CUST103947,Male,48,0,57,185,10594.75,One year,Fiber,Cash,0,2,0
CUST103948,Female,19,0,2,51,41.54,Month-to-month,DSL,UPI,1,1,0
CUST103949,Male,56,0,68,44,2931.31,Month-to-month,Fiber,Credit Card,1,3,0
CUST103950,Female,32,0,9,52,452.31,One year,Fiber,UPI,1,2,0
CUST103951,Female,74,1,24,107,2562.84,Month-to-month,None,UPI,2,2,0
CUST103952,Female,28,0,67,177,11868.26,Month-to-month,Fiber,Cash,1,2,1
CUST103953,Female,51,0,60,123,7319.74,Two year,Fiber,Bank Transfer,1,3,1
CUST103954,Male,56,0,28,53,1470.92,Two year,Fiber,Bank Transfer,7,2,0
CUST103955,Male,21,0,18,121,2226.14,One year,Fiber,Bank Transfer,0,4,1
CUST103956,Male,28,0,42,146,6114.16,Two year,DSL,UPI,1,4,0
CUST103957,Female,46,0,65,88,5640.11,Two year,Fiber,UPI,5,3,0
CUST103958,Female,19,0,60,195,11621.16,One year,DSL,Cash,4,5,0
CUST103959,Male,33,0,42,59,2527.7,Two year,Fiber,Bank Transfer,3,5,0
CUST103960,Female,56,0,24,198,4825.88,Month-to-month,Fiber,Cash,1,2,0
CUST103961,Male,30,0,19,99,1842.25,One year,None,Cash,1,3,0
CUST103962,Female,54,0,47,160,7562.88,Month-to-month,Fiber,UPI,3,2,0
CUST103963,Female,34,0,23,50,1181.5,One year,DSL,Bank Transfer,4,2,0
CUST103964,Female,38,0,10,135,1278.71,Two year,DSL,Credit Card,0,4,0
CUST103965,Female,61,1,54,186,10069.07,Month-to-month,DSL,Credit Card,1,1,1
CUST103966,Male,36,0,27,82,2248.71,One year,None,UPI,2,3,0
CUST103967,Female,24,0,68,67,4541.54,Two year,DSL,UPI,2,1,0
CUST103968,Male,55,0,62,106,6551.76,Two year,None,UPI,2,4,0
CUST103969,Female,25,0,58,67,3897.48,Month-to-month,None,UPI,1,1,0
CUST103970,Male,30,0,4,80,280.95,Two year,Fiber,Credit Card,1,4,0
CUST103971,Male,54,0,50,159,8008.48,Month-to-month,DSL,Bank Transfer,1,5,0
CUST103972,Male,19,0,20,97,1939.26,One year,DSL,Cash,3,4,0
CUST103973,Female,58,0,11,37,385.34,Month-to-month,Fiber,Credit Card,6,3,0
CUST103974,Male,28,0,49,174,8518.74,Month-to-month,Fiber,Bank Transfer,4,5,0
CUST103975,Male,41,0,3,47,190.98,Month-to-month,None,UPI,3,2,0
CUST103976,Female,23,0,41,99,4051.69,Month-to-month,DSL,Cash,1,3,0
CUST103977,Male,43,0,37,199,7340.44,One year,Fiber,Bank Transfer,6,3,0
CUST103978,Female,24,0,24,35,760.65,Month-to-month,Fiber,Bank Transfer,2,3,1
CUST103979,Male,74,1,13,96,1256.57,Two year,DSL,Cash,2,1,0
CUST103980,Male,56,0,31,156,4821.79,Two year,Fiber,Bank Transfer,0,1,0
CUST103981,Male,36,0,10,45,390.24,One year,Fiber,Bank Transfer,4,2,1
CUST103982,Female,23,0,60,47,2841.67,Month-to-month,DSL,Cash,3,1,0
CUST103983,Male,60,1,17,124,2053.48,One year,DSL,Cash,1,3,0
CUST103984,Male,46,0,26,96,2463.82,Month-to-month,Fiber,Credit Card,5,4,0
CUST103985,Female,60,1,54,183,9905.42,Month-to-month,Fiber,UPI,2,2,0
CUST103986,Female,56,0,53,28,1507.14,Two year,DSL,UPI,1,2,0
CUST103987,Female,19,0,20,194,3883.94,Month-to-month,DSL,Bank Transfer,1,3,1
CUST103988,Female,36,0,43,70,2996.45,Two year,None,UPI,0,5,1
CUST103989,Female,21,0,4,95,356.14,Month-to-month,Fiber,Credit Card,3,1,1
CUST103990,Female,75,1,40,141,5596.25,Month-to-month,Fiber,Bank Transfer,3,5,0
CUST103991,Female,23,0,58,51,2943.67,Month-to-month,DSL,UPI,2,3,0
CUST103992,Male,66,1,53,76,4081.0,One year,DSL,UPI,3,5,0
CUST103993,Male,74,1,21,73,1477.68,Month-to-month,Fiber,Bank Transfer,1,3,1
CUST103994,Male,54,0,64,135,8510.87,Month-to-month,DSL,Cash,1,1,0
CUST103995,Female,45,0,63,163,10231.76,One year,Fiber,Credit Card,0,1,0
CUST103996,Male,47,0,70,81,5746.29,Two year,DSL,Bank Transfer,2,2,0
CUST103997,Female,24,0,3,103,289.0,One year,DSL,Bank Transfer,3,5,0
CUST103998,Male,26,0,64,75,4800.7,Month-to-month,Fiber,UPI,2,5,1
CUST103999,Male,42,0,14,42,591.9,Month-to-month,Fiber,Cash,2,5,1
CUST104000,Female,50,0,21,36,721.8,One year,None,UPI,0,5,0
CUST104001,Male,18,0,46,185,8577.51,One year,None,Bank Transfer,1,4,0
CUST104002,Female,68,1,45,177,7953.13,Two year,Fiber,Bank Transfer,1,2,0
CUST104003,Male,23,0,13,97,1314.74,Month-to-month,Fiber,UPI,1,2,0
CUST104004,Female,35,0,49,41,2011.56,Month-to-month,DSL,Cash,0,4,0
CUST104005,Female,27,0,19,127,2417.58,Month-to-month,Fiber,Bank Transfer,1,5,0
CUST104006,Female,45,0,49,36,1712.35,One year,DSL,Credit Card,2,4,0
CUST104007,Female,28,0,32,34,1139.05,Month-to-month,Fiber,Cash,2,5,0
CUST104008,Male,50,0,58,133,7704.82,Two year,Fiber,Bank Transfer,3,4,0
CUST104009,Female,18,0,42,67,2820.89,Month-to-month,Fiber,Cash,2,2,0
CUST104010,Male,30,0,11,179,2053.95,Month-to-month,Fiber,Cash,7,4,1
CUST104011,Male,54,0,39,132,5161.72,Month-to-month,DSL,Credit Card,1,3,1
CUST104012,Male,37,0,19,187,3561.91,Month-to-month,Fiber,Bank Transfer,2,5,0
CUST104013,Female,18,0,37,116,4341.08,One year,Fiber,Cash,1,4,0
CUST104014,Female,69,1,2,110,253.28,One year,Fiber,Bank Transfer,2,5,0
CUST104015,Female,20,0,27,35,921.94,Month-to-month,Fiber,Bank Transfer,3,1,0
CUST104016,Female,35,0,55,175,9596.22,Month-to-month,DSL,Cash,2,5,1
CUST104017,Male,58,0,12,117,1426.27,One year,None,UPI,3,4,0
CUST104018,Female,31,0,65,130,8422.43,Two year,Fiber,Cash,2,5,0
CUST104019,Female,48,0,36,20,722.25,Month-to-month,Fiber,UPI,3,3,0
CUST104020,Male,44,0,48,60,2817.29,One year,Fiber,UPI,3,3,0
CUST104021,Male,34,0,65,67,4439.24,Month-to-month,DSL,UPI,4,4,0
CUST104022,Female,72,1,35,178,6198.44,One year,None,UPI,2,4,0
CUST104023,Male,63,1,53,183,9728.86,One year,None,Cash,3,5,0
CUST104024,Female,46,0,25,127,3206.56,Month-to-month,Fiber,UPI,1,2,0
CUST104025,Female,53,0,71,180,12867.13,One year,Fiber,Bank Transfer,1,3,0
CUST104026,Male,54,0,39,180,7035.94,Month-to-month,None,Cash,3,3,1
CUST104027,Female,43,0,42,122,5104.27,Month-to-month,DSL,Credit Card,2,1,0
CUST104028,Male,70,1,21,147,3085.07,Month-to-month,None,UPI,2,1,0
CUST104029,Male,34,0,19,170,3186.59,Month-to-month,Fiber,Cash,2,2,0
CUST104030,Male,39,0,7,49,409.13,One year,Fiber,UPI,1,3,0
CUST104031,Female,42,0,28,64,1776.14,Month-to-month,Fiber,Bank Transfer,2,4,0
CUST104032,Female,19,0,39,99,3948.9,One year,Fiber,UPI,0,3,0
CUST104033,Female,72,1,29,58,1649.23,Month-to-month,Fiber,Cash,2,4,0
CUST104034,Male,39,0,54,64,3584.73,Month-to-month,Fiber,Bank Transfer,1,4,1
CUST104035,Female,22,0,15,97,1420.88,Month-to-month,Fiber,UPI,3,2,0
CUST104036,Female,21,0,45,100,4463.27,Month-to-month,Fiber,Credit Card,4,3,0
CUST104037,Male,53,0,61,159,9667.03,Two year,Fiber,UPI,3,5,0
CUST104038,Male,23,0,6,112,638.6,One year,Fiber,UPI,5,3,0
CUST104039,Male,69,1,44,51,2262.56,Month-to-month,DSL,Bank Transfer,0,3,1
CUST104040,Female,38,0,58,43,2452.84,Two year,DSL,UPI,1,1,0
CUST104041,Male,30,0,55,135,7367.55,Month-to-month,DSL,Cash,4,2,0
CUST104042,Male,71,1,47,32,1458.65,Month-to-month,Fiber,Cash,1,5,1
CUST104043,Male,54,0,26,167,4443.28,Month-to-month,Fiber,Bank Transfer,4,5,0
CUST104044,Female,72,1,52,98,5039.52,Two year,Fiber,Cash,1,5,0
CUST104045,Female,42,0,72,75,5409.38,One year,DSL,Credit Card,4,4,0
CUST104046,Male,43,0,34,72,2402.14,One year,DSL,UPI,2,2,0
CUST104047,Male,72,1,50,87,4373.02,One year,Fiber,Bank Transfer,2,1,1
CUST104048,Female,56,0,36,53,1915.93,One year,Fiber,Cash,0,4,0
CUST104049,Female,37,0,56,47,2715.16,One year,Fiber,Credit Card,2,5,0
CUST104050,Female,50,0,7,69,460.94,Month-to-month,DSL,Credit Card,3,4,0
CUST104051,Male,31,0,19,149,2852.31,Month-to-month,Fiber,Bank Transfer,3,4,0
CUST104052,Female,73,1,52,130,6812.25,Month-to-month,Fiber,Bank Transfer,2,5,1
CUST104053,Male,53,0,11,113,1224.55,Two year,Fiber,Cash,2,5,0
CUST104054,Female,34,0,48,173,8314.56,One year,DSL,UPI,2,1,0
CUST104055,Female,38,0,16,198,3092.77,One year,DSL,Credit Card,1,2,0
CUST104056,Male,63,1,63,66,4180.29,Month-to-month,None,Credit Card,3,3,0
CUST104057,Female,33,0,41,45,1854.1,Month-to-month,Fiber,Bank Transfer,0,3,0
CUST104058,Male,63,1,28,103,2846.02,Two year,DSL,Credit Card,4,3,0
CUST104059,Female,33,0,18,125,2188.24,Month-to-month,None,Bank Transfer,2,1,0
CUST104060,Male,73,1,10,111,1096.25,One year,DSL,UPI,0,4,0
CUST104061,Female,37,0,49,139,6751.52,Month-to-month,Fiber,Bank Transfer,1,5,0
CUST104062,Male,46,0,70,94,6584.93,One year,DSL,UPI,2,2,0
CUST104063,Male,45,0,57,141,8067.99,One year,DSL,Cash,3,3,0
CUST104064,Male,25,0,33,170,5522.29,One year,Fiber,Bank Transfer,2,2,0
CUST104065,Male,41,0,19,184,3453.99,Month-to-month,DSL,Cash,2,2,0
CUST104066,Male,20,0,49,60,3020.37,One year,DSL,UPI,2,5,0
CUST104067,Male,42,0,9,71,669.52,Month-to-month,None,Credit Card,2,1,0
CUST104068,Female,36,0,31,101,3060.11,Two year,DSL,Cash,2,5,0
CUST104069,Female,50,0,51,196,9971.44,Month-to-month,Fiber,Bank Transfer,2,1,0
CUST104070,Male,19,0,14,174,2345.54,Month-to-month,DSL,Bank Transfer,1,4,0
CUST104071,Male,32,0,2,153,363.19,One year,None,Cash,1,2,0
CUST104072,Female,39,0,36,93,3347.22,Month-to-month,None,Cash,1,3,0
CUST104073,Male,27,0,39,85,3321.55,Two year,DSL,Cash,0,2,0
CUST104074,Female,35,0,71,43,3112.64,Month-to-month,Fiber,Bank Transfer,2,5,0
CUST104075,Female,39,0,39,185,7203.49,Month-to-month,Fiber,Cash,1,1,0
CUST104076,Male,63,1,55,47,2598.7,Two year,DSL,Cash,2,4,0
CUST104077,Male,66,1,22,175,3904.44,Two year,Fiber,UPI,1,4,0
CUST104078,Male,44,0,10,136,1319.12,Month-to-month,None,Cash,2,1,0
CUST104079,Male,30,0,63,133,8316.65,Month-to-month,DSL,Cash,2,1,0
CUST104080,Female,50,0,7,80,649.69,Month-to-month,Fiber,Bank Transfer,1,1,0
CUST104081,Female,22,0,55,193,10578.03,Month-to-month,DSL,Bank Transfer,1,4,0
CUST104082,Male,43,0,59,88,5073.94,Month-to-month,Fiber,Credit Card,0,2,1
CUST104083,Male,30,0,9,133,1160.94,Month-to-month,DSL,Bank Transfer,4,2,1
CUST104084,Female,44,0,38,94,3538.19,Two year,Fiber,Bank Transfer,4,4,0
CUST104085,Male,74,1,27,190,5230.98,Month-to-month,DSL,Bank Transfer,2,3,1
CUST104086,Female,31,0,48,78,3771.51,One year,DSL,Bank Transfer,2,5,0
CUST104087,Male,41,0,35,149,5204.38,One year,Fiber,Cash,2,4,0
CUST104088,Female,20,0,12,34,373.51,One year,DSL,Credit Card,3,3,0
CUST104089,Female,64,1,35,124,4374.15,Month-to-month,Fiber,Bank Transfer,1,5,0
CUST104090,Female,68,1,25,184,4652.59,One year,DSL,Cash,3,2,0
CUST104091,Female,66,1,3,167,525.86,Two year,DSL,Bank Transfer,3,1,0
CUST104092,Male,47,0,63,117,7417.05,One year,Fiber,Credit Card,0,5,0
CUST104093,Male,52,0,37,54,2075.51,Month-to-month,DSL,UPI,4,1,0
CUST104094,Female,65,1,21,181,3805.69,Month-to-month,Fiber,UPI,1,3,0
CUST104095,Female,31,0,1,50,24.63,Two year,Fiber,Credit Card,3,4,0
CUST104096,Female,29,0,30,146,4358.52,One year,Fiber,Cash,2,4,0
CUST104097,Male,45,0,10,38,442.65,Two year,DSL,Cash,3,1,0
CUST104098,Male,61,1,45,43,1971.48,Month-to-month,Fiber,Credit Card,1,5,1
CUST104099,Male,46,0,61,103,6290.44,Month-to-month,Fiber,UPI,0,5,0
CUST104100,Male,60,1,68,186,12620.94,Month-to-month,DSL,Bank Transfer,2,3,0
CUST104101,Male,34,0,63,111,6952.58,Month-to-month,Fiber,UPI,0,4,0
CUST104102,Female,57,0,9,186,1674.03,Month-to-month,Fiber,Bank Transfer,0,1,1
CUST104103,Male,66,1,39,164,6346.07,Two year,DSL,Credit Card,2,2,0
CUST104104,Male,38,0,23,166,3806.62,One year,None,Credit Card,2,4,0
CUST104105,Male,74,1,43,137,5950.66,Month-to-month,Fiber,Credit Card,3,4,0
CUST104106,Male,40,0,59,195,11498.46,One year,DSL,UPI,2,3,0
CUST104107,Female,37,0,61,182,11090.1,One year,DSL,Credit Card,2,4,1
CUST104108,Female,28,0,16,179,2871.13,One year,Fiber,UPI,3,3,0
CUST104109,Female,74,1,64,194,12464.31,One year,DSL,Cash,1,3,0
CUST104110,Male,74,1,56,66,3786.16,One year,DSL,Bank Transfer,2,2,0
CUST104111,Female,51,0,54,193,10364.14,Month-to-month,DSL,Bank Transfer,2,5,1
CUST104112,Female,27,0,52,122,6404.15,One year,DSL,Bank Transfer,3,4,0
CUST104113,Male,27,0,55,140,7740.07,One year,Fiber,Credit Card,2,3,0
CUST104114,Female,60,1,8,182,1394.29,Month-to-month,DSL,Bank Transfer,3,3,1
CUST104115,Male,23,0,21,113,2324.15,Month-to-month,DSL,Credit Card,3,5,0
CUST104116,Female,53,0,12,164,2015.84,Month-to-month,DSL,UPI,2,5,0
CUST104117,Male,41,0,47,61,2894.7,Month-to-month,Fiber,Credit Card,0,3,0
CUST104118,Female,29,0,17,130,2123.31,Two year,Fiber,Bank Transfer,3,4,0
CUST104119,Female,60,1,39,48,1830.45,Month-to-month,Fiber,Credit Card,3,4,0
CUST104120,Male,72,1,16,143,2314.66,Month-to-month,None,Credit Card,3,4,0
CUST104121,Female,40,0,14,36,550.43,Month-to-month,DSL,UPI,2,5,0
CUST104122,Male,44,0,14,33,481.93,Month-to-month,DSL,Credit Card,2,4,0
CUST104123,Female,75,1,62,171,10496.9,One year,Fiber,Bank Transfer,2,4,1
CUST104124,Male,74,1,38,69,2585.97,One year,DSL,Credit Card,3,4,0
CUST104125,Female,62,1,12,76,863.08,Month-to-month,DSL,Cash,2,5,1
CUST104126,Female,54,0,31,123,3847.61,Two year,DSL,Credit Card,1,1,0
CUST104127,Female,23,0,8,58,440.68,Month-to-month,Fiber,Cash,3,1,0
CUST104128,Male,18,0,39,115,4511.71,One year,Fiber,Bank Transfer,2,4,0
CUST104129,Male,23,0,19,55,1053.58,Two year,None,Cash,2,1,0
CUST104130,Male,67,1,72,133,9517.55,Month-to-month,Fiber,Cash,2,4,0
CUST104131,Female,39,0,62,56,3516.13,Two year,Fiber,Cash,3,5,0
CUST104132,Male,58,0,43,33,1477.23,Two year,Fiber,Cash,0,4,0
CUST104133,Male,41,0,37,174,6484.69,Two year,DSL,Cash,0,2,0
CUST104134,Female,42,0,59,142,8388.83,Month-to-month,DSL,Credit Card,1,3,0
CUST104135,Male,32,0,70,102,7135.32,Month-to-month,Fiber,UPI,1,5,0
CUST104136,Male,43,0,47,178,8335.44,Two year,DSL,Cash,1,2,0
CUST104137,Male,25,0,17,92,1627.3,Two year,DSL,Bank Transfer,7,2,0
CUST104138,Female,68,1,15,121,1895.92,Two year,DSL,Bank Transfer,1,3,0
CUST104139,Male,41,0,54,100,5367.06,Two year,DSL,Credit Card,1,2,0
CUST104140,Male,65,1,38,102,3821.57,One year,DSL,UPI,2,3,0
CUST104141,Male,55,0,67,63,4168.87,Month-to-month,Fiber,UPI,2,4,0
CUST104142,Female,23,0,58,87,4997.86,Month-to-month,DSL,Cash,0,5,0
CUST104143,Male,71,1,61,67,4103.46,Month-to-month,DSL,Bank Transfer,5,5,0
CUST104144,Female,52,0,12,76,846.15,Month-to-month,Fiber,Bank Transfer,1,5,0
CUST104145,Male,59,0,5,94,441.99,Month-to-month,Fiber,Credit Card,1,3,0
CUST104146,Female,18,0,59,41,2392.4,Month-to-month,Fiber,Cash,5,3,0
CUST104147,Male,63,1,13,151,1971.68,Month-to-month,Fiber,Bank Transfer,2,2,0
CUST104148,Male,53,0,53,65,3434.74,Two year,DSL,Cash,2,5,1
CUST104149,Female,75,1,3,181,565.39,Month-to-month,Fiber,UPI,1,2,1
CUST104150,Female,29,0,38,30,1134.22,Month-to-month,Fiber,Cash,2,4,0
CUST104151,Male,55,0,71,50,3560.03,One year,Fiber,Cash,1,2,0
CUST104152,Male,28,0,24,158,3888.62,Two year,Fiber,Credit Card,4,5,0
CUST104153,Male,29,0,31,139,4315.83,Month-to-month,Fiber,Credit Card,2,3,0
CUST104154,Male,59,0,58,75,4363.43,Month-to-month,Fiber,UPI,0,2,0
CUST104155,Male,67,1,62,57,3655.09,Month-to-month,Fiber,UPI,2,2,1
CUST104156,Male,56,0,37,40,1472.49,Month-to-month,Fiber,Cash,2,3,0
CUST104157,Female,24,0,52,129,6781.41,Month-to-month,Fiber,Bank Transfer,2,3,1
CUST104158,Female,28,0,66,113,7519.47,One year,Fiber,Cash,2,5,0
CUST104159,Female,53,0,27,157,4192.09,Two year,DSL,UPI,0,4,0
CUST104160,Female,69,1,2,173,353.42,One year,Fiber,Credit Card,2,5,0
CUST104161,Male,48,0,21,155,3287.0,Month-to-month,None,Credit Card,2,2,0
CUST104162,Female,50,0,37,27,1046.06,Month-to-month,DSL,UPI,1,5,0
CUST104163,Female,30,0,71,91,6421.55,Month-to-month,Fiber,Cash,0,5,0
CUST104164,Female,35,0,71,138,9758.4,Month-to-month,Fiber,Bank Transfer,1,3,0
CUST104165,Female,58,0,61,53,3277.49,One year,Fiber,Credit Card,0,4,0
CUST104166,Male,75,1,56,163,9077.44,Two year,Fiber,Cash,3,4,0
CUST104167,Female,73,1,5,124,603.75,Month-to-month,Fiber,Bank Transfer,3,5,1
CUST104168,Female,41,0,31,160,4888.71,Two year,Fiber,UPI,3,3,1
CUST104169,Male,26,0,9,106,912.46,Two year,DSL,Cash,1,3,0
CUST104170,Male,48,0,2,169,325.79,Month-to-month,DSL,Bank Transfer,0,2,1
CUST104171,Female,72,1,58,174,10084.99,Month-to-month,Fiber,Cash,3,1,0
CUST104172,Female,58,0,48,83,3991.14,Month-to-month,Fiber,Credit Card,2,2,0
CUST104173,Female,27,0,58,21,1211.42,One year,Fiber,UPI,0,2,0
CUST104174,Male,19,0,30,128,3885.39,Month-to-month,DSL,Credit Card,4,2,0
CUST104175,Female,55,0,68,45,3122.28,Month-to-month,DSL,Credit Card,3,1,0
CUST104176,Male,32,0,61,102,6187.11,Two year,Fiber,Cash,1,3,0
CUST104177,Male,20,0,51,126,6342.3,Month-to-month,Fiber,UPI,1,3,0
CUST104178,Female,60,1,40,88,3540.95,Month-to-month,Fiber,Cash,2,4,0
CUST104179,Female,48,0,30,116,3531.07,One year,Fiber,Bank Transfer,1,4,0
CUST104180,Male,23,0,21,49,990.19,Two year,DSL,UPI,1,5,0
CUST104181,Male,20,0,3,27,65.67,Month-to-month,DSL,Credit Card,2,5,0
CUST104182,Male,73,1,12,57,732.49,Month-to-month,Fiber,Credit Card,2,5,0
CUST104183,Male,28,0,44,100,4455.43,One year,DSL,Credit Card,4,4,0
CUST104184,Male,32,0,41,127,5230.48,One year,DSL,Cash,0,4,0
CUST104185,Male,62,1,48,84,4033.88,Two year,DSL,Cash,3,2,0
CUST104186,Female,69,1,19,86,1609.76,Month-to-month,DSL,Cash,2,3,0
CUST104187,Female,45,0,53,193,10240.12,One year,DSL,UPI,1,4,0
CUST104188,Female,27,0,35,109,3819.33,Month-to-month,Fiber,UPI,1,1,0
CUST104189,Female,55,0,0,114,33.18,Two year,None,UPI,5,2,0
CUST104190,Male,64,1,14,91,1294.18,Month-to-month,DSL,UPI,2,1,0
CUST104191,Male,74,1,16,62,922.9,Month-to-month,Fiber,Bank Transfer,4,1,0
CUST104192,Female,67,1,23,65,1487.88,Month-to-month,DSL,Credit Card,2,3,0
CUST104193,Female,67,1,57,144,8273.31,Month-to-month,DSL,Cash,4,1,1
CUST104194,Female,24,0,71,182,12802.0,Month-to-month,Fiber,Cash,2,1,0
CUST104195,Female,32,0,22,58,1208.71,Month-to-month,None,Bank Transfer,0,1,0
CUST104196,Female,35,0,45,70,3099.8,Month-to-month,None,Credit Card,1,1,0
CUST104197,Male,35,0,71,23,1666.15,Month-to-month,DSL,Credit Card,0,2,0
CUST104198,Male,69,1,7,140,955.05,Two year,DSL,Bank Transfer,1,2,0
CUST104199,Female,58,0,58,99,5747.84,Month-to-month,None,UPI,1,3,0
CUST104200,Female,41,0,58,96,5592.71,One year,DSL,Credit Card,2,3,0
CUST104201,Female,19,0,12,198,2400.39,One year,Fiber,UPI,1,1,0
CUST104202,Female,57,0,38,152,5742.91,Month-to-month,DSL,Bank Transfer,1,5,0
CUST104203,Female,37,0,27,74,1982.22,Month-to-month,Fiber,Cash,1,1,0
CUST104204,Female,51,0,60,39,2330.05,Two year,Fiber,Cash,2,1,0
CUST104205,Female,60,1,15,171,2647.77,Month-to-month,Fiber,Cash,3,3,0
CUST104206,Female,43,0,1,183,172.37,Month-to-month,Fiber,Cash,1,4,1
CUST104207,Male,24,0,16,53,878.84,Month-to-month,DSL,Credit Card,0,3,0
CUST104208,Female,55,0,29,141,4124.79,Month-to-month,DSL,UPI,3,2,0
CUST104209,Female,47,0,12,128,1590.77,Month-to-month,Fiber,Cash,3,3,0
CUST104210,Female,59,0,12,145,1784.11,Two year,DSL,Cash,5,4,0
CUST104211,Male,22,0,42,73,3068.82,Two year,DSL,Cash,2,1,0
CUST104212,Female,28,0,20,181,3644.7,Two year,DSL,Bank Transfer,2,4,0
CUST104213,Male,18,0,54,164,8980.55,Month-to-month,DSL,Credit Card,4,3,0
CUST104214,Female,51,0,39,152,5891.08,Two year,None,Bank Transfer,1,5,0
CUST104215,Male,73,1,14,108,1486.76,One year,Fiber,UPI,2,2,0
CUST104216,Male,18,0,72,165,11822.5,Two year,Fiber,Cash,2,4,0
CUST104217,Female,36,0,51,72,3681.34,Month-to-month,Fiber,Credit Card,1,3,0
CUST104218,Female,19,0,52,69,3564.84,Month-to-month,Fiber,Credit Card,0,1,0
CUST104219,Female,38,0,51,91,4587.99,Two year,Fiber,Credit Card,3,3,0
CUST104220,Male,37,0,29,192,5568.38,Month-to-month,DSL,Bank Transfer,5,1,1
CUST104221,Male,40,0,32,160,5051.62,Two year,DSL,Bank Transfer,2,5,0
CUST104222,Female,38,0,56,35,2022.88,Month-to-month,DSL,Bank Transfer,2,2,0
CUST104223,Male,41,0,51,32,1684.03,Two year,Fiber,Bank Transfer,2,4,1
CUST104224,Female,21,0,8,39,400.29,Month-to-month,Fiber,UPI,3,3,1
CUST104225,Male,29,0,53,85,4637.75,Month-to-month,Fiber,Cash,4,3,0
CUST104226,Female,39,0,0,66,-81.43,One year,DSL,Cash,0,4,0
CUST104227,Female,37,0,43,166,7129.95,One year,Fiber,Bank Transfer,1,1,0
CUST104228,Male,35,0,8,192,1600.62,One year,Fiber,Bank Transfer,0,2,0
CUST104229,Male,18,0,31,184,5767.47,Month-to-month,DSL,Bank Transfer,3,5,0
CUST104230,Male,47,0,14,141,2016.99,Month-to-month,DSL,UPI,0,4,0
CUST104231,Male,50,0,11,73,750.65,Month-to-month,Fiber,UPI,2,2,0
CUST104232,Male,41,0,56,25,1414.01,Month-to-month,Fiber,Credit Card,6,3,0
CUST104233,Female,31,0,7,33,283.97,One year,DSL,Cash,2,2,0
CUST104234,Female,53,0,71,151,10703.77,Month-to-month,DSL,Bank Transfer,2,5,1
CUST104235,Male,22,0,26,105,2691.86,Month-to-month,DSL,Credit Card,0,2,0
CUST104236,Male,28,0,61,181,11027.23,Two year,Fiber,Cash,1,3,0
CUST104237,Male,41,0,11,46,477.68,Month-to-month,Fiber,Credit Card,0,5,0
CUST104238,Female,48,0,64,26,1677.61,One year,Fiber,UPI,3,5,0
CUST104239,Female,72,1,41,150,6078.22,Month-to-month,None,UPI,1,5,0
CUST104240,Female,30,0,61,194,11916.08,Month-to-month,Fiber,Credit Card,3,3,0
CUST104241,Female,33,0,10,21,181.82,One year,Fiber,Credit Card,2,1,0
CUST104242,Female,41,0,42,99,4107.33,Month-to-month,DSL,Cash,0,3,0
CUST104243,Female,30,0,16,172,2731.9,Month-to-month,Fiber,Bank Transfer,3,1,0
CUST104244,Female,41,0,31,79,2462.5,Two year,Fiber,Cash,2,1,0
CUST104245,Male,71,1,39,43,1599.17,Two year,Fiber,Cash,4,3,0
CUST104246,Female,43,0,22,34,719.35,Two year,Fiber,UPI,1,2,1
CUST104247,Female,19,0,55,114,6266.86,One year,DSL,UPI,0,3,0
CUST104248,Female,33,0,5,161,771.3,Month-to-month,Fiber,Credit Card,3,5,1
CUST104249,Female,55,0,49,153,7448.91,Month-to-month,Fiber,UPI,1,2,0
CUST104250,Male,63,1,36,100,3647.37,One year,DSL,Cash,1,4,1
CUST104251,Male,18,0,63,37,2377.33,Month-to-month,Fiber,Credit Card,1,4,0
CUST104252,Male,66,1,53,39,2112.55,Month-to-month,DSL,Credit Card,1,4,0
CUST104253,Male,28,0,71,134,9542.32,Month-to-month,DSL,UPI,2,5,0
CUST104254,Female,68,1,48,59,2772.55,Month-to-month,Fiber,Bank Transfer,2,5,0
CUST104255,Male,52,0,10,58,578.82,Month-to-month,Fiber,UPI,1,1,0
CUST104256,Female,60,1,48,199,9619.74,Month-to-month,DSL,Credit Card,1,5,0
CUST104257,Male,46,0,20,51,959.42,One year,None,Credit Card,1,1,0
CUST104258,Male,54,0,65,143,9245.71,Month-to-month,DSL,Bank Transfer,2,4,0
CUST104259,Male,34,0,62,127,7887.49,One year,DSL,Cash,2,3,0
CUST104260,Female,75,1,27,46,1280.02,One year,DSL,Credit Card,2,3,1
CUST104261,Male,71,1,16,129,2098.06,Month-to-month,DSL,Bank Transfer,3,5,0
CUST104262,Male,56,0,5,199,1011.08,Month-to-month,DSL,Cash,7,4,1
CUST104263,Male,59,0,18,116,2037.85,Month-to-month,Fiber,UPI,2,4,0
CUST104264,Female,45,0,55,93,5139.52,Month-to-month,None,Bank Transfer,4,1,0
CUST104265,Female,46,0,27,36,941.03,One year,Fiber,Cash,3,1,0
CUST104266,Female,60,1,65,68,4437.04,Month-to-month,Fiber,Credit Card,4,4,0
CUST104267,Female,20,0,37,100,3693.9,Month-to-month,Fiber,Credit Card,2,5,0
CUST104268,Female,69,1,36,135,4844.26,Month-to-month,Fiber,Bank Transfer,2,5,1
CUST104269,Male,27,0,67,42,2930.52,One year,Fiber,UPI,5,4,0
CUST104270,Female,59,0,48,117,5556.76,Month-to-month,Fiber,Bank Transfer,1,3,0
CUST104271,Male,31,0,42,91,3785.13,One year,None,Credit Card,3,3,0
CUST104272,Female,29,0,35,160,5653.43,One year,DSL,Cash,5,1,0
CUST104273,Male,64,1,57,170,9777.1,Month-to-month,DSL,UPI,3,4,0
CUST104274,Female,59,0,12,76,945.46,Month-to-month,DSL,Cash,1,3,1
CUST104275,Male,47,0,51,167,8505.62,Month-to-month,Fiber,Bank Transfer,3,5,0
CUST104276,Female,49,0,57,105,5945.48,Month-to-month,Fiber,Bank Transfer,0,2,0
CUST104277,Female,49,0,31,199,6212.12,Month-to-month,Fiber,Cash,3,2,0
CUST104278,Female,59,0,59,42,2477.6,Month-to-month,DSL,Cash,1,4,0
CUST104279,Male,49,0,57,124,7041.9,Month-to-month,Fiber,Cash,1,1,1
CUST104280,Female,43,0,55,182,10063.5,One year,Fiber,Bank Transfer,1,2,0
CUST104281,Male,68,1,27,86,2314.5,Two year,Fiber,Cash,4,5,1
CUST104282,Male,18,0,0,53,-65.66,One year,Fiber,Credit Card,2,5,0
CUST104283,Female,73,1,41,52,2137.96,Month-to-month,DSL,Cash,1,5,0
CUST104284,Male,75,1,47,65,3037.69,Two year,DSL,Credit Card,2,2,0
CUST104285,Female,59,0,39,100,3850.16,Month-to-month,DSL,Credit Card,0,3,1
CUST104286,Male,19,0,62,192,11919.34,Month-to-month,DSL,Cash,4,5,1
CUST104287,Female,34,0,71,166,11808.61,Month-to-month,DSL,UPI,3,1,0
CUST104288,Male,47,0,3,106,192.01,Month-to-month,DSL,UPI,3,4,1
CUST104289,Male,73,1,37,34,1312.57,Month-to-month,Fiber,UPI,5,4,1
CUST104290,Female,56,0,26,142,3742.24,One year,DSL,Credit Card,3,4,0
CUST104291,Female,24,0,8,140,1114.23,Month-to-month,Fiber,UPI,1,3,1
CUST104292,Male,69,1,15,97,1415.49,Month-to-month,DSL,UPI,3,4,0
CUST104293,Male,44,0,55,85,4702.06,Month-to-month,DSL,Cash,1,4,0
CUST104294,Female,26,0,30,58,1740.13,Two year,DSL,Bank Transfer,4,2,1
CUST104295,Male,39,0,13,37,454.4,Two year,None,Credit Card,3,3,0
CUST104296,Male,51,0,24,179,4270.5,One year,Fiber,Bank Transfer,0,3,0
CUST104297,Male,63,1,33,40,1328.88,Month-to-month,Fiber,Credit Card,5,2,0
CUST104298,Male,66,1,66,187,12408.39,One year,DSL,Credit Card,3,1,0
CUST104299,Male,18,0,23,46,992.22,Month-to-month,Fiber,UPI,3,4,0
CUST104300,Female,26,0,72,21,1527.53,Two year,Fiber,Cash,7,1,0
CUST104301,Male,37,0,25,116,2855.63,Two year,DSL,Bank Transfer,1,2,0
CUST104302,Female,70,1,19,58,1117.9,Month-to-month,Fiber,Bank Transfer,2,2,0
CUST104303,Male,36,0,63,75,4753.8,One year,DSL,UPI,2,2,1
CUST104304,Female,53,0,9,126,1072.28,Month-to-month,DSL,Bank Transfer,4,2,1
CUST104305,Female,57,0,66,146,9664.61,Month-to-month,Fiber,Bank Transfer,2,5,0
CUST104306,Female,62,1,23,32,748.92,One year,None,Credit Card,1,2,0
CUST104307,Male,21,0,4,145,645.2,Month-to-month,Fiber,Cash,2,1,1
CUST104308,Male,26,0,66,75,4951.1,Two year,DSL,Cash,2,2,1
CUST104309,Female,58,0,57,47,2693.28,Month-to-month,DSL,Bank Transfer,1,1,0
CUST104310,Male,39,0,26,83,2179.38,Two year,None,Bank Transfer,1,2,0
CUST104311,Female,35,0,14,90,1330.94,One year,DSL,Credit Card,2,2,0
CUST104312,Female,29,0,34,188,6301.15,Two year,Fiber,UPI,3,5,1
CUST104313,Male,59,0,52,138,7098.24,Month-to-month,Fiber,Credit Card,1,2,0
CUST104314,Male,60,1,43,119,5111.87,Month-to-month,Fiber,UPI,3,4,1
CUST104315,Male,56,0,25,60,1518.16,Two year,DSL,UPI,3,5,0
CUST104316,Male,26,0,46,23,975.21,One year,DSL,Credit Card,1,5,0
CUST104317,Female,23,0,33,177,5837.86,Month-to-month,Fiber,Cash,3,4,1
CUST104318,Female,36,0,49,107,5205.32,Month-to-month,None,Credit Card,1,5,0
CUST104319,Male,65,1,11,103,1068.33,Two year,DSL,UPI,4,2,0
CUST104320,Female,64,1,3,65,186.33,One year,Fiber,Cash,1,4,0
CUST104321,Male,24,0,47,178,8401.6,One year,Fiber,Cash,1,2,0
CUST104322,Female,33,0,54,107,5870.51,Two year,Fiber,Credit Card,2,5,0
CUST104323,Male,22,0,0,26,105.72,Month-to-month,Fiber,Cash,1,3,0
CUST104324,Male,33,0,65,96,6302.24,Two year,Fiber,Cash,3,4,0
CUST104325,Female,18,0,29,155,4511.17,One year,Fiber,Credit Card,2,1,1
CUST104326,Male,68,1,2,191,376.59,Month-to-month,DSL,Bank Transfer,2,5,1
CUST104327,Female,54,0,20,160,3207.46,Month-to-month,Fiber,Cash,1,3,0
CUST104328,Female,56,0,48,112,5383.41,Month-to-month,Fiber,Credit Card,0,5,0
CUST104329,Female,36,0,61,39,2434.95,One year,Fiber,Credit Card,2,2,0
CUST104330,Male,71,1,37,97,3668.99,One year,DSL,Bank Transfer,1,2,0
CUST104331,Female,54,0,14,179,2447.77,Two year,Fiber,Cash,2,2,0
CUST104332,Female,34,0,51,197,10032.14,Two year,DSL,UPI,4,3,0
CUST104333,Male,43,0,45,46,2117.88,Month-to-month,DSL,UPI,3,2,0
CUST104334,Male,39,0,24,139,3329.66,One year,DSL,Cash,0,5,1
CUST104335,Male,25,0,20,44,859.36,One year,Fiber,Cash,4,5,0
CUST104336,Female,50,0,4,71,341.96,Month-to-month,Fiber,Credit Card,0,5,0
CUST104337,Female,19,0,69,40,2734.57,Month-to-month,Fiber,Credit Card,7,4,0
CUST104338,Female,47,0,46,37,1734.88,Month-to-month,Fiber,UPI,0,5,0
CUST104339,Male,64,1,67,58,3870.11,Month-to-month,Fiber,Cash,2,2,0
CUST104340,Male,37,0,17,34,688.84,Month-to-month,Fiber,Credit Card,4,4,0
CUST104341,Female,35,0,20,72,1502.58,One year,DSL,UPI,2,4,0
CUST104342,Male,60,1,22,57,1237.49,One year,DSL,UPI,3,4,0
CUST104343,Female,74,1,63,195,12298.87,One year,Fiber,Bank Transfer,4,4,0
CUST104344,Male,27,0,66,71,4715.34,One year,DSL,Cash,5,3,0
CUST104345,Male,41,0,39,91,3528.06,Month-to-month,None,Bank Transfer,2,5,0
CUST104346,Male,73,1,9,47,407.23,Month-to-month,DSL,Credit Card,3,3,0
CUST104347,Male,21,0,51,163,8354.95,Month-to-month,Fiber,Credit Card,4,1,0
CUST104348,Female,54,0,71,137,9726.73,Month-to-month,Fiber,UPI,4,3,0
CUST104349,Female,21,0,60,163,9709.74,Two year,DSL,Credit Card,3,4,0
CUST104350,Female,30,0,63,54,3430.23,One year,DSL,Bank Transfer,2,5,0
CUST104351,Female,42,0,4,164,704.21,Month-to-month,DSL,Cash,1,5,0
CUST104352,Female,30,0,52,118,6119.66,Month-to-month,Fiber,UPI,2,2,0
CUST104353,Male,35,0,54,71,3795.35,One year,DSL,UPI,2,3,0
CUST104354,Male,41,0,36,159,5790.42,One year,Fiber,Credit Card,4,5,0
CUST104355,Male,19,0,55,102,5617.71,One year,Fiber,UPI,0,1,0
CUST104356,Male,65,1,58,67,3882.01,Month-to-month,Fiber,UPI,6,1,0
CUST104357,Female,50,0,68,41,2783.9,Month-to-month,DSL,Cash,1,3,0
CUST104358,Female,75,1,72,142,10296.76,Month-to-month,DSL,UPI,2,2,0
CUST104359,Male,36,0,58,146,8481.1,Two year,Fiber,Cash,1,1,0
CUST104360,Female,26,0,1,196,218.14,Month-to-month,DSL,Bank Transfer,0,2,1
CUST104361,Female,45,0,64,71,4536.19,Month-to-month,Fiber,UPI,1,3,0
CUST104362,Female,52,0,59,98,5782.76,One year,DSL,Bank Transfer,1,5,0
CUST104363,Male,74,1,50,148,7384.16,Month-to-month,Fiber,Cash,1,2,0
CUST104364,Female,56,0,29,85,2489.47,One year,Fiber,UPI,3,1,0
CUST104365,Male,27,0,10,83,774.46,Month-to-month,Fiber,Credit Card,1,2,0
CUST104366,Female,18,0,38,27,1037.69,Month-to-month,None,Credit Card,5,5,0
CUST104367,Male,59,0,71,44,3105.69,Two year,DSL,UPI,4,5,0
CUST104368,Male,38,0,62,113,6980.31,Month-to-month,Fiber,Cash,4,1,0
CUST104369,Male,26,0,63,198,12496.31,Month-to-month,DSL,Credit Card,1,2,0
CUST104370,Male,64,1,60,200,12000.03,Month-to-month,DSL,Bank Transfer,3,2,0
CUST104371,Male,32,0,53,34,1752.34,Two year,DSL,Cash,3,4,0
CUST104372,Female,52,0,72,197,14139.76,One year,Fiber,Cash,4,1,0
CUST104373,Male,74,1,57,141,8047.04,Two year,Fiber,UPI,0,2,0
CUST104374,Female,22,0,55,94,5130.87,Two year,Fiber,Bank Transfer,1,3,0
CUST104375,Female,58,0,33,123,3976.14,One year,Fiber,Cash,1,4,1
CUST104376,Male,75,1,30,57,1751.19,Month-to-month,Fiber,UPI,0,1,0
CUST104377,Female,39,0,51,187,9475.11,Two year,Fiber,Bank Transfer,3,5,0
CUST104378,Female,58,0,0,134,-17.82,Month-to-month,DSL,Cash,1,1,1
CUST104379,Female,40,0,54,58,3086.18,Two year,DSL,Credit Card,3,3,0
CUST104380,Male,24,0,21,127,2619.86,One year,DSL,Bank Transfer,6,3,0
CUST104381,Female,73,1,39,36,1421.01,One year,DSL,Cash,1,5,0
CUST104382,Female,40,0,0,154,-32.78,Month-to-month,DSL,Bank Transfer,1,5,1
CUST104383,Male,61,1,64,137,8756.83,One year,DSL,Credit Card,7,5,0
CUST104384,Male,42,0,62,58,3505.41,Month-to-month,None,Cash,2,4,1
CUST104385,Female,44,0,53,54,2949.49,Month-to-month,Fiber,Credit Card,1,3,1
CUST104386,Female,58,0,41,70,2887.91,Two year,Fiber,UPI,1,5,1
CUST104387,Female,23,0,20,66,1389.82,Month-to-month,None,UPI,3,3,1
CUST104388,Female,72,1,21,55,1218.88,Month-to-month,Fiber,Cash,3,4,0
CUST104389,Female,51,0,37,83,3130.38,One year,DSL,Cash,0,4,0
CUST104390,Male,26,0,7,114,785.62,One year,Fiber,Bank Transfer,0,3,1
CUST104391,Male,66,1,61,124,7566.29,Two year,DSL,Cash,2,5,0
CUST104392,Female,50,0,46,32,1422.18,One year,DSL,UPI,2,1,1
CUST104393,Female,68,1,16,165,2644.4,Month-to-month,DSL,Cash,2,2,0
CUST104394,Female,23,0,16,168,2625.78,Month-to-month,DSL,Bank Transfer,1,3,0
CUST104395,Female,54,0,12,131,1642.63,Month-to-month,Fiber,UPI,3,4,0
CUST104396,Male,48,0,16,84,1388.84,Month-to-month,Fiber,Cash,1,5,0
CUST104397,Male,51,0,37,27,1030.14,One year,DSL,Credit Card,2,2,0
CUST104398,Female,58,0,44,67,2919.93,Month-to-month,DSL,Credit Card,3,3,0
CUST104399,Female,46,0,5,104,578.41,Month-to-month,DSL,Credit Card,0,1,1
CUST104400,Male,75,1,34,62,2028.96,One year,Fiber,Credit Card,2,1,0
CUST104401,Male,31,0,13,200,2594.72,Month-to-month,DSL,Bank Transfer,2,4,0
CUST104402,Male,53,0,71,104,7391.66,Month-to-month,None,Credit Card,0,4,0
CUST104403,Female,53,0,60,174,10521.45,One year,DSL,Credit Card,1,4,0
CUST104404,Female,70,1,14,38,467.2,Month-to-month,None,Cash,1,3,0
CUST104405,Female,32,0,53,42,2293.79,One year,DSL,Credit Card,1,1,0
CUST104406,Male,25,0,26,134,3541.88,One year,Fiber,Credit Card,2,1,1
CUST104407,Female,43,0,12,69,888.57,Two year,DSL,Cash,4,4,0
CUST104408,Male,53,0,30,198,5911.33,Month-to-month,Fiber,UPI,0,4,0
CUST104409,Male,65,1,34,62,2130.48,Month-to-month,DSL,Bank Transfer,3,5,0
CUST104410,Female,38,0,59,118,7007.13,One year,Fiber,Bank Transfer,1,1,0
CUST104411,Male,45,0,5,123,629.71,Month-to-month,DSL,UPI,1,4,1
CUST104412,Male,21,0,68,135,9197.84,Month-to-month,Fiber,Cash,0,4,0
CUST104413,Female,33,0,57,70,4014.3,Month-to-month,DSL,UPI,1,4,1
CUST104414,Female,39,0,48,125,5968.13,One year,DSL,Bank Transfer,1,5,0
CUST104415,Male,29,0,22,131,2849.34,Two year,DSL,Bank Transfer,1,1,0
CUST104416,Female,33,0,33,188,6242.82,Two year,None,UPI,1,1,0
CUST104417,Male,68,1,25,91,2244.91,Two year,DSL,Credit Card,1,1,0
CUST104418,Male,57,0,46,158,7284.59,Month-to-month,DSL,Bank Transfer,2,5,0
CUST104419,Female,55,0,4,99,331.92,One year,DSL,UPI,4,3,1
CUST104420,Male,59,0,19,199,3770.32,Month-to-month,Fiber,Credit Card,6,5,0
CUST104421,Male,54,0,5,170,925.32,Two year,DSL,Credit Card,1,2,0
CUST104422,Male,46,0,69,68,4702.86,Two year,Fiber,Cash,1,5,0
CUST104423,Male,35,0,58,185,10789.61,Two year,Fiber,UPI,2,2,0
CUST104424,Female,27,0,63,66,4242.12,Two year,Fiber,Bank Transfer,1,4,0
CUST104425,Male,59,0,17,91,1592.27,Month-to-month,DSL,Cash,0,2,0
CUST104426,Female,56,0,3,26,99.93,One year,Fiber,Bank Transfer,1,5,0
CUST104427,Male,35,0,16,85,1354.91,Two year,DSL,Credit Card,2,3,0
CUST104428,Female,18,0,13,96,1237.34,One year,DSL,UPI,0,1,0
CUST104429,Female,56,0,12,81,955.95,Two year,DSL,Credit Card,1,5,0
CUST104430,Male,38,0,6,176,1111.07,Two year,Fiber,Credit Card,2,1,0
CUST104431,Male,18,0,43,57,2461.91,One year,DSL,Credit Card,2,2,0
CUST104432,Female,32,0,14,144,2058.89,Month-to-month,DSL,UPI,5,4,0
CUST104433,Male,21,0,18,103,1936.44,Month-to-month,Fiber,Cash,0,4,0
CUST104434,Male,37,0,62,180,11256.66,Month-to-month,DSL,Bank Transfer,2,5,0
CUST104435,Female,27,0,34,48,1666.99,Month-to-month,Fiber,Credit Card,3,2,0
CUST104436,Male,40,0,34,133,4556.77,Month-to-month,Fiber,Bank Transfer,1,2,0
CUST104437,Female,58,0,18,98,1754.0,One year,DSL,Bank Transfer,1,1,0
CUST104438,Female,51,0,19,42,845.09,Month-to-month,DSL,Cash,4,2,0
CUST104439,Male,63,1,34,125,4207.62,Two year,DSL,UPI,1,3,1
CUST104440,Male,65,1,31,150,4655.01,Month-to-month,Fiber,Bank Transfer,3,4,0
CUST104441,Male,50,0,47,120,5589.17,Two year,None,Cash,2,3,0
CUST104442,Female,51,0,43,192,8191.46,Month-to-month,DSL,Bank Transfer,4,3,0
CUST104443,Male,56,0,23,27,637.11,One year,Fiber,Credit Card,3,1,0
CUST104444,Female,27,0,60,105,6251.13,One year,Fiber,Cash,3,2,0
CUST104445,Male,71,1,16,136,2149.19,One year,Fiber,UPI,6,1,0
CUST104446,Female,37,0,70,48,3381.81,Month-to-month,Fiber,UPI,2,4,0
CUST104447,Male,18,0,49,21,1076.87,Month-to-month,DSL,Credit Card,3,1,1
CUST104448,Male,30,0,64,132,8546.66,Month-to-month,DSL,Credit Card,0,3,0
CUST104449,Female,18,0,31,197,6012.6,Month-to-month,Fiber,Bank Transfer,1,1,0
CUST104450,Male,22,0,35,84,2897.01,Month-to-month,Fiber,Cash,3,2,0
CUST104451,Female,33,0,12,127,1429.91,Month-to-month,DSL,Cash,3,1,0
CUST104452,Male,32,0,69,39,2627.6,One year,DSL,Cash,0,2,0
CUST104453,Male,66,1,57,199,11369.23,Two year,DSL,Cash,3,3,0
CUST104454,Male,45,0,13,56,726.55,Two year,Fiber,Bank Transfer,2,2,0
CUST104455,Female,48,0,36,91,3195.9,Month-to-month,Fiber,Cash,5,2,0
CUST104456,Male,40,0,67,46,3098.58,Month-to-month,Fiber,Cash,4,2,0
CUST104457,Male,65,1,39,194,7643.34,One year,DSL,UPI,2,2,0
CUST104458,Male,62,1,58,142,8183.38,Month-to-month,DSL,UPI,1,4,0
CUST104459,Male,60,1,15,153,2316.09,Month-to-month,DSL,Bank Transfer,1,5,0
CUST104460,Female,34,0,61,64,3983.9,One year,Fiber,Credit Card,1,4,0
CUST104461,Male,66,1,3,191,528.87,One year,DSL,UPI,3,1,0
CUST104462,Female,51,0,44,102,4483.83,Two year,DSL,Credit Card,2,4,0
CUST104463,Male,30,0,27,165,4381.47,Two year,DSL,Bank Transfer,0,4,0
CUST104464,Female,31,0,65,139,9102.68,Two year,Fiber,UPI,0,2,0
CUST104465,Female,28,0,30,84,2540.88,Two year,DSL,UPI,2,1,0
CUST104466,Male,45,0,2,44,57.58,Two year,Fiber,Bank Transfer,1,1,0
CUST104467,Female,59,0,7,46,312.71,Month-to-month,Fiber,Cash,3,3,0
CUST104468,Male,49,0,23,154,3588.85,Two year,DSL,Bank Transfer,3,2,1
CUST104469,Male,52,0,14,191,2594.03,Month-to-month,DSL,Credit Card,0,4,0
CUST104470,Female,48,0,42,125,5209.06,One year,Fiber,Credit Card,5,3,0
CUST104471,Female,34,0,30,176,5291.04,Month-to-month,Fiber,Cash,2,3,0
CUST104472,Female,64,1,72,63,4580.61,Month-to-month,Fiber,Bank Transfer,1,4,1
CUST104473,Male,26,0,44,126,5566.81,Month-to-month,DSL,Bank Transfer,2,1,0
CUST104474,Female,27,0,65,55,3502.66,Month-to-month,None,Cash,1,2,0
CUST104475,Female,25,0,7,166,1211.93,Month-to-month,DSL,Bank Transfer,3,2,1
CUST104476,Male,38,0,70,25,1809.02,Month-to-month,None,UPI,3,4,0
CUST104477,Male,30,0,56,172,9682.25,Two year,None,Bank Transfer,0,2,0
CUST104478,Female,67,1,29,178,5163.02,Two year,Fiber,UPI,4,5,1
CUST104479,Male,22,0,17,28,447.53,One year,Fiber,Bank Transfer,1,3,0
CUST104480,Female,23,0,68,184,12584.22,Two year,Fiber,UPI,1,3,1
CUST104481,Male,47,0,38,174,6588.62,One year,DSL,Credit Card,0,5,0
CUST104482,Female,48,0,59,32,1894.76,Two year,Fiber,Cash,5,2,0
CUST104483,Female,34,0,42,60,2566.29,One year,None,Credit Card,2,1,0
CUST104484,Female,28,0,44,147,6531.47,One year,DSL,UPI,0,5,0
CUST104485,Female,37,0,22,85,1833.97,Two year,None,Cash,3,5,1
CUST104486,Female,65,1,68,104,7137.11,Month-to-month,Fiber,Credit Card,3,3,0
CUST104487,Male,26,0,5,43,187.87,Month-to-month,Fiber,Credit Card,3,1,1
CUST104488,Female,19,0,55,63,3505.11,One year,DSL,UPI,2,1,0
CUST104489,Female,54,0,3,125,408.08,Month-to-month,DSL,Bank Transfer,2,2,1
CUST104490,Female,18,0,22,117,2577.5,Month-to-month,None,Bank Transfer,1,1,0
CUST104491,Female,21,0,5,79,326.68,Month-to-month,DSL,UPI,3,2,0
CUST104492,Male,53,0,31,28,817.59,Two year,Fiber,Credit Card,1,4,0
CUST104493,Female,71,1,17,149,2582.67,Two year,Fiber,Bank Transfer,3,5,0
CUST104494,Female,75,1,14,75,1073.08,Month-to-month,DSL,Bank Transfer,0,5,0
CUST104495,Male,42,0,39,177,6930.93,Month-to-month,Fiber,Credit Card,3,2,0
CUST104496,Male,20,0,72,41,2938.06,Month-to-month,DSL,UPI,0,2,1
CUST104497,Female,26,0,5,100,481.21,One year,Fiber,UPI,2,2,0
CUST104498,Female,39,0,62,119,7401.52,Month-to-month,DSL,Bank Transfer,3,5,0
CUST104499,Male,40,0,66,32,2095.68,Month-to-month,Fiber,UPI,1,2,1
CUST104500,Female,29,0,10,90,922.88,Month-to-month,Fiber,Credit Card,0,5,0
CUST104501,Female,27,0,42,35,1411.31,Month-to-month,DSL,UPI,3,5,0
CUST104502,Female,51,0,16,64,1028.35,Month-to-month,Fiber,Cash,3,3,1
CUST104503,Male,60,1,3,84,215.95,One year,Fiber,UPI,2,3,0
CUST104504,Male,27,0,62,158,9807.47,Month-to-month,DSL,UPI,3,4,0
CUST104505,Female,47,0,67,89,5908.49,One year,Fiber,UPI,2,4,0
CUST104506,Male,39,0,40,167,6744.99,Month-to-month,Fiber,Cash,1,1,0
CUST104507,Male,23,0,4,118,390.71,Month-to-month,None,Credit Card,3,2,1
CUST104508,Male,67,1,31,120,3772.66,Month-to-month,DSL,UPI,4,5,0
CUST104509,Female,19,0,69,124,8540.31,One year,Fiber,Bank Transfer,0,1,0
CUST104510,Male,47,0,34,159,5437.15,One year,Fiber,UPI,0,3,0
CUST104511,Male,19,0,21,113,2396.22,Two year,None,Cash,2,5,0
CUST104512,Male,49,0,64,61,3877.98,Month-to-month,DSL,Cash,4,1,0
CUST104513,Female,59,0,21,102,2121.41,Month-to-month,Fiber,Bank Transfer,1,3,0
CUST104514,Male,33,0,10,152,1572.47,Month-to-month,None,Cash,4,4,1
CUST104515,Female,29,0,2,124,256.07,Month-to-month,None,Cash,2,2,1
CUST104516,Male,18,0,8,174,1378.36,Month-to-month,Fiber,Cash,2,2,1
CUST104517,Female,70,1,59,47,2753.04,Month-to-month,DSL,Credit Card,2,1,1
CUST104518,Male,25,0,13,45,573.34,Month-to-month,Fiber,Cash,3,3,0
CUST104519,Male,65,1,17,135,2377.82,One year,DSL,UPI,1,1,0
CUST104520,Female,67,1,72,68,4971.22,One year,Fiber,Bank Transfer,2,3,0
CUST104521,Female,30,0,22,168,3780.82,Month-to-month,Fiber,UPI,9,3,0
CUST104522,Male,32,0,46,20,1002.53,Month-to-month,DSL,UPI,1,2,0
CUST104523,Female,70,1,68,111,7512.84,One year,DSL,Bank Transfer,1,4,0
CUST104524,Male,61,1,46,77,3545.53,Month-to-month,DSL,Credit Card,1,4,1
CUST104525,Female,25,0,29,98,2812.13,One year,DSL,Credit Card,2,5,0
CUST104526,Male,27,0,24,100,2444.75,Two year,Fiber,Cash,1,3,0
CUST104527,Female,63,1,27,45,1207.1,Two year,DSL,Credit Card,2,2,0
CUST104528,Male,22,0,24,172,4106.78,Month-to-month,Fiber,Credit Card,4,3,0
CUST104529,Male,67,1,57,96,5452.37,One year,Fiber,Cash,1,5,0
CUST104530,Female,36,0,40,180,7163.17,One year,Fiber,Credit Card,1,2,1
CUST104531,Female,64,1,24,91,2219.35,Month-to-month,DSL,Credit Card,2,3,0
CUST104532,Male,55,0,47,88,4162.66,One year,Fiber,Cash,2,4,0
CUST104533,Male,28,0,9,25,189.73,Month-to-month,None,UPI,3,4,0
CUST104534,Male,70,1,10,42,465.47,Two year,DSL,UPI,2,5,0
CUST104535,Female,60,1,20,177,3556.47,Month-to-month,DSL,Bank Transfer,1,4,0
CUST104536,Male,37,0,44,73,3164.14,Month-to-month,Fiber,Credit Card,2,3,0
CUST104537,Female,37,0,6,106,583.8,One year,Fiber,Cash,2,5,0
CUST104538,Female,38,0,63,30,1844.03,Month-to-month,DSL,Cash,1,1,0
CUST104539,Female,35,0,63,178,11259.87,Month-to-month,None,Credit Card,4,5,0
CUST104540,Female,74,1,1,153,227.04,Month-to-month,Fiber,Credit Card,3,4,1
CUST104541,Female,67,1,41,30,1091.7,Month-to-month,Fiber,Cash,3,2,0
CUST104542,Female,27,0,53,96,5028.32,One year,DSL,Cash,2,5,0
CUST104543,Female,51,0,15,31,529.88,Month-to-month,DSL,Cash,0,3,0
CUST104544,Female,43,0,17,72,1209.66,Month-to-month,DSL,Bank Transfer,2,5,0
CUST104545,Male,47,0,58,118,6896.61,Month-to-month,DSL,UPI,4,4,1
CUST104546,Male,26,0,15,55,829.05,Month-to-month,None,Cash,1,5,1
CUST104547,Female,63,1,5,164,835.65,One year,Fiber,UPI,2,3,0
CUST104548,Male,68,1,56,47,2686.91,Month-to-month,Fiber,Credit Card,0,3,0
CUST104549,Female,48,0,46,169,7772.65,Two year,None,UPI,2,4,0
CUST104550,Female,59,0,47,121,5644.83,Month-to-month,DSL,UPI,4,3,0
CUST104551,Female,72,1,41,26,1094.71,Month-to-month,DSL,UPI,2,4,0
CUST104552,Female,21,0,59,34,1985.8,One year,None,Credit Card,2,5,0
CUST104553,Female,23,0,3,158,587.88,Month-to-month,Fiber,UPI,1,5,1
CUST104554,Female,31,0,1,43,35.23,Month-to-month,Fiber,UPI,2,1,0
CUST104555,Female,21,0,58,49,2868.42,Month-to-month,Fiber,Bank Transfer,3,4,0
CUST104556,Female,43,0,26,85,2256.22,Month-to-month,Fiber,Credit Card,4,2,1
CUST104557,Female,64,1,26,80,2140.47,Month-to-month,Fiber,UPI,6,4,0
CUST104558,Male,65,1,71,97,6945.82,One year,Fiber,Credit Card,1,5,0
CUST104559,Male,56,0,6,60,418.78,Month-to-month,None,Cash,0,5,0
CUST104560,Male,34,0,62,101,6257.24,Month-to-month,Fiber,UPI,0,3,0
CUST104561,Male,36,0,45,70,3189.74,Two year,Fiber,Credit Card,1,1,0
CUST104562,Female,68,1,62,191,11747.85,Two year,DSL,UPI,0,2,0
CUST104563,Female,66,1,11,114,1286.49,Month-to-month,DSL,UPI,3,1,0
CUST104564,Female,23,0,12,32,418.97,Month-to-month,Fiber,Cash,2,4,0
CUST104565,Male,46,0,42,109,4620.14,Month-to-month,DSL,Bank Transfer,1,4,0
CUST104566,Male,28,0,16,159,2588.45,Month-to-month,None,Credit Card,1,5,0
CUST104567,Male,33,0,62,101,6307.12,Month-to-month,Fiber,UPI,1,3,0
CUST104568,Male,47,0,35,28,963.2,Month-to-month,None,Cash,0,2,0
CUST104569,Male,42,0,7,67,456.8,Month-to-month,DSL,Cash,1,3,0
CUST104570,Female,57,0,68,68,4659.06,Month-to-month,None,Bank Transfer,3,2,0
CUST104571,Female,28,0,35,72,2431.97,Month-to-month,Fiber,Bank Transfer,3,1,1
CUST104572,Female,24,0,27,59,1520.16,Month-to-month,Fiber,Cash,1,5,0
CUST104573,Male,43,0,46,126,5766.81,Month-to-month,DSL,Cash,4,3,1
CUST104574,Female,73,1,29,43,1226.69,Month-to-month,Fiber,Credit Card,3,4,0
CUST104575,Male,39,0,22,127,2809.01,One year,Fiber,Credit Card,0,5,0
CUST104576,Female,42,0,15,52,885.01,Two year,DSL,Cash,2,2,0
CUST104577,Male,36,0,13,42,523.71,Two year,DSL,Cash,3,5,0
CUST104578,Female,48,0,70,96,6743.43,Month-to-month,None,Bank Transfer,4,4,0
CUST104579,Male,43,0,51,73,3642.01,Two year,DSL,Credit Card,2,4,0
CUST104580,Female,59,0,36,72,2570.06,Month-to-month,DSL,Cash,3,2,0
CUST104581,Male,58,0,28,68,1939.57,Month-to-month,DSL,Credit Card,0,5,0
CUST104582,Female,53,0,66,97,6383.26,One year,None,Credit Card,2,3,0
CUST104583,Female,40,0,14,99,1356.02,One year,Fiber,Cash,1,5,0
CUST104584,Female,64,1,46,196,8912.6,Month-to-month,DSL,Cash,3,4,0
CUST104585,Male,30,0,45,121,5407.4,Month-to-month,Fiber,UPI,1,2,1
CUST104586,Male,42,0,51,141,7247.91,Month-to-month,Fiber,Credit Card,4,1,1
CUST104587,Female,19,0,18,122,2174.61,One year,DSL,Credit Card,1,1,0
CUST104588,Female,19,0,20,109,2184.62,Two year,DSL,Bank Transfer,3,5,0
CUST104589,Female,33,0,63,109,6829.88,Month-to-month,DSL,Bank Transfer,5,4,0
CUST104590,Male,26,0,36,179,6429.29,Two year,Fiber,Bank Transfer,1,5,0
CUST104591,Male,45,0,26,140,3699.96,Month-to-month,Fiber,Credit Card,1,2,1
CUST104592,Female,30,0,54,168,9049.91,Two year,Fiber,Cash,0,3,0
CUST104593,Female,52,0,28,165,4583.52,Two year,Fiber,Cash,0,1,0
CUST104594,Male,58,0,19,79,1562.23,Month-to-month,DSL,Cash,0,5,0
CUST104595,Male,30,0,24,141,3382.56,Month-to-month,DSL,Credit Card,2,4,0
CUST104596,Male,48,0,69,160,11025.01,Month-to-month,DSL,Cash,1,1,1
CUST104597,Female,38,0,62,171,10610.95,Two year,DSL,Bank Transfer,1,1,0
CUST104598,Male,49,0,35,49,1768.18,Month-to-month,DSL,Cash,1,3,0
CUST104599,Male,71,1,1,149,155.59,One year,Fiber,Cash,1,5,0
CUST104600,Female,51,0,21,102,2107.38,Month-to-month,DSL,Bank Transfer,6,3,0
CUST104601,Male,25,0,15,130,1956.14,Two year,Fiber,UPI,2,4,0
CUST104602,Male,58,0,17,127,2080.71,Month-to-month,Fiber,UPI,3,4,0
CUST104603,Female,65,1,68,130,8794.31,Month-to-month,DSL,UPI,3,5,0
CUST104604,Male,19,0,53,44,2348.77,Month-to-month,Fiber,Credit Card,3,1,0
CUST104605,Female,55,0,29,69,2002.5,Month-to-month,Fiber,Credit Card,4,2,0
CUST104606,Female,49,0,44,33,1471.84,Month-to-month,Fiber,Bank Transfer,1,3,0
CUST104607,Female,71,1,18,153,2775.52,One year,Fiber,UPI,4,1,0
CUST104608,Female,57,0,33,95,3176.21,Month-to-month,Fiber,Credit Card,2,4,1
CUST104609,Male,75,1,12,103,1241.53,Month-to-month,Fiber,Cash,2,4,0
CUST104610,Female,45,0,42,106,4502.64,Month-to-month,DSL,UPI,3,1,0
CUST104611,Male,54,0,61,177,10819.99,Month-to-month,Fiber,UPI,0,1,1
CUST104612,Male,58,0,21,49,1054.77,Month-to-month,None,Credit Card,0,4,0
CUST104613,Male,18,0,51,185,9393.27,One year,Fiber,UPI,4,3,0
CUST104614,Male,58,0,51,77,3891.2,Month-to-month,DSL,Bank Transfer,2,3,1
CUST104615,Female,27,0,35,113,3928.75,Month-to-month,Fiber,Bank Transfer,6,1,0
CUST104616,Male,72,1,72,60,4415.11,One year,None,Credit Card,1,5,0
CUST104617,Male,21,0,18,113,2102.48,Month-to-month,DSL,UPI,0,4,0
CUST104618,Male,52,0,37,76,2767.76,One year,Fiber,Bank Transfer,3,2,0
CUST104619,Female,27,0,69,183,12625.99,Month-to-month,DSL,UPI,2,4,0
CUST104620,Male,64,1,56,83,4608.09,Month-to-month,DSL,Bank Transfer,5,3,0
CUST104621,Male,28,0,19,117,2184.49,One year,DSL,Bank Transfer,7,3,0
CUST104622,Male,31,0,8,35,330.47,Month-to-month,DSL,UPI,2,2,0
CUST104623,Male,55,0,31,107,3243.58,Month-to-month,DSL,Credit Card,1,3,0
CUST104624,Female,29,0,3,97,314.59,One year,Fiber,Credit Card,3,2,0
CUST104625,Female,62,1,49,109,5337.88,Month-to-month,Fiber,Credit Card,3,3,0
CUST104626,Female,34,0,4,91,413.85,Month-to-month,DSL,UPI,4,2,0
CUST104627,Female,33,0,19,33,636.65,Two year,None,UPI,2,5,0
CUST104628,Female,52,0,36,50,1874.82,One year,DSL,UPI,1,4,0
CUST104629,Male,19,0,21,85,1786.91,Month-to-month,Fiber,Credit Card,4,3,1
CUST104630,Female,28,0,57,131,7514.68,One year,DSL,UPI,4,1,0
CUST104631,Female,58,0,67,87,5839.92,Month-to-month,DSL,Credit Card,2,2,0
CUST104632,Male,20,0,43,74,3185.7,Month-to-month,Fiber,Bank Transfer,2,2,0
CUST104633,Female,46,0,33,142,4746.79,Two year,Fiber,Credit Card,5,2,0
CUST104634,Male,35,0,41,187,7671.01,Month-to-month,Fiber,Credit Card,4,3,0
CUST104635,Female,37,0,8,172,1384.65,Month-to-month,Fiber,Cash,3,4,1
CUST104636,Male,64,1,6,44,229.18,Month-to-month,Fiber,Cash,1,1,0
CUST104637,Male,31,0,67,150,10051.9,Two year,DSL,Credit Card,5,2,1
CUST104638,Female,51,0,18,88,1449.98,Month-to-month,Fiber,Cash,2,2,0
CUST104639,Male,66,1,30,121,3608.22,Month-to-month,Fiber,UPI,0,2,0
CUST104640,Female,71,1,34,137,4674.6,Month-to-month,DSL,Cash,2,2,0
CUST104641,Female,48,0,56,45,2512.7,Month-to-month,DSL,Cash,3,1,0
CUST104642,Female,75,1,60,59,3529.13,Month-to-month,DSL,Cash,4,2,1
CUST104643,Female,57,0,30,57,1738.44,Two year,DSL,Credit Card,3,1,0
CUST104644,Male,59,0,52,185,9698.38,Month-to-month,Fiber,Bank Transfer,1,1,0
CUST104645,Male,75,1,31,26,786.01,Month-to-month,Fiber,Bank Transfer,0,2,0
CUST104646,Male,35,0,65,177,11548.26,Month-to-month,Fiber,Bank Transfer,1,5,1
CUST104647,Male,47,0,58,139,8061.04,One year,None,Bank Transfer,2,1,1
CUST104648,Male,42,0,9,166,1520.23,Month-to-month,DSL,Bank Transfer,1,5,1
CUST104649,Female,36,0,1,54,154.47,Two year,DSL,Bank Transfer,1,1,1
CUST104650,Male,25,0,65,180,11746.53,Two year,Fiber,Credit Card,2,3,0
CUST104651,Male,45,0,59,180,10682.84,Month-to-month,Fiber,UPI,2,2,1
CUST104652,Male,25,0,16,97,1531.77,Two year,Fiber,UPI,3,3,0
CUST104653,Male,48,0,15,57,850.58,Month-to-month,Fiber,Bank Transfer,3,1,0
CUST104654,Male,20,0,15,157,2301.09,Month-to-month,Fiber,Cash,6,3,0
CUST104655,Female,20,0,45,47,2084.64,One year,Fiber,Cash,1,2,0
CUST104656,Male,61,1,38,119,4532.13,One year,Fiber,Credit Card,0,2,0
CUST104657,Female,39,0,30,57,1675.27,One year,Fiber,Bank Transfer,0,1,0
CUST104658,Female,34,0,0,163,11.65,Month-to-month,DSL,Bank Transfer,2,1,1
CUST104659,Male,53,0,10,143,1407.24,Two year,Fiber,Cash,3,5,1
CUST104660,Female,34,0,3,168,511.31,One year,DSL,Bank Transfer,4,4,0
CUST104661,Male,31,0,70,111,7803.56,Month-to-month,None,Bank Transfer,3,3,1
CUST104662,Male,68,1,25,116,2929.65,Two year,DSL,Cash,3,5,0
CUST104663,Male,26,0,49,25,1245.92,Two year,Fiber,UPI,3,3,0
CUST104664,Male,47,0,11,188,2134.28,Month-to-month,None,UPI,3,2,1
CUST104665,Male,38,0,64,146,9251.22,One year,DSL,Credit Card,1,1,0
CUST104666,Male,29,0,46,34,1562.5,Two year,Fiber,Cash,4,3,0
CUST104667,Female,54,0,52,127,6642.89,Two year,DSL,Credit Card,1,4,1
CUST104668,Male,49,0,70,150,10397.44,Month-to-month,DSL,Bank Transfer,0,2,1
CUST104669,Female,28,0,1,62,148.41,One year,None,Cash,6,2,0
CUST104670,Female,37,0,23,66,1502.96,Two year,DSL,UPI,1,5,0
CUST104671,Male,52,0,3,118,320.17,Month-to-month,Fiber,Bank Transfer,4,4,1
CUST104672,Female,70,1,18,33,632.38,One year,DSL,UPI,3,2,0
CUST104673,Female,64,1,25,176,4361.31,Month-to-month,Fiber,UPI,5,4,0
CUST104674,Female,63,1,39,151,5956.49,Month-to-month,Fiber,Credit Card,3,1,0
CUST104675,Female,28,0,49,173,8478.02,Month-to-month,Fiber,Cash,6,4,0
CUST104676,Male,69,1,42,134,5698.91,One year,None,Cash,4,5,0
CUST104677,Male,25,0,66,159,10555.59,Month-to-month,DSL,Cash,3,5,0
CUST104678,Female,21,0,11,21,237.1,Month-to-month,Fiber,Credit Card,1,3,0
CUST104679,Male,44,0,66,164,10789.97,Month-to-month,Fiber,UPI,1,1,0
CUST104680,Male,61,1,26,54,1490.91,Month-to-month,DSL,Credit Card,4,1,0
CUST104681,Female,57,0,53,29,1461.19,Month-to-month,Fiber,Cash,2,4,0
CUST104682,Female,55,0,65,131,8498.05,One year,Fiber,Bank Transfer,2,5,1
CUST104683,Male,64,1,48,190,9163.38,One year,Fiber,Cash,3,5,0
CUST104684,Male,47,0,15,40,526.69,Month-to-month,DSL,Cash,2,5,0
CUST104685,Female,61,1,1,34,-27.06,Month-to-month,DSL,UPI,1,1,0
CUST104686,Male,65,1,59,182,10728.89,One year,DSL,Cash,2,5,0
CUST104687,Female,65,1,53,131,6956.87,Month-to-month,DSL,Cash,3,3,0
CUST104688,Male,44,0,29,145,4110.65,Two year,DSL,UPI,3,2,0
CUST104689,Female,38,0,37,104,3904.62,Month-to-month,Fiber,Cash,2,5,0
CUST104690,Female,69,1,27,104,2800.4,Month-to-month,Fiber,Cash,1,3,0
CUST104691,Female,37,0,24,191,4619.38,Month-to-month,Fiber,UPI,2,3,0
CUST104692,Male,21,0,9,24,178.67,Month-to-month,Fiber,Bank Transfer,3,2,0
CUST104693,Male,28,0,59,136,8004.85,Month-to-month,DSL,UPI,3,1,0
CUST104694,Female,30,0,41,165,6780.13,Month-to-month,DSL,Cash,3,5,0
CUST104695,Female,26,0,39,168,6559.86,Month-to-month,Fiber,Credit Card,4,3,1
CUST104696,Male,21,0,41,91,3764.69,Month-to-month,Fiber,Bank Transfer,2,3,0
CUST104697,Male,29,0,46,93,4314.16,Month-to-month,Fiber,UPI,3,2,0
CUST104698,Female,26,0,36,70,2462.07,Two year,Fiber,Bank Transfer,0,3,0
CUST104699,Male,30,0,21,188,3957.5,One year,DSL,Bank Transfer,2,5,0
CUST104700,Female,65,1,56,43,2399.7,One year,Fiber,Credit Card,2,1,0
CUST104701,Female,43,0,26,171,4465.8,One year,Fiber,Credit Card,3,3,1
CUST104702,Female,55,0,40,57,2264.01,Month-to-month,DSL,Credit Card,1,1,0
CUST104703,Male,59,0,33,63,2081.62,One year,Fiber,Cash,1,3,1
CUST104704,Male,30,0,31,181,5708.39,Month-to-month,DSL,UPI,1,3,1
CUST104705,Female,56,0,65,94,6050.97,Month-to-month,Fiber,Cash,4,5,1
CUST104706,Male,45,0,11,114,1231.52,Month-to-month,Fiber,UPI,2,1,1
CUST104707,Male,75,1,39,42,1521.1,Two year,Fiber,Cash,2,4,0
CUST104708,Female,36,0,72,143,10269.1,One year,Fiber,Cash,3,5,0
CUST104709,Male,41,0,72,105,7504.68,Month-to-month,Fiber,Credit Card,0,1,0
CUST104710,Female,36,0,9,62,655.37,Month-to-month,None,Cash,3,1,0
CUST104711,Female,66,1,47,59,2756.66,Month-to-month,Fiber,Credit Card,2,1,0
CUST104712,Female,30,0,19,66,1233.78,Month-to-month,Fiber,UPI,1,4,0
CUST104713,Female,30,0,38,188,7176.39,Two year,DSL,Credit Card,3,5,0
CUST104714,Male,75,1,59,194,11392.42,Month-to-month,Fiber,Bank Transfer,2,4,0
CUST104715,Male,45,0,65,39,2573.44,Month-to-month,DSL,Bank Transfer,2,3,0
CUST104716,Female,70,1,64,128,8228.75,Month-to-month,DSL,Cash,1,2,0
CUST104717,Male,19,0,50,87,4428.42,Month-to-month,DSL,Bank Transfer,1,4,0
CUST104718,Male,27,0,35,43,1532.37,Month-to-month,Fiber,UPI,1,3,0
CUST104719,Female,39,0,23,55,1173.02,Two year,Fiber,Cash,2,4,1
CUST104720,Female,30,0,26,64,1720.95,Two year,Fiber,Credit Card,1,1,1
CUST104721,Male,75,1,1,149,307.88,Two year,Fiber,Cash,4,2,0
CUST104722,Male,26,0,30,47,1408.56,One year,DSL,Cash,3,2,0
CUST104723,Female,50,0,56,173,9688.05,One year,Fiber,Bank Transfer,0,3,0
CUST104724,Female,31,0,65,42,2705.58,Two year,Fiber,Cash,3,4,0
CUST104725,Female,65,1,28,183,5042.26,Two year,Fiber,UPI,1,4,0
CUST104726,Male,37,0,14,110,1558.35,Two year,Fiber,Cash,2,4,0
CUST104727,Male,32,0,11,153,1655.55,Two year,DSL,Credit Card,1,3,0
CUST104728,Female,49,0,27,182,4930.68,One year,Fiber,Credit Card,4,4,0
CUST104729,Male,50,0,23,122,2824.2,Month-to-month,Fiber,Bank Transfer,0,2,1
CUST104730,Male,34,0,20,57,1234.95,Month-to-month,None,Cash,2,2,0
CUST104731,Male,41,0,9,182,1617.9,One year,DSL,Credit Card,1,5,0
CUST104732,Male,47,0,17,113,1858.89,Month-to-month,Fiber,Cash,1,4,0
CUST104733,Female,30,0,13,72,950.21,Two year,Fiber,Cash,1,4,0
CUST104734,Male,64,1,33,57,1876.1,Two year,DSL,Credit Card,0,2,0
CUST104735,Male,65,1,57,62,3627.57,One year,Fiber,Cash,3,2,0
CUST104736,Female,33,0,21,122,2603.62,Month-to-month,Fiber,Bank Transfer,1,1,0
CUST104737,Female,19,0,69,133,9170.38,Month-to-month,Fiber,Bank Transfer,2,1,0
CUST104738,Female,34,0,35,23,856.06,Month-to-month,DSL,Credit Card,2,5,0
CUST104739,Female,49,0,44,24,1111.76,Month-to-month,DSL,UPI,2,2,0
CUST104740,Female,60,1,35,87,2997.94,One year,DSL,UPI,1,5,0
CUST104741,Male,25,0,21,142,3004.53,Month-to-month,DSL,Cash,1,4,0
CUST104742,Male,69,1,60,192,11630.97,Month-to-month,Fiber,Bank Transfer,3,4,0
CUST104743,Male,20,0,55,99,5370.69,Month-to-month,Fiber,Credit Card,2,2,0
CUST104744,Female,29,0,32,172,5466.41,One year,Fiber,Bank Transfer,4,3,0
CUST104745,Female,37,0,44,30,1309.86,Month-to-month,Fiber,UPI,3,5,0
CUST104746,Male,33,0,35,176,6185.81,Two year,Fiber,UPI,0,3,0
CUST104747,Female,31,0,19,181,3455.31,Month-to-month,Fiber,Cash,1,4,0
CUST104748,Female,33,0,17,161,2747.41,Month-to-month,DSL,Credit Card,3,5,0
CUST104749,Male,70,1,37,139,5133.05,One year,Fiber,Cash,2,4,0
CUST104750,Male,66,1,66,171,11301.65,Two year,DSL,Bank Transfer,1,1,1
CUST104751,Male,60,1,22,186,4162.77,Month-to-month,Fiber,Bank Transfer,5,2,0
CUST104752,Female,66,1,15,45,760.49,One year,Fiber,UPI,1,1,0
CUST104753,Male,68,1,58,190,11074.2,Two year,Fiber,Cash,4,5,1
CUST104754,Female,71,1,68,55,3800.7,One year,Fiber,Bank Transfer,3,1,0
CUST104755,Male,50,0,67,186,12466.37,Month-to-month,Fiber,Bank Transfer,3,5,1
CUST104756,Male,47,0,20,163,3390.85,One year,Fiber,Bank Transfer,2,3,0
CUST104757,Male,29,0,69,141,9656.97,Two year,DSL,Credit Card,4,2,0
CUST104758,Male,32,0,11,78,870.73,One year,DSL,UPI,5,3,0
CUST104759,Male,35,0,15,115,1762.85,Two year,None,Cash,0,4,0
CUST104760,Male,45,0,13,25,328.72,Month-to-month,DSL,Bank Transfer,1,2,0
CUST104761,Female,40,0,60,117,7075.71,Month-to-month,Fiber,Credit Card,1,1,0
CUST104762,Female,31,0,70,75,5242.17,One year,Fiber,Bank Transfer,3,5,0
CUST104763,Female,47,0,45,155,7039.53,Month-to-month,Fiber,Bank Transfer,1,2,0
CUST104764,Female,50,0,31,113,3509.32,Two year,Fiber,UPI,3,4,0
CUST104765,Female,62,1,14,46,624.97,Two year,Fiber,Credit Card,1,3,0
CUST104766,Female,32,0,43,174,7456.72,Two year,Fiber,Bank Transfer,3,4,0
CUST104767,Female,24,0,16,139,2238.49,Two year,Fiber,UPI,3,1,0
CUST104768,Male,32,0,40,193,7690.46,Month-to-month,DSL,Credit Card,2,5,0
CUST104769,Male,69,1,53,188,9821.19,Two year,Fiber,Bank Transfer,1,5,0
CUST104770,Female,59,0,43,44,1798.14,Month-to-month,DSL,Cash,0,1,0
CUST104771,Female,63,1,4,105,395.46,Month-to-month,DSL,UPI,1,5,1
CUST104772,Male,55,0,26,165,4272.88,One year,Fiber,Bank Transfer,1,2,0
CUST104773,Female,63,1,42,31,1364.77,Month-to-month,Fiber,Bank Transfer,5,2,0
CUST104774,Female,73,1,30,106,3197.69,Two year,Fiber,Credit Card,2,1,0
CUST104775,Male,74,1,16,198,3174.82,Month-to-month,DSL,Cash,1,1,0
CUST104776,Male,71,1,53,128,6747.25,Two year,Fiber,UPI,2,4,0
CUST104777,Female,61,1,61,186,11488.93,Month-to-month,DSL,Credit Card,4,5,0
CUST104778,Female,28,0,31,108,3348.88,Two year,None,Bank Transfer,4,3,0
CUST104779,Male,46,0,39,29,1178.17,One year,Fiber,UPI,0,1,0
CUST104780,Male,48,0,12,93,1117.31,One year,DSL,Bank Transfer,0,4,0
CUST104781,Female,42,0,34,96,3293.43,Month-to-month,Fiber,Bank Transfer,2,1,0
CUST104782,Male,69,1,4,73,220.93,One year,None,Cash,2,1,0
CUST104783,Female,71,1,72,176,12691.61,Month-to-month,None,Bank Transfer,2,2,0
CUST104784,Female,41,0,28,121,3393.03,One year,DSL,UPI,0,5,0
CUST104785,Male,74,1,69,188,12977.82,One year,Fiber,Bank Transfer,2,1,0
CUST104786,Male,36,0,24,156,3798.78,Month-to-month,Fiber,UPI,2,5,1
CUST104787,Female,19,0,21,184,3784.75,Month-to-month,Fiber,Cash,2,4,0
CUST104788,Male,39,0,65,161,10441.51,Month-to-month,Fiber,Bank Transfer,1,1,0
CUST104789,Female,37,0,44,120,5176.65,Two year,Fiber,Credit Card,1,3,0
CUST104790,Male,50,0,68,92,6242.86,Month-to-month,Fiber,UPI,3,2,0
CUST104791,Male,25,0,71,91,6515.91,Two year,Fiber,Bank Transfer,1,3,0
CUST104792,Female,42,0,0,186,49.49,One year,Fiber,Credit Card,3,2,0
CUST104793,Female,63,1,43,187,8030.03,Two year,Fiber,UPI,2,1,0
CUST104794,Female,26,0,38,73,2784.42,Month-to-month,Fiber,Credit Card,3,1,0
CUST104795,Female,51,0,53,22,1147.75,Month-to-month,DSL,Bank Transfer,1,5,0
CUST104796,Male,74,1,28,130,3642.25,One year,Fiber,Cash,1,2,0
CUST104797,Female,40,0,53,180,9595.59,One year,Fiber,Cash,2,4,0
CUST104798,Male,22,0,15,115,1810.72,Month-to-month,DSL,Credit Card,1,3,0
CUST104799,Female,72,1,19,90,1745.95,Month-to-month,Fiber,Bank Transfer,1,4,0
CUST104800,Male,42,0,45,38,1706.67,Month-to-month,Fiber,Bank Transfer,3,2,1
CUST104801,Male,25,0,66,53,3585.65,Month-to-month,None,UPI,2,4,0
CUST104802,Male,33,0,64,69,4445.33,One year,Fiber,Bank Transfer,2,2,0
CUST104803,Female,71,1,57,194,11044.66,One year,Fiber,Cash,1,5,0
CUST104804,Male,65,1,52,65,3373.25,Month-to-month,None,Bank Transfer,5,5,0
CUST104805,Female,62,1,0,102,-21.26,Month-to-month,DSL,UPI,1,4,1
CUST104806,Female,69,1,65,70,4587.08,Month-to-month,Fiber,UPI,1,4,0
CUST104807,Male,32,0,28,73,2059.79,One year,None,Bank Transfer,7,2,0
CUST104808,Female,18,0,69,109,7531.81,One year,Fiber,Bank Transfer,0,5,0
CUST104809,Male,39,0,7,100,671.06,Month-to-month,None,UPI,5,4,0
CUST104810,Male,20,0,28,137,3934.95,Month-to-month,Fiber,UPI,0,2,0
CUST104811,Female,55,0,50,175,8743.14,Month-to-month,DSL,Credit Card,1,2,1
CUST104812,Female,71,1,32,38,1273.7,Two year,DSL,Cash,3,4,0
CUST104813,Female,31,0,2,46,41.94,One year,Fiber,Cash,1,3,0
CUST104814,Male,53,0,59,195,11531.88,Month-to-month,DSL,Credit Card,2,1,0
CUST104815,Male,35,0,34,166,5612.79,Month-to-month,Fiber,Credit Card,3,2,0
CUST104816,Female,64,1,68,198,13491.28,Two year,DSL,Cash,1,5,0
CUST104817,Female,58,0,19,26,453.85,One year,None,UPI,2,1,0
CUST104818,Male,35,0,72,176,12613.12,Month-to-month,DSL,Cash,1,2,0
CUST104819,Female,20,0,38,190,7172.13,Month-to-month,Fiber,UPI,4,3,0
CUST104820,Female,27,0,3,88,185.28,One year,Fiber,Cash,4,1,0
CUST104821,Male,66,1,18,113,1997.94,Month-to-month,Fiber,UPI,2,5,1
CUST104822,Female,56,0,44,132,5848.37,Month-to-month,Fiber,Cash,1,1,0
CUST104823,Male,64,1,42,126,5254.12,Two year,None,Credit Card,2,4,1
CUST104824,Male,18,0,12,139,1635.77,Two year,Fiber,Bank Transfer,1,2,0
CUST104825,Female,44,0,12,155,1876.46,Two year,DSL,Bank Transfer,2,4,0
CUST104826,Male,74,1,59,189,11055.62,Month-to-month,Fiber,Bank Transfer,0,3,0
CUST104827,Female,44,0,56,61,3449.96,Month-to-month,Fiber,UPI,5,1,0
CUST104828,Male,28,0,51,32,1628.59,Month-to-month,Fiber,Bank Transfer,0,4,0
CUST104829,Male,66,1,52,173,9017.45,Two year,Fiber,Cash,5,3,0
CUST104830,Female,22,0,42,37,1548.94,One year,Fiber,Bank Transfer,1,4,0
CUST104831,Male,24,0,71,61,4317.17,Two year,DSL,UPI,1,5,1
CUST104832,Female,36,0,71,70,5015.62,Two year,DSL,UPI,2,4,1
CUST104833,Male,74,1,41,132,5410.63,One year,None,UPI,4,2,0
CUST104834,Female,73,1,25,163,4105.6,Month-to-month,Fiber,Cash,0,4,0
CUST104835,Female,46,0,22,120,2690.1,Month-to-month,DSL,UPI,1,4,0
CUST104836,Male,32,0,42,22,864.36,Month-to-month,DSL,Cash,1,4,0
CUST104837,Male,52,0,27,98,2611.19,Month-to-month,DSL,UPI,2,4,0
CUST104838,Female,64,1,8,117,894.51,Month-to-month,Fiber,Credit Card,2,4,1
CUST104839,Male,54,0,19,192,3630.68,One year,DSL,UPI,4,1,0
CUST104840,Female,72,1,55,169,9303.28,Month-to-month,Fiber,Bank Transfer,0,1,1
CUST104841,Female,29,0,38,42,1551.5,One year,DSL,Bank Transfer,1,5,0
CUST104842,Male,47,0,50,78,3859.6,Two year,Fiber,Credit Card,3,1,0
CUST104843,Female,37,0,11,132,1434.35,Month-to-month,DSL,UPI,1,3,0
CUST104844,Female,54,0,54,87,4743.27,Month-to-month,DSL,Bank Transfer,2,2,0
CUST104845,Male,20,0,10,73,704.02,Month-to-month,Fiber,Bank Transfer,2,4,0
CUST104846,Female,26,0,25,76,1904.72,Month-to-month,Fiber,Cash,1,4,0
CUST104847,Female,75,1,41,170,6955.07,One year,Fiber,Cash,3,4,0
CUST104848,Female,58,0,26,130,3374.45,One year,DSL,UPI,1,5,0
CUST104849,Male,56,0,10,79,756.74,One year,Fiber,Credit Card,1,5,0
CUST104850,Male,43,0,37,92,3282.02,Month-to-month,DSL,UPI,1,3,0
CUST104851,Male,19,0,42,74,3075.87,Month-to-month,Fiber,Cash,1,4,0
CUST104852,Male,40,0,18,136,2459.25,One year,DSL,Cash,4,5,1
CUST104853,Female,40,0,63,82,5169.26,Month-to-month,DSL,UPI,1,4,0
CUST104854,Female,38,0,5,74,404.78,Month-to-month,DSL,UPI,3,1,0
CUST104855,Female,33,0,45,44,1906.28,Two year,Fiber,UPI,3,4,0
CUST104856,Female,26,0,41,45,1863.6,Month-to-month,Fiber,UPI,1,3,0
CUST104857,Male,30,0,64,196,12516.45,Two year,Fiber,Credit Card,3,3,1
CUST104858,Female,45,0,71,82,5783.6,Month-to-month,Fiber,Bank Transfer,1,5,0
CUST104859,Female,44,0,58,192,11162.11,Month-to-month,DSL,UPI,4,4,0
CUST104860,Male,68,1,51,92,4731.59,Month-to-month,DSL,Bank Transfer,1,3,1
CUST104861,Male,69,1,46,98,4565.35,Two year,DSL,Cash,1,1,0
CUST104862,Female,34,0,6,186,1143.68,Two year,DSL,Bank Transfer,1,5,0
CUST104863,Female,55,0,10,84,834.79,Month-to-month,DSL,UPI,1,1,0
CUST104864,Female,53,0,60,88,5206.5,Two year,DSL,Bank Transfer,4,3,0
CUST104865,Female,18,0,67,28,1938.08,Month-to-month,Fiber,UPI,4,5,0
CUST104866,Male,35,0,24,175,4211.37,Month-to-month,Fiber,UPI,2,4,0
CUST104867,Male,68,1,11,192,2065.81,Month-to-month,Fiber,Cash,3,2,1
CUST104868,Female,26,0,25,45,1135.7,Month-to-month,Fiber,UPI,0,4,0
CUST104869,Male,30,0,11,47,443.81,Month-to-month,None,Cash,2,4,1
CUST104870,Female,57,0,42,59,2545.6,Month-to-month,Fiber,Credit Card,1,1,0
CUST104871,Female,72,1,50,162,8080.14,Two year,DSL,UPI,6,4,0
CUST104872,Female,62,1,36,153,5452.87,One year,None,Cash,1,2,0
CUST104873,Female,32,0,45,46,2134.48,Two year,Fiber,Cash,2,5,0
CUST104874,Male,60,1,52,57,2897.98,One year,Fiber,UPI,0,5,0
CUST104875,Female,61,1,12,104,1246.68,One year,Fiber,Bank Transfer,1,2,0
CUST104876,Male,63,1,53,83,4405.67,Month-to-month,Fiber,Cash,1,1,0
CUST104877,Female,21,0,56,49,2678.67,One year,Fiber,Credit Card,1,2,1
CUST104878,Male,50,0,3,118,333.84,Two year,Fiber,Bank Transfer,3,5,0
CUST104879,Female,41,0,48,150,7105.49,One year,DSL,Bank Transfer,2,2,0
CUST104880,Male,53,0,6,31,164.41,Month-to-month,Fiber,UPI,3,1,0
CUST104881,Female,68,1,10,110,1006.6,Month-to-month,None,Cash,1,4,1
CUST104882,Female,58,0,53,49,2641.55,Two year,Fiber,Credit Card,0,4,0
CUST104883,Female,27,0,44,57,2476.58,Month-to-month,DSL,Cash,0,5,0
CUST104884,Male,53,0,22,104,2227.6,Two year,Fiber,Credit Card,1,1,0
CUST104885,Male,37,0,27,79,2143.32,Month-to-month,DSL,Cash,0,4,0
CUST104886,Male,58,0,56,57,3104.19,Month-to-month,None,UPI,0,4,0
CUST104887,Female,62,1,25,123,3038.01,One year,Fiber,Credit Card,1,4,1
CUST104888,Female,61,1,24,162,3924.28,Month-to-month,DSL,UPI,4,3,0
CUST104889,Male,28,0,53,165,8674.8,Month-to-month,Fiber,Cash,3,4,0
CUST104890,Female,29,0,28,199,5557.92,Month-to-month,Fiber,Credit Card,4,3,0
CUST104891,Female,35,0,35,48,1638.17,One year,DSL,Credit Card,2,2,0
CUST104892,Male,47,0,13,131,1598.7,Month-to-month,DSL,Cash,3,5,0
CUST104893,Male,61,1,34,40,1301.75,Month-to-month,Fiber,UPI,1,5,0
CUST104894,Female,65,1,29,164,4720.75,Two year,Fiber,Credit Card,1,3,0
CUST104895,Male,54,0,16,165,2651.84,Month-to-month,DSL,Credit Card,2,1,0
CUST104896,Female,37,0,66,138,9176.71,Month-to-month,Fiber,Credit Card,2,3,0
CUST104897,Female,42,0,29,184,5334.84,One year,Fiber,Cash,2,4,0
CUST104898,Female,29,0,44,79,3481.31,Month-to-month,DSL,Bank Transfer,4,1,0
CUST104899,Male,38,0,50,185,9287.65,Month-to-month,DSL,Cash,4,5,0
CUST104900,Female,42,0,46,159,7335.13,Two year,DSL,UPI,4,2,0
CUST104901,Male,28,0,52,132,6830.42,One year,None,Bank Transfer,0,2,0
CUST104902,Male,26,0,63,148,9295.0,Month-to-month,None,Credit Card,2,3,1
CUST104903,Male,67,1,37,77,2877.29,One year,DSL,Credit Card,2,3,0
CUST104904,Female,42,0,63,22,1410.66,Month-to-month,Fiber,Bank Transfer,3,3,0
CUST104905,Male,52,0,6,168,1018.17,Month-to-month,None,Credit Card,2,3,0
CUST104906,Female,69,1,21,42,850.68,Two year,Fiber,Credit Card,3,5,0
CUST104907,Female,49,0,40,156,6321.17,Month-to-month,DSL,Cash,4,4,0
CUST104908,Male,66,1,9,102,877.86,Two year,DSL,Cash,2,5,0
CUST104909,Male,31,0,56,74,4138.54,Month-to-month,Fiber,UPI,1,2,1
CUST104910,Male,18,0,6,129,844.32,Month-to-month,Fiber,Credit Card,1,2,1
CUST104911,Female,34,0,49,135,6621.07,Month-to-month,Fiber,UPI,1,2,0
CUST104912,Female,42,0,51,166,8462.93,Month-to-month,Fiber,UPI,2,4,0
CUST104913,Male,25,0,32,81,2606.61,One year,DSL,Bank Transfer,4,4,1
CUST104914,Female,22,0,0,106,-32.16,One year,DSL,Bank Transfer,3,1,0
CUST104915,Male,22,0,52,186,9667.33,One year,None,Credit Card,3,4,0
CUST104916,Female,58,0,59,119,7057.92,One year,Fiber,Bank Transfer,3,2,0
CUST104917,Female,52,0,33,46,1564.88,One year,Fiber,UPI,5,4,0
CUST104918,Male,36,0,3,193,658.78,Two year,DSL,Cash,1,4,0
CUST104919,Male,40,0,16,53,810.99,Month-to-month,Fiber,Bank Transfer,1,4,0
CUST104920,Female,26,0,3,52,221.89,Two year,Fiber,UPI,3,3,0
CUST104921,Female,71,1,42,111,4692.13,Month-to-month,Fiber,Bank Transfer,4,4,0
CUST104922,Male,47,0,3,115,399.08,One year,None,Credit Card,2,3,1
CUST104923,Female,67,1,0,197,-66.65,Two year,DSL,Bank Transfer,1,2,0
CUST104924,Male,33,0,70,167,11652.4,Month-to-month,Fiber,Cash,6,1,0
CUST104925,Male,50,0,49,187,9174.53,Month-to-month,DSL,Credit Card,1,5,0
CUST104926,Female,19,0,72,114,8243.29,Two year,Fiber,Bank Transfer,3,1,0
CUST104927,Male,31,0,60,178,10658.54,Month-to-month,Fiber,Cash,2,5,0
CUST104928,Male,63,1,34,57,1919.4,Two year,Fiber,UPI,1,2,0
CUST104929,Male,18,0,7,192,1290.9,Month-to-month,DSL,Bank Transfer,2,3,0
CUST104930,Male,43,0,23,60,1354.95,One year,Fiber,Bank Transfer,2,4,0
CUST104931,Male,75,1,35,156,5440.87,Two year,None,UPI,2,3,0
CUST104932,Male,42,0,49,156,7625.18,Month-to-month,Fiber,UPI,0,5,0
CUST104933,Female,33,0,42,98,4070.99,Month-to-month,DSL,Bank Transfer,2,4,0
CUST104934,Male,32,0,26,147,3918.07,Month-to-month,Fiber,Cash,1,5,0
CUST104935,Male,43,0,31,41,1322.04,Month-to-month,DSL,UPI,2,5,0
CUST104936,Male,64,1,17,35,628.27,Month-to-month,DSL,UPI,2,4,0
CUST104937,Female,61,1,27,51,1434.31,Two year,Fiber,Cash,0,1,0
CUST104938,Male,33,0,28,161,4536.93,Two year,DSL,Bank Transfer,1,1,0
CUST104939,Female,31,0,15,57,966.75,One year,Fiber,Credit Card,1,5,0
CUST104940,Male,46,0,46,117,5341.75,Two year,Fiber,Bank Transfer,1,2,0
CUST104941,Male,41,0,58,155,8875.85,One year,DSL,Bank Transfer,1,3,0
CUST104942,Female,64,1,30,40,1155.73,One year,Fiber,Credit Card,1,1,0
CUST104943,Male,72,1,3,75,131.33,One year,DSL,Bank Transfer,3,4,0
CUST104944,Male,32,0,36,65,2278.43,Month-to-month,Fiber,Bank Transfer,2,5,0
CUST104945,Female,36,0,16,62,961.49,Month-to-month,DSL,UPI,2,3,0
CUST104946,Male,25,0,38,139,5274.86,Month-to-month,DSL,Cash,2,3,0
CUST104947,Male,51,0,47,65,3108.42,Two year,DSL,Bank Transfer,1,5,0
CUST104948,Male,19,0,45,67,3098.52,Month-to-month,DSL,Credit Card,1,3,0
CUST104949,Male,44,0,47,103,4855.77,Month-to-month,DSL,Credit Card,0,2,0
CUST104950,Female,27,0,38,50,1839.03,Month-to-month,Fiber,UPI,4,5,0
CUST104951,Male,52,0,3,180,514.64,Two year,Fiber,Bank Transfer,4,3,0
CUST104952,Male,40,0,29,191,5524.32,One year,DSL,Bank Transfer,1,3,0
CUST104953,Male,66,1,29,90,2588.64,Month-to-month,DSL,Bank Transfer,1,1,0
CUST104954,Female,25,0,21,27,499.71,One year,Fiber,Bank Transfer,2,3,0
CUST104955,Female,45,0,65,149,9749.2,Two year,Fiber,Credit Card,1,3,0
CUST104956,Male,40,0,11,164,1726.86,Month-to-month,Fiber,Credit Card,1,1,1
CUST104957,Male,21,0,35,71,2458.46,Month-to-month,None,UPI,2,5,0
CUST104958,Female,31,0,17,64,1094.79,One year,None,Bank Transfer,2,1,0
CUST104959,Male,70,1,52,56,2920.59,Month-to-month,DSL,Credit Card,1,4,0
CUST104960,Male,59,0,70,189,13209.69,Two year,DSL,Bank Transfer,2,4,0
CUST104961,Male,46,0,0,63,15.32,One year,Fiber,Cash,3,2,0
CUST104962,Male,18,0,57,136,7698.79,One year,DSL,Cash,3,3,0
CUST104963,Female,21,0,5,57,279.98,One year,Fiber,Credit Card,7,4,0
CUST104964,Female,49,0,69,118,8077.08,Two year,None,Cash,1,5,1
CUST104965,Female,50,0,43,143,6105.01,Month-to-month,Fiber,Cash,4,5,0
CUST104966,Female,66,1,71,25,1823.78,Month-to-month,DSL,Credit Card,2,4,0
CUST104967,Male,43,0,23,87,1989.46,Month-to-month,Fiber,UPI,2,1,0
CUST104968,Male,34,0,18,198,3554.66,One year,DSL,Cash,0,2,1
CUST104969,Female,56,0,17,120,2015.42,One year,None,Bank Transfer,2,1,0
CUST104970,Female,40,0,29,182,5244.33,One year,DSL,Cash,3,2,0
CUST104971,Male,49,0,41,153,6274.1,One year,Fiber,UPI,1,4,0
CUST104972,Male,69,1,32,32,1135.92,Month-to-month,Fiber,UPI,0,1,0
CUST104973,Male,32,0,11,49,468.29,Month-to-month,DSL,UPI,1,4,0
CUST104974,Male,30,0,26,119,3045.01,Month-to-month,DSL,UPI,0,2,0
CUST104975,Male,19,0,38,21,750.8,One year,DSL,UPI,0,5,0
CUST104976,Female,36,0,8,77,504.72,Two year,Fiber,Cash,0,1,0
CUST104977,Male,41,0,20,55,1093.93,One year,None,Cash,2,4,0
CUST104978,Male,62,1,28,91,2537.03,Month-to-month,DSL,Cash,2,2,0
CUST104979,Female,41,0,32,192,6112.35,Month-to-month,DSL,Cash,0,5,0
CUST104980,Male,28,0,61,156,9548.5,Two year,Fiber,UPI,0,1,0
CUST104981,Male,39,0,14,145,2007.2,Month-to-month,DSL,UPI,3,2,0
CUST104982,Male,32,0,1,96,87.42,Month-to-month,Fiber,Bank Transfer,3,1,0
CUST104983,Female,27,0,51,69,3527.1,Month-to-month,DSL,Cash,2,1,0
CUST104984,Male,58,0,43,51,2174.86,One year,Fiber,UPI,1,3,0
CUST104985,Male,44,0,53,117,6285.91,Month-to-month,DSL,Bank Transfer,3,4,0
CUST104986,Male,26,0,17,62,1034.06,Month-to-month,DSL,Bank Transfer,3,3,0
CUST104987,Male,69,1,2,144,320.52,One year,Fiber,Credit Card,0,1,0
CUST104988,Female,45,0,6,114,680.3,Month-to-month,DSL,Cash,3,2,0
CUST104989,Male,18,0,42,97,4072.65,Month-to-month,Fiber,UPI,2,4,0
CUST104990,Male,34,0,37,73,2744.53,One year,Fiber,Cash,3,2,0
CUST104991,Male,48,0,36,66,2360.44,Two year,DSL,Bank Transfer,1,2,0
CUST104992,Male,61,1,57,33,1878.31,Month-to-month,None,Cash,1,5,0
CUST104993,Female,27,0,32,195,6252.42,Month-to-month,DSL,Credit Card,2,1,0
CUST104994,Female,54,0,58,74,4262.47,Month-to-month,Fiber,Credit Card,4,2,0
CUST104995,Male,46,0,10,176,1784.67,Month-to-month,Fiber,UPI,1,1,1
CUST104996,Male,35,0,67,194,13073.42,Two year,DSL,UPI,0,3,0
CUST104997,Female,64,1,67,82,5451.27,Month-to-month,None,UPI,2,3,0
CUST104998,Female,55,0,21,38,765.94,Month-to-month,None,UPI,2,2,1
CUST104999,Male,56,0,65,110,7097.89,Month-to-month,Fiber,Cash,3,1,0
